transaction_id,timestamp,amount,merchant_category,channel,country,customer_age,customer_tenure_months,is_night,label_fraud
0,2024-01-01 00:00:00,164.7,ecommerce,web,CA,78,33,1,0
1,2024-01-01 01:00:00,107.56,electronics,web,FR,60,62,1,0
2,2024-01-01 02:00:00,178.29,restaurant,mobile,CA,28,202,1,0
3,2024-01-01 03:00:00,257.07,electronics,pos,CA,22,116,1,1
4,2024-01-01 04:00:00,98.93,travel,mobile,CA,75,212,1,0
5,2024-01-01 05:00:00,98.93,electronics,mobile,CA,56,160,1,0
6,2024-01-01 06:00:00,262.13,electronics,mobile,CA,65,221,0,0
7,2024-01-01 07:00:00,189.07,travel,pos,CA,37,129,0,0
8,2024-01-01 08:00:00,77.75,restaurant,pos,CA,36,91,0,0
9,2024-01-01 09:00:00,168.83,travel,pos,CA,77,148,0,0
10,2024-01-01 10:00:00,78.29,ecommerce,mobile,FR,43,55,0,0
11,2024-01-01 11:00:00,78.08,fuel,mobile,CA,42,191,0,0
12,2024-01-01 12:00:00,141.78,grocery,web,CA,32,78,0,0
13,2024-01-01 13:00:00,52.2,travel,mobile,US,38,207,0,0
14,2024-01-01 14:00:00,35.24,travel,web,CA,64,6,0,0
15,2024-01-01 15:00:00,69.39,electronics,pos,CA,52,52,0,0
16,2024-01-01 16:00:00,28.85,ecommerce,mobile,CA,61,2,0,0
17,2024-01-01 17:00:00,148.28,electronics,mobile,CA,23,221,0,0
18,2024-01-01 18:00:00,38.28,restaurant,pos,CA,40,39,0,0
19,2024-01-01 19:00:00,7.11,travel,pos,CA,56,121,0,0
20,2024-01-01 20:00:00,251.91,travel,web,CA,35,32,0,1
21,2024-01-01 21:00:00,99.68,electronics,pos,US,57,116,0,0
22,2024-01-01 22:00:00,126.08,travel,mobile,US,53,179,0,0
23,2024-01-01 23:00:00,8.23,restaurant,web,US,45,197,1,0
24,2024-01-02 00:00:00,71.01,fuel,pos,CA,81,214,1,0
25,2024-01-02 01:00:00,129.98,grocery,pos,CA,75,92,1,1
26,2024-01-02 02:00:00,16.41,grocery,atm,CA,55,32,1,0
27,2024-01-02 03:00:00,153.81,grocery,mobile,CA,61,93,1,0
28,2024-01-02 04:00:00,65.94,fuel,mobile,CA,19,232,1,0
29,2024-01-02 05:00:00,93.75,travel,pos,FR,52,131,1,0
30,2024-01-02 06:00:00,65.85,electronics,mobile,CA,18,62,0,0
31,2024-01-02 07:00:00,286.71,ecommerce,web,CA,63,223,0,0
32,2024-01-02 08:00:00,118.79,travel,mobile,CA,77,13,0,0
33,2024-01-02 09:00:00,24.81,fuel,atm,US,80,70,0,0
34,2024-01-02 10:00:00,194.03,restaurant,pos,CA,62,21,0,0
35,2024-01-02 11:00:00,10.12,fuel,web,CA,74,189,0,0
36,2024-01-02 12:00:00,138.8,grocery,pos,MX,54,14,0,0
37,2024-01-02 13:00:00,56.37,travel,web,CA,24,89,0,0
38,2024-01-02 14:00:00,0.46,grocery,pos,CA,33,71,0,0
39,2024-01-02 15:00:00,137.72,ecommerce,mobile,MX,67,107,0,0
40,2024-01-02 16:00:00,186.46,restaurant,pos,GB,31,150,0,0
41,2024-01-02 17:00:00,135.42,grocery,web,CA,23,128,0,0
42,2024-01-02 18:00:00,109.59,ecommerce,mobile,CA,78,32,0,0
43,2024-01-02 19:00:00,92.9,fuel,atm,CA,38,169,0,0
44,2024-01-02 20:00:00,13.07,grocery,web,CA,27,32,0,0
45,2024-01-02 21:00:00,55.21,grocery,web,CA,49,170,0,0
46,2024-01-02 22:00:00,78.54,electronics,pos,IN,23,180,0,0
47,2024-01-02 23:00:00,215.14,restaurant,pos,CA,19,222,1,1
48,2024-01-03 00:00:00,150.93,restaurant,web,CA,56,81,1,0
49,2024-01-03 01:00:00,38.67,fuel,pos,CA,66,232,1,1
50,2024-01-03 02:00:00,149.17,electronics,pos,CA,44,182,1,0
51,2024-01-03 03:00:00,85.34,ecommerce,pos,CA,73,102,1,0
52,2024-01-03 04:00:00,59.08,ecommerce,web,CA,31,190,1,0
53,2024-01-03 05:00:00,175.05,fuel,web,US,40,85,1,0
54,2024-01-03 06:00:00,212.79,restaurant,pos,CA,68,218,0,0
55,2024-01-03 07:00:00,203.82,ecommerce,pos,CA,42,43,0,0
56,2024-01-03 08:00:00,44.47,fuel,web,CA,70,131,0,0
57,2024-01-03 09:00:00,92.17,ecommerce,mobile,CA,28,166,0,0
58,2024-01-03 10:00:00,149.81,travel,web,CA,52,209,0,0
59,2024-01-03 11:00:00,207.8,grocery,mobile,MX,72,167,0,0
60,2024-01-03 12:00:00,76.87,restaurant,pos,FR,75,198,0,0
61,2024-01-03 13:00:00,103.29,travel,pos,CA,54,213,0,1
62,2024-01-03 14:00:00,20.43,fuel,pos,US,26,45,0,0
63,2024-01-03 15:00:00,12.34,fuel,web,CA,45,46,0,0
64,2024-01-03 16:00:00,193.13,travel,mobile,CA,72,115,0,0
65,2024-01-03 17:00:00,242.06,grocery,pos,CA,63,104,0,0
66,2024-01-03 18:00:00,113.52,grocery,web,CA,44,13,0,0
67,2024-01-03 19:00:00,210.32,electronics,web,CA,27,52,0,0
68,2024-01-03 20:00:00,152.55,ecommerce,atm,CA,40,9,0,0
69,2024-01-03 21:00:00,61.94,electronics,mobile,CA,38,185,0,0
70,2024-01-03 22:00:00,152.53,grocery,mobile,CA,62,69,0,0
71,2024-01-03 23:00:00,258.42,travel,web,CA,20,43,1,0
72,2024-01-04 00:00:00,116.78,ecommerce,atm,CA,76,7,1,0
73,2024-01-04 01:00:00,260.82,travel,atm,CA,60,230,1,0
74,2024-01-04 02:00:00,115.78,electronics,web,CA,24,44,1,0
75,2024-01-04 03:00:00,193.97,fuel,web,CA,44,172,1,0
76,2024-01-04 04:00:00,127.83,travel,web,CA,79,102,1,0
77,2024-01-04 05:00:00,93.09,electronics,web,GB,59,223,1,0
78,2024-01-04 06:00:00,128.26,electronics,web,CA,21,68,0,0
79,2024-01-04 07:00:00,58.88,electronics,pos,MX,79,122,0,0
80,2024-01-04 08:00:00,100.23,fuel,mobile,CA,25,77,0,0
81,2024-01-04 09:00:00,152.14,fuel,web,FR,34,44,0,0
82,2024-01-04 10:00:00,253.01,fuel,mobile,CA,22,207,0,0
83,2024-01-04 11:00:00,73.36,ecommerce,web,CA,80,40,0,0
84,2024-01-04 12:00:00,47.24,fuel,mobile,CA,26,205,0,0
85,2024-01-04 13:00:00,74.84,fuel,pos,CA,25,171,0,0
86,2024-01-04 14:00:00,202.39,fuel,web,CA,24,235,0,0
87,2024-01-04 15:00:00,149.59,travel,web,CA,54,62,0,0
88,2024-01-04 16:00:00,72.32,fuel,pos,CA,72,171,0,0
89,2024-01-04 17:00:00,166.19,ecommerce,mobile,CA,84,218,0,0
90,2024-01-04 18:00:00,128.74,electronics,pos,FR,25,147,0,0
91,2024-01-04 19:00:00,207.18,travel,web,FR,22,49,0,0
92,2024-01-04 20:00:00,56.82,grocery,pos,CA,34,193,0,0
93,2024-01-04 21:00:00,90.51,fuel,mobile,CA,75,77,0,0
94,2024-01-04 22:00:00,84.71,electronics,pos,CA,80,153,0,0
95,2024-01-04 23:00:00,11.72,electronics,web,US,44,212,1,0
96,2024-01-05 00:00:00,146.65,travel,pos,US,45,41,1,0
97,2024-01-05 01:00:00,143.49,grocery,web,FR,75,23,1,0
98,2024-01-05 02:00:00,120.46,restaurant,mobile,CA,67,186,1,0
99,2024-01-05 03:00:00,98.89,ecommerce,pos,MX,84,216,1,0
100,2024-01-05 04:00:00,7.38,restaurant,mobile,US,48,43,1,0
101,2024-01-05 05:00:00,82.14,electronics,pos,CA,29,105,1,0
102,2024-01-05 06:00:00,89.16,restaurant,web,US,72,113,0,0
103,2024-01-05 07:00:00,47.8,electronics,web,CA,21,231,0,0
104,2024-01-05 08:00:00,105.48,restaurant,web,CA,59,168,0,0
105,2024-01-05 09:00:00,156.36,electronics,web,FR,71,158,0,0
106,2024-01-05 10:00:00,289.76,electronics,web,CA,39,162,0,0
107,2024-01-05 11:00:00,135.71,travel,pos,CA,18,110,0,0
108,2024-01-05 12:00:00,143.18,grocery,web,CA,65,138,0,0
109,2024-01-05 13:00:00,113.3,electronics,pos,US,60,105,0,0
110,2024-01-05 14:00:00,52.69,ecommerce,mobile,CA,37,60,0,0
111,2024-01-05 15:00:00,117.61,ecommerce,mobile,GB,35,129,0,0
112,2024-01-05 16:00:00,125.42,fuel,pos,CA,66,140,0,0
113,2024-01-05 17:00:00,341.69,electronics,pos,CA,34,174,0,0
114,2024-01-05 18:00:00,102.69,electronics,pos,CA,70,93,0,0
115,2024-01-05 19:00:00,147.14,electronics,atm,US,39,75,0,0
116,2024-01-05 20:00:00,116.88,restaurant,mobile,CA,27,233,0,0
117,2024-01-05 21:00:00,14.82,electronics,pos,CA,41,145,0,0
118,2024-01-05 22:00:00,222.85,electronics,web,CA,29,212,0,0
119,2024-01-05 23:00:00,187.67,ecommerce,pos,GB,21,58,1,0
120,2024-01-06 00:00:00,191.19,grocery,web,CA,59,38,1,0
121,2024-01-06 01:00:00,38.16,grocery,mobile,GB,22,6,1,0
122,2024-01-06 02:00:00,246.25,fuel,web,CA,43,190,1,0
123,2024-01-06 03:00:00,6.17,ecommerce,mobile,CA,76,212,1,0
124,2024-01-06 04:00:00,172.82,electronics,web,CA,79,202,1,0
125,2024-01-06 05:00:00,317.14,grocery,pos,GB,22,138,1,0
126,2024-01-06 06:00:00,30.85,travel,web,US,43,223,0,0
127,2024-01-06 07:00:00,69.03,travel,web,CA,23,26,0,0
128,2024-01-06 08:00:00,128.97,travel,mobile,FR,41,58,0,1
129,2024-01-06 09:00:00,74.69,electronics,pos,CA,70,17,0,0
130,2024-01-06 10:00:00,19.56,electronics,web,CA,24,53,0,0
131,2024-01-06 11:00:00,126.17,fuel,mobile,CA,27,206,0,1
132,2024-01-06 12:00:00,24.39,fuel,web,CA,56,5,0,0
133,2024-01-06 13:00:00,162.62,fuel,pos,CA,45,67,0,0
134,2024-01-06 14:00:00,37.25,restaurant,atm,CA,59,107,0,0
135,2024-01-06 15:00:00,259.49,travel,pos,CA,79,148,0,0
136,2024-01-06 16:00:00,49.51,electronics,pos,CA,69,179,0,0
137,2024-01-06 17:00:00,91.01,travel,mobile,CA,39,174,0,0
138,2024-01-06 18:00:00,193.22,fuel,pos,CA,74,207,0,0
139,2024-01-06 19:00:00,9.22,electronics,pos,CA,28,67,0,0
140,2024-01-06 20:00:00,140.47,ecommerce,web,US,31,131,0,0
141,2024-01-06 21:00:00,237.64,grocery,pos,CA,48,151,0,0
142,2024-01-06 22:00:00,24.67,grocery,atm,US,21,137,0,0
143,2024-01-06 23:00:00,136.62,fuel,web,US,39,139,1,0
144,2024-01-07 00:00:00,143.39,travel,web,CA,81,175,1,0
145,2024-01-07 01:00:00,190.36,ecommerce,pos,CA,78,177,1,0
146,2024-01-07 02:00:00,8.67,electronics,pos,CA,23,172,1,0
147,2024-01-07 03:00:00,1.16,travel,web,CA,23,113,1,1
148,2024-01-07 04:00:00,166.97,fuel,web,CA,83,233,1,0
149,2024-01-07 05:00:00,146.73,travel,mobile,CA,53,141,1,0
150,2024-01-07 06:00:00,142.54,fuel,pos,CA,32,136,0,0
151,2024-01-07 07:00:00,151.18,restaurant,mobile,CA,57,191,0,0
152,2024-01-07 08:00:00,58.8,grocery,pos,US,58,22,0,0
153,2024-01-07 09:00:00,140.9,grocery,web,CA,24,38,0,0
154,2024-01-07 10:00:00,146.38,travel,web,IN,39,27,0,1
155,2024-01-07 11:00:00,55.71,ecommerce,pos,CA,28,26,0,0
156,2024-01-07 12:00:00,287.92,electronics,web,CA,19,23,0,0
157,2024-01-07 13:00:00,162.64,fuel,pos,CA,47,120,0,0
158,2024-01-07 14:00:00,12.78,electronics,web,CA,70,103,0,0
159,2024-01-07 15:00:00,179.09,grocery,mobile,GB,38,223,0,0
160,2024-01-07 16:00:00,32.28,ecommerce,pos,CA,42,221,0,0
161,2024-01-07 17:00:00,190.84,ecommerce,mobile,CA,22,65,0,1
162,2024-01-07 18:00:00,224.27,electronics,web,CA,83,74,0,0
163,2024-01-07 19:00:00,46.14,grocery,mobile,CA,66,47,0,0
164,2024-01-07 20:00:00,206.7,electronics,pos,FR,25,61,0,0
165,2024-01-07 21:00:00,157.15,travel,mobile,CA,44,174,0,0
166,2024-01-07 22:00:00,193.99,ecommerce,pos,CA,19,132,0,0
167,2024-01-07 23:00:00,290.71,ecommerce,web,CA,45,159,1,0
168,2024-01-08 00:00:00,97.92,travel,mobile,CA,28,4,1,0
169,2024-01-08 01:00:00,52.16,grocery,pos,CA,63,29,1,0
170,2024-01-08 02:00:00,39.94,ecommerce,pos,IN,38,73,1,0
171,2024-01-08 03:00:00,46.58,restaurant,mobile,CA,59,79,1,0
172,2024-01-08 04:00:00,113.06,restaurant,web,FR,49,44,1,0
173,2024-01-08 05:00:00,150.7,restaurant,web,IN,49,233,1,0
174,2024-01-08 06:00:00,144.9,fuel,pos,CA,39,3,0,0
175,2024-01-08 07:00:00,194.45,fuel,mobile,CA,38,187,0,0
176,2024-01-08 08:00:00,121.17,grocery,pos,CA,39,79,0,0
177,2024-01-08 09:00:00,250.82,travel,mobile,CA,51,121,0,0
178,2024-01-08 10:00:00,96.18,electronics,mobile,CA,27,181,0,0
179,2024-01-08 11:00:00,364.82,grocery,mobile,CA,82,139,0,0
180,2024-01-08 12:00:00,176.31,electronics,pos,CA,82,134,0,0
181,2024-01-08 13:00:00,42.86,grocery,mobile,CA,84,47,0,0
182,2024-01-08 14:00:00,23.62,fuel,web,CA,60,7,0,0
183,2024-01-08 15:00:00,163.42,restaurant,mobile,CA,58,115,0,0
184,2024-01-08 16:00:00,99.89,travel,pos,CA,30,110,0,0
185,2024-01-08 17:00:00,184.26,fuel,mobile,CA,21,68,0,0
186,2024-01-08 18:00:00,162.59,travel,web,CA,40,213,0,0
187,2024-01-08 19:00:00,113.45,electronics,pos,US,51,1,0,0
188,2024-01-08 20:00:00,43.79,grocery,web,CA,58,184,0,0
189,2024-01-08 21:00:00,16.34,ecommerce,pos,MX,35,215,0,0
190,2024-01-08 22:00:00,79.81,ecommerce,pos,CA,50,77,0,0
191,2024-01-08 23:00:00,197.08,travel,pos,CA,42,43,1,0
192,2024-01-09 00:00:00,139.27,restaurant,web,CA,69,156,1,0
193,2024-01-09 01:00:00,7.88,restaurant,web,CA,34,157,1,0
194,2024-01-09 02:00:00,135.59,travel,web,CA,68,18,1,0
195,2024-01-09 03:00:00,154.68,fuel,pos,US,20,87,1,0
196,2024-01-09 04:00:00,40.45,ecommerce,mobile,GB,72,220,1,0
197,2024-01-09 05:00:00,133.84,fuel,mobile,FR,73,73,1,0
198,2024-01-09 06:00:00,125.24,electronics,pos,CA,52,190,0,0
199,2024-01-09 07:00:00,17.13,ecommerce,pos,CA,76,107,0,0
200,2024-01-09 08:00:00,152.2,electronics,web,CA,76,6,0,0
201,2024-01-09 09:00:00,170.47,grocery,mobile,CA,30,144,0,0
202,2024-01-09 10:00:00,217.47,fuel,mobile,US,79,229,0,0
203,2024-01-09 11:00:00,214.84,travel,web,CA,64,129,0,0
204,2024-01-09 12:00:00,3.99,ecommerce,pos,GB,20,22,0,0
205,2024-01-09 13:00:00,35.6,fuel,mobile,CA,38,46,0,0
206,2024-01-09 14:00:00,166.35,travel,web,CA,82,190,0,0
207,2024-01-09 15:00:00,166.24,grocery,pos,FR,35,151,0,0
208,2024-01-09 16:00:00,166.35,ecommerce,pos,FR,30,149,0,0
209,2024-01-09 17:00:00,466.75,electronics,web,CA,62,51,0,0
210,2024-01-09 18:00:00,171.38,grocery,web,CA,79,128,0,0
211,2024-01-09 19:00:00,222.2,restaurant,mobile,CA,47,95,0,0
212,2024-01-09 20:00:00,205.86,travel,atm,CA,31,38,0,1
213,2024-01-09 21:00:00,178.63,ecommerce,pos,CA,70,156,0,0
214,2024-01-09 22:00:00,91.63,ecommerce,atm,CA,27,44,0,0
215,2024-01-09 23:00:00,188.31,grocery,mobile,CA,48,91,1,1
216,2024-01-10 00:00:00,50.45,ecommerce,web,CA,23,167,1,0
217,2024-01-10 01:00:00,98.69,travel,mobile,CA,36,170,1,0
218,2024-01-10 02:00:00,76.32,grocery,mobile,CA,29,42,1,0
219,2024-01-10 03:00:00,127.37,electronics,pos,GB,81,60,1,0
220,2024-01-10 04:00:00,328.32,grocery,mobile,CA,72,126,1,0
221,2024-01-10 05:00:00,48.05,grocery,mobile,US,84,57,1,0
222,2024-01-10 06:00:00,181.76,electronics,mobile,CA,26,77,0,0
223,2024-01-10 07:00:00,25.14,restaurant,mobile,CA,23,96,0,0
224,2024-01-10 08:00:00,77.53,travel,web,FR,18,7,0,0
225,2024-01-10 09:00:00,218.01,restaurant,mobile,CA,59,51,0,0
226,2024-01-10 10:00:00,125.79,restaurant,mobile,CA,72,225,0,0
227,2024-01-10 11:00:00,23.0,restaurant,web,CA,66,111,0,0
228,2024-01-10 12:00:00,55.62,fuel,pos,CA,47,238,0,0
229,2024-01-10 13:00:00,181.16,restaurant,mobile,CA,52,205,0,0
230,2024-01-10 14:00:00,54.27,fuel,pos,CA,80,32,0,0
231,2024-01-10 15:00:00,139.48,electronics,mobile,CA,39,7,0,0
232,2024-01-10 16:00:00,124.1,travel,mobile,CA,60,76,0,0
233,2024-01-10 17:00:00,61.36,restaurant,pos,CA,45,168,0,0
234,2024-01-10 18:00:00,312.95,ecommerce,pos,CA,35,143,0,0
235,2024-01-10 19:00:00,177.05,electronics,pos,CA,49,59,0,0
236,2024-01-10 20:00:00,62.26,fuel,web,CA,71,113,0,0
237,2024-01-10 21:00:00,136.78,travel,mobile,CA,51,85,0,1
238,2024-01-10 22:00:00,60.44,grocery,web,CA,48,140,0,0
239,2024-01-10 23:00:00,196.72,travel,pos,US,21,77,1,1
240,2024-01-11 00:00:00,48.67,travel,web,CA,31,232,1,0
241,2024-01-11 01:00:00,109.67,restaurant,mobile,US,32,170,1,0
242,2024-01-11 02:00:00,165.45,restaurant,pos,US,77,39,1,0
243,2024-01-11 03:00:00,197.92,fuel,mobile,US,37,63,1,0
244,2024-01-11 04:00:00,11.97,fuel,pos,CA,37,130,1,0
245,2024-01-11 05:00:00,89.89,restaurant,mobile,CA,66,29,1,0
246,2024-01-11 06:00:00,77.25,restaurant,pos,US,35,61,0,0
247,2024-01-11 07:00:00,61.2,ecommerce,pos,CA,41,29,0,0
248,2024-01-11 08:00:00,278.89,ecommerce,mobile,CA,44,228,0,0
249,2024-01-11 09:00:00,156.45,electronics,web,CA,50,38,0,0
250,2024-01-11 10:00:00,6.52,restaurant,pos,CA,81,7,0,0
251,2024-01-11 11:00:00,202.61,grocery,mobile,CA,42,30,0,0
252,2024-01-11 12:00:00,310.99,ecommerce,mobile,CA,35,215,0,0
253,2024-01-11 13:00:00,212.92,fuel,pos,CA,62,115,0,0
254,2024-01-11 14:00:00,16.74,travel,web,FR,37,220,0,0
255,2024-01-11 15:00:00,76.42,electronics,mobile,FR,52,184,0,0
256,2024-01-11 16:00:00,234.02,ecommerce,mobile,US,23,215,0,1
257,2024-01-11 17:00:00,56.31,travel,pos,IN,26,164,0,0
258,2024-01-11 18:00:00,159.94,travel,web,IN,69,170,0,0
259,2024-01-11 19:00:00,189.72,ecommerce,web,MX,45,221,0,0
260,2024-01-11 20:00:00,36.58,grocery,mobile,CA,36,4,0,0
261,2024-01-11 21:00:00,114.64,grocery,pos,CA,80,212,0,0
262,2024-01-11 22:00:00,171.71,electronics,mobile,CA,24,5,0,0
263,2024-01-11 23:00:00,27.81,grocery,pos,CA,54,46,1,0
264,2024-01-12 00:00:00,97.27,electronics,mobile,US,53,75,1,1
265,2024-01-12 01:00:00,7.7,fuel,atm,CA,34,130,1,0
266,2024-01-12 02:00:00,266.92,ecommerce,pos,CA,54,105,1,0
267,2024-01-12 03:00:00,8.71,travel,pos,CA,77,54,1,0
268,2024-01-12 04:00:00,80.4,electronics,web,CA,66,108,1,0
269,2024-01-12 05:00:00,131.77,grocery,mobile,CA,73,216,1,1
270,2024-01-12 06:00:00,249.71,electronics,pos,CA,51,59,0,0
271,2024-01-12 07:00:00,9.23,restaurant,mobile,CA,47,33,0,0
272,2024-01-12 08:00:00,224.68,electronics,mobile,CA,44,22,0,0
273,2024-01-12 09:00:00,120.92,grocery,mobile,CA,68,47,0,0
274,2024-01-12 10:00:00,31.66,restaurant,mobile,US,26,134,0,0
275,2024-01-12 11:00:00,161.59,restaurant,pos,CA,37,24,0,0
276,2024-01-12 12:00:00,137.92,grocery,mobile,CA,64,221,0,0
277,2024-01-12 13:00:00,65.98,restaurant,pos,CA,36,177,0,0
278,2024-01-12 14:00:00,126.28,ecommerce,pos,US,29,224,0,0
279,2024-01-12 15:00:00,85.32,travel,pos,CA,22,117,0,0
280,2024-01-12 16:00:00,130.22,ecommerce,mobile,CA,42,239,0,0
281,2024-01-12 17:00:00,179.59,ecommerce,mobile,CA,48,222,0,0
282,2024-01-12 18:00:00,262.74,grocery,pos,US,63,238,0,0
283,2024-01-12 19:00:00,8.6,grocery,mobile,CA,51,126,0,0
284,2024-01-12 20:00:00,311.97,travel,mobile,CA,58,51,0,0
285,2024-01-12 21:00:00,55.69,electronics,web,CA,55,118,0,0
286,2024-01-12 22:00:00,106.34,ecommerce,mobile,CA,63,41,0,0
287,2024-01-12 23:00:00,172.95,restaurant,pos,CA,44,67,1,0
288,2024-01-13 00:00:00,145.29,travel,pos,CA,60,89,1,0
289,2024-01-13 01:00:00,63.96,ecommerce,mobile,CA,62,92,1,0
290,2024-01-13 02:00:00,101.27,electronics,web,MX,35,121,1,1
291,2024-01-13 03:00:00,75.63,restaurant,pos,CA,49,207,1,0
292,2024-01-13 04:00:00,66.96,ecommerce,mobile,CA,19,81,1,0
293,2024-01-13 05:00:00,196.46,fuel,mobile,CA,58,130,1,0
294,2024-01-13 06:00:00,152.13,travel,web,CA,37,91,0,0
295,2024-01-13 07:00:00,57.64,grocery,pos,CA,75,100,0,0
296,2024-01-13 08:00:00,200.96,ecommerce,web,CA,55,78,0,1
297,2024-01-13 09:00:00,147.66,restaurant,mobile,CA,18,43,0,0
298,2024-01-13 10:00:00,193.16,restaurant,pos,CA,71,123,0,0
299,2024-01-13 11:00:00,176.67,travel,pos,CA,31,32,0,0
300,2024-01-13 12:00:00,45.39,travel,web,IN,42,140,0,0
301,2024-01-13 13:00:00,69.58,restaurant,web,CA,26,23,0,1
302,2024-01-13 14:00:00,187.26,restaurant,pos,CA,78,144,0,0
303,2024-01-13 15:00:00,174.93,restaurant,pos,CA,69,172,0,0
304,2024-01-13 16:00:00,118.12,ecommerce,pos,CA,25,2,0,0
305,2024-01-13 17:00:00,130.56,restaurant,pos,CA,33,7,0,0
306,2024-01-13 18:00:00,234.99,grocery,pos,CA,25,21,0,0
307,2024-01-13 19:00:00,66.76,restaurant,web,CA,40,186,0,0
308,2024-01-13 20:00:00,169.24,grocery,web,CA,51,95,0,0
309,2024-01-13 21:00:00,101.8,ecommerce,web,CA,35,151,0,0
310,2024-01-13 22:00:00,100.41,travel,web,CA,61,126,0,0
311,2024-01-13 23:00:00,218.89,grocery,pos,CA,32,188,1,0
312,2024-01-14 00:00:00,194.29,ecommerce,web,CA,32,121,1,0
313,2024-01-14 01:00:00,193.22,restaurant,pos,CA,40,25,1,0
314,2024-01-14 02:00:00,237.49,ecommerce,pos,CA,82,35,1,1
315,2024-01-14 03:00:00,121.89,restaurant,pos,CA,49,227,1,0
316,2024-01-14 04:00:00,181.38,ecommerce,atm,CA,49,173,1,1
317,2024-01-14 05:00:00,92.08,travel,pos,CA,50,135,1,0
318,2024-01-14 06:00:00,149.17,grocery,mobile,CA,60,197,0,0
319,2024-01-14 07:00:00,108.29,travel,pos,US,30,32,0,0
320,2024-01-14 08:00:00,128.73,fuel,web,US,26,53,0,0
321,2024-01-14 09:00:00,173.56,restaurant,mobile,CA,79,69,0,0
322,2024-01-14 10:00:00,46.36,grocery,pos,CA,74,25,0,0
323,2024-01-14 11:00:00,308.31,travel,pos,US,65,95,0,0
324,2024-01-14 12:00:00,29.46,grocery,atm,CA,60,212,0,0
325,2024-01-14 13:00:00,10.72,fuel,web,CA,84,86,0,0
326,2024-01-14 14:00:00,224.23,electronics,pos,US,49,102,0,0
327,2024-01-14 15:00:00,191.25,restaurant,pos,CA,77,77,0,0
328,2024-01-14 16:00:00,176.17,restaurant,mobile,CA,18,231,0,0
329,2024-01-14 17:00:00,176.55,ecommerce,mobile,CA,74,130,0,0
330,2024-01-14 18:00:00,118.9,restaurant,web,CA,78,86,0,0
331,2024-01-14 19:00:00,39.25,restaurant,pos,CA,25,61,0,0
332,2024-01-14 20:00:00,126.82,travel,mobile,CA,24,137,0,0
333,2024-01-14 21:00:00,59.06,restaurant,pos,CA,54,51,0,0
334,2024-01-14 22:00:00,207.76,restaurant,web,CA,59,2,0,0
335,2024-01-14 23:00:00,106.76,fuel,mobile,CA,49,173,1,0
336,2024-01-15 00:00:00,45.71,fuel,pos,CA,34,32,1,0
337,2024-01-15 01:00:00,91.08,grocery,web,CA,45,200,1,0
338,2024-01-15 02:00:00,157.16,grocery,mobile,CA,65,80,1,0
339,2024-01-15 03:00:00,69.26,restaurant,mobile,CA,71,97,1,0
340,2024-01-15 04:00:00,46.0,restaurant,pos,CA,59,75,1,0
341,2024-01-15 05:00:00,141.93,ecommerce,pos,CA,53,160,1,0
342,2024-01-15 06:00:00,142.05,grocery,pos,CA,83,8,0,0
343,2024-01-15 07:00:00,74.38,travel,pos,CA,48,224,0,0
344,2024-01-15 08:00:00,77.61,restaurant,web,CA,82,85,0,0
345,2024-01-15 09:00:00,140.88,travel,web,CA,20,217,0,0
346,2024-01-15 10:00:00,10.33,restaurant,pos,CA,30,121,0,0
347,2024-01-15 11:00:00,6.67,travel,pos,CA,48,20,0,0
348,2024-01-15 12:00:00,55.34,electronics,pos,CA,46,193,0,0
349,2024-01-15 13:00:00,100.79,travel,web,CA,74,149,0,0
350,2024-01-15 14:00:00,147.98,grocery,web,US,50,7,0,0
351,2024-01-15 15:00:00,252.78,restaurant,web,CA,70,121,0,0
352,2024-01-15 16:00:00,197.19,grocery,mobile,IN,27,122,0,0
353,2024-01-15 17:00:00,105.61,travel,mobile,GB,80,217,0,0
354,2024-01-15 18:00:00,118.29,fuel,web,CA,82,137,0,0
355,2024-01-15 19:00:00,29.77,fuel,pos,GB,19,86,0,0
356,2024-01-15 20:00:00,118.33,fuel,web,US,19,130,0,0
357,2024-01-15 21:00:00,94.02,restaurant,pos,FR,54,147,0,0
358,2024-01-15 22:00:00,149.04,ecommerce,pos,CA,19,60,0,0
359,2024-01-15 23:00:00,45.55,electronics,atm,CA,78,198,1,1
360,2024-01-16 00:00:00,166.74,travel,pos,CA,57,187,1,0
361,2024-01-16 01:00:00,257.95,ecommerce,web,CA,80,69,1,0
362,2024-01-16 02:00:00,110.21,fuel,web,CA,42,45,1,1
363,2024-01-16 03:00:00,156.15,travel,pos,CA,55,62,1,0
364,2024-01-16 04:00:00,182.11,ecommerce,pos,IN,54,138,1,0
365,2024-01-16 05:00:00,83.89,grocery,web,CA,44,123,1,0
366,2024-01-16 06:00:00,140.17,fuel,pos,CA,67,193,0,0
367,2024-01-16 07:00:00,121.13,ecommerce,pos,CA,51,26,0,0
368,2024-01-16 08:00:00,128.79,restaurant,atm,CA,61,218,0,0
369,2024-01-16 09:00:00,50.43,grocery,web,CA,21,188,0,0
370,2024-01-16 10:00:00,122.21,fuel,pos,CA,69,18,0,0
371,2024-01-16 11:00:00,164.82,electronics,pos,FR,72,59,0,0
372,2024-01-16 12:00:00,250.6,fuel,web,CA,29,149,0,0
373,2024-01-16 13:00:00,206.33,restaurant,pos,CA,31,46,0,0
374,2024-01-16 14:00:00,313.79,electronics,pos,CA,52,12,0,0
375,2024-01-16 15:00:00,50.94,electronics,web,CA,23,230,0,0
376,2024-01-16 16:00:00,198.51,electronics,pos,CA,64,206,0,0
377,2024-01-16 17:00:00,136.5,travel,web,CA,40,113,0,0
378,2024-01-16 18:00:00,317.08,travel,web,CA,82,160,0,1
379,2024-01-16 19:00:00,47.25,electronics,pos,CA,76,167,0,0
380,2024-01-16 20:00:00,44.43,grocery,pos,CA,26,227,0,0
381,2024-01-16 21:00:00,66.05,electronics,web,US,75,209,0,0
382,2024-01-16 22:00:00,71.15,ecommerce,web,CA,65,183,0,0
383,2024-01-16 23:00:00,72.68,electronics,pos,CA,80,55,1,0
384,2024-01-17 00:00:00,51.68,travel,pos,CA,26,10,1,0
385,2024-01-17 01:00:00,133.54,travel,atm,CA,61,35,1,0
386,2024-01-17 02:00:00,150.76,ecommerce,pos,US,63,80,1,0
387,2024-01-17 03:00:00,288.86,ecommerce,atm,US,32,6,1,0
388,2024-01-17 04:00:00,205.54,fuel,pos,CA,70,127,1,0
389,2024-01-17 05:00:00,68.08,grocery,pos,CA,65,68,1,0
390,2024-01-17 06:00:00,39.14,grocery,web,CA,59,190,0,0
391,2024-01-17 07:00:00,164.27,grocery,pos,MX,34,9,0,0
392,2024-01-17 08:00:00,1.18,restaurant,pos,CA,52,157,0,0
393,2024-01-17 09:00:00,284.83,travel,pos,CA,48,71,0,0
394,2024-01-17 10:00:00,226.15,grocery,atm,CA,21,208,0,0
395,2024-01-17 11:00:00,77.77,fuel,pos,CA,65,134,0,0
396,2024-01-17 12:00:00,34.18,fuel,web,CA,31,44,0,0
397,2024-01-17 13:00:00,241.85,grocery,mobile,CA,42,64,0,0
398,2024-01-17 14:00:00,109.69,ecommerce,mobile,CA,63,67,0,0
399,2024-01-17 15:00:00,231.4,fuel,mobile,CA,65,44,0,0
400,2024-01-17 16:00:00,23.5,ecommerce,pos,CA,57,116,0,0
401,2024-01-17 17:00:00,66.06,travel,pos,CA,67,206,0,0
402,2024-01-17 18:00:00,120.47,restaurant,pos,GB,24,142,0,0
403,2024-01-17 19:00:00,124.23,fuel,pos,CA,77,137,0,0
404,2024-01-17 20:00:00,79.49,ecommerce,pos,CA,52,228,0,0
405,2024-01-17 21:00:00,176.06,grocery,pos,CA,80,151,0,0
406,2024-01-17 22:00:00,23.91,travel,mobile,CA,37,57,0,0
407,2024-01-17 23:00:00,107.19,electronics,mobile,CA,33,57,1,0
408,2024-01-18 00:00:00,130.83,electronics,pos,CA,39,143,1,0
409,2024-01-18 01:00:00,166.3,grocery,pos,US,53,192,1,0
410,2024-01-18 02:00:00,184.05,travel,pos,FR,36,7,1,0
411,2024-01-18 03:00:00,18.78,travel,pos,CA,19,148,1,0
412,2024-01-18 04:00:00,18.07,travel,pos,CA,24,192,1,0
413,2024-01-18 05:00:00,234.99,travel,mobile,CA,64,19,1,0
414,2024-01-18 06:00:00,149.91,electronics,pos,CA,66,134,0,0
415,2024-01-18 07:00:00,52.64,ecommerce,pos,CA,60,179,0,0
416,2024-01-18 08:00:00,259.6,travel,pos,CA,49,39,0,0
417,2024-01-18 09:00:00,130.41,ecommerce,atm,US,34,193,0,0
418,2024-01-18 10:00:00,226.14,travel,mobile,CA,31,71,0,0
419,2024-01-18 11:00:00,126.08,fuel,mobile,CA,49,227,0,0
420,2024-01-18 12:00:00,305.47,restaurant,web,FR,77,25,0,0
421,2024-01-18 13:00:00,277.98,fuel,pos,CA,77,102,0,0
422,2024-01-18 14:00:00,97.59,restaurant,pos,CA,69,151,0,0
423,2024-01-18 15:00:00,207.44,fuel,web,CA,83,217,0,0
424,2024-01-18 16:00:00,178.08,travel,mobile,US,21,230,0,0
425,2024-01-18 17:00:00,243.18,ecommerce,pos,CA,80,186,0,0
426,2024-01-18 18:00:00,33.16,restaurant,pos,CA,50,11,0,0
427,2024-01-18 19:00:00,181.74,electronics,web,CA,18,162,0,0
428,2024-01-18 20:00:00,215.26,grocery,pos,US,81,31,0,1
429,2024-01-18 21:00:00,38.29,restaurant,web,CA,54,166,0,1
430,2024-01-18 22:00:00,13.51,restaurant,pos,CA,24,118,0,0
431,2024-01-18 23:00:00,63.53,electronics,pos,MX,41,114,1,0
432,2024-01-19 00:00:00,95.75,travel,web,GB,72,174,1,0
433,2024-01-19 01:00:00,184.58,fuel,mobile,US,20,140,1,0
434,2024-01-19 02:00:00,255.21,fuel,pos,CA,40,9,1,0
435,2024-01-19 03:00:00,126.67,ecommerce,pos,CA,53,141,1,0
436,2024-01-19 04:00:00,266.58,travel,pos,CA,74,192,1,0
437,2024-01-19 05:00:00,4.21,electronics,web,CA,65,20,1,0
438,2024-01-19 06:00:00,33.3,travel,mobile,GB,30,59,0,0
439,2024-01-19 07:00:00,115.0,travel,pos,GB,78,85,0,0
440,2024-01-19 08:00:00,154.57,fuel,pos,CA,41,150,0,0
441,2024-01-19 09:00:00,117.06,electronics,atm,CA,60,65,0,0
442,2024-01-19 10:00:00,66.07,grocery,mobile,CA,50,232,0,0
443,2024-01-19 11:00:00,111.98,restaurant,web,CA,41,60,0,0
444,2024-01-19 12:00:00,2.6,fuel,pos,CA,39,125,0,0
445,2024-01-19 13:00:00,180.27,electronics,pos,CA,69,41,0,0
446,2024-01-19 14:00:00,152.99,ecommerce,mobile,CA,23,81,0,0
447,2024-01-19 15:00:00,35.41,restaurant,web,GB,36,173,0,0
448,2024-01-19 16:00:00,73.75,restaurant,web,CA,46,4,0,0
449,2024-01-19 17:00:00,24.67,fuel,pos,CA,81,70,0,0
450,2024-01-19 18:00:00,114.36,ecommerce,web,MX,31,173,0,0
451,2024-01-19 19:00:00,205.96,fuel,mobile,CA,47,186,0,0
452,2024-01-19 20:00:00,31.28,travel,mobile,CA,38,83,0,0
453,2024-01-19 21:00:00,165.36,electronics,pos,CA,82,94,0,0
454,2024-01-19 22:00:00,72.28,ecommerce,web,US,21,151,0,1
455,2024-01-19 23:00:00,48.64,restaurant,web,CA,63,160,1,0
456,2024-01-20 00:00:00,110.37,fuel,mobile,MX,25,63,1,0
457,2024-01-20 01:00:00,26.83,restaurant,mobile,CA,35,221,1,0
458,2024-01-20 02:00:00,70.17,ecommerce,atm,US,77,8,1,0
459,2024-01-20 03:00:00,12.19,restaurant,atm,CA,62,213,1,0
460,2024-01-20 04:00:00,296.83,fuel,pos,CA,48,209,1,0
461,2024-01-20 05:00:00,123.17,fuel,mobile,IN,45,209,1,1
462,2024-01-20 06:00:00,57.02,grocery,web,CA,81,120,0,0
463,2024-01-20 07:00:00,139.26,restaurant,pos,GB,54,85,0,0
464,2024-01-20 08:00:00,109.89,grocery,pos,MX,84,207,0,0
465,2024-01-20 09:00:00,100.11,grocery,pos,CA,52,91,0,0
466,2024-01-20 10:00:00,175.28,restaurant,mobile,CA,53,153,0,0
467,2024-01-20 11:00:00,188.18,ecommerce,pos,CA,74,161,0,0
468,2024-01-20 12:00:00,72.25,travel,mobile,CA,21,194,0,0
469,2024-01-20 13:00:00,68.18,fuel,web,CA,66,116,0,0
470,2024-01-20 14:00:00,95.25,electronics,mobile,US,56,106,0,0
471,2024-01-20 15:00:00,87.17,grocery,pos,CA,35,144,0,0
472,2024-01-20 16:00:00,16.37,ecommerce,web,CA,77,183,0,0
473,2024-01-20 17:00:00,243.02,restaurant,web,CA,27,164,0,0
474,2024-01-20 18:00:00,268.05,ecommerce,pos,CA,40,72,0,0
475,2024-01-20 19:00:00,97.59,ecommerce,mobile,US,76,80,0,0
476,2024-01-20 20:00:00,171.89,restaurant,web,CA,24,7,0,0
477,2024-01-20 21:00:00,148.01,electronics,pos,CA,30,69,0,0
478,2024-01-20 22:00:00,397.1,restaurant,mobile,CA,20,87,0,0
479,2024-01-20 23:00:00,220.76,electronics,pos,CA,57,8,1,0
480,2024-01-21 00:00:00,108.49,restaurant,web,CA,28,131,1,0
481,2024-01-21 01:00:00,34.0,grocery,web,CA,68,163,1,0
482,2024-01-21 02:00:00,24.58,electronics,pos,CA,40,114,1,0
483,2024-01-21 03:00:00,138.31,grocery,mobile,CA,49,36,1,0
484,2024-01-21 04:00:00,51.93,electronics,mobile,CA,58,100,1,0
485,2024-01-21 05:00:00,8.0,electronics,mobile,CA,59,79,1,0
486,2024-01-21 06:00:00,61.81,restaurant,pos,CA,55,30,0,0
487,2024-01-21 07:00:00,22.66,electronics,pos,CA,84,15,0,0
488,2024-01-21 08:00:00,271.84,grocery,pos,CA,59,221,0,0
489,2024-01-21 09:00:00,199.35,restaurant,atm,CA,60,196,0,0
490,2024-01-21 10:00:00,119.28,fuel,pos,CA,50,226,0,0
491,2024-01-21 11:00:00,253.19,grocery,web,CA,54,87,0,0
492,2024-01-21 12:00:00,126.96,fuel,mobile,CA,74,58,0,0
493,2024-01-21 13:00:00,42.48,ecommerce,mobile,CA,81,227,0,0
494,2024-01-21 14:00:00,257.08,restaurant,mobile,CA,81,156,0,0
495,2024-01-21 15:00:00,168.5,ecommerce,atm,FR,77,223,0,0
496,2024-01-21 16:00:00,26.65,restaurant,pos,CA,69,170,0,0
497,2024-01-21 17:00:00,102.87,restaurant,pos,CA,44,97,0,0
498,2024-01-21 18:00:00,41.19,grocery,pos,CA,76,146,0,0
499,2024-01-21 19:00:00,4.45,fuel,pos,MX,36,133,0,0
500,2024-01-21 20:00:00,203.36,restaurant,web,CA,20,137,0,0
501,2024-01-21 21:00:00,291.85,fuel,pos,IN,56,212,0,0
502,2024-01-21 22:00:00,5.87,restaurant,mobile,CA,83,102,0,0
503,2024-01-21 23:00:00,170.67,fuel,pos,CA,73,115,1,0
504,2024-01-22 00:00:00,61.44,ecommerce,pos,CA,23,137,1,0
505,2024-01-22 01:00:00,76.16,grocery,mobile,CA,45,18,1,0
506,2024-01-22 02:00:00,66.68,restaurant,pos,IN,65,184,1,0
507,2024-01-22 03:00:00,42.24,travel,mobile,US,65,143,1,0
508,2024-01-22 04:00:00,124.37,fuel,atm,CA,84,207,1,0
509,2024-01-22 05:00:00,45.21,fuel,mobile,CA,71,78,1,0
510,2024-01-22 06:00:00,144.34,travel,pos,US,33,62,0,0
511,2024-01-22 07:00:00,115.48,grocery,mobile,CA,52,163,0,0
512,2024-01-22 08:00:00,98.49,fuel,pos,CA,47,40,0,0
513,2024-01-22 09:00:00,38.32,grocery,mobile,CA,65,179,0,0
514,2024-01-22 10:00:00,68.09,fuel,pos,CA,25,235,0,0
515,2024-01-22 11:00:00,187.99,electronics,pos,US,68,124,0,0
516,2024-01-22 12:00:00,165.08,fuel,atm,CA,27,60,0,0
517,2024-01-22 13:00:00,32.02,electronics,pos,CA,45,228,0,0
518,2024-01-22 14:00:00,128.94,restaurant,mobile,US,53,239,0,0
519,2024-01-22 15:00:00,187.62,grocery,pos,CA,77,56,0,0
520,2024-01-22 16:00:00,30.25,fuel,mobile,CA,27,234,0,0
521,2024-01-22 17:00:00,168.9,ecommerce,atm,MX,31,84,0,0
522,2024-01-22 18:00:00,60.36,ecommerce,web,CA,80,203,0,0
523,2024-01-22 19:00:00,171.35,travel,web,CA,64,41,0,0
524,2024-01-22 20:00:00,51.31,ecommerce,web,CA,73,182,0,0
525,2024-01-22 21:00:00,42.44,electronics,mobile,CA,23,17,0,0
526,2024-01-22 22:00:00,26.48,ecommerce,pos,CA,36,105,0,0
527,2024-01-22 23:00:00,124.33,ecommerce,web,CA,69,25,1,0
528,2024-01-23 00:00:00,143.38,ecommerce,pos,CA,79,126,1,0
529,2024-01-23 01:00:00,38.61,fuel,pos,CA,66,93,1,0
530,2024-01-23 02:00:00,177.47,travel,pos,CA,28,215,1,0
531,2024-01-23 03:00:00,29.54,grocery,web,US,63,137,1,0
532,2024-01-23 04:00:00,114.05,travel,mobile,CA,62,184,1,0
533,2024-01-23 05:00:00,11.01,electronics,pos,CA,75,217,1,1
534,2024-01-23 06:00:00,61.33,fuel,web,GB,49,233,0,0
535,2024-01-23 07:00:00,124.27,restaurant,web,CA,27,151,0,0
536,2024-01-23 08:00:00,42.56,fuel,web,CA,30,118,0,0
537,2024-01-23 09:00:00,85.39,ecommerce,mobile,CA,30,2,0,0
538,2024-01-23 10:00:00,210.57,ecommerce,pos,CA,53,45,0,0
539,2024-01-23 11:00:00,68.08,electronics,pos,CA,36,119,0,0
540,2024-01-23 12:00:00,195.21,restaurant,pos,IN,24,193,0,0
541,2024-01-23 13:00:00,18.33,fuel,mobile,MX,32,166,0,0
542,2024-01-23 14:00:00,167.68,restaurant,atm,CA,63,134,0,0
543,2024-01-23 15:00:00,249.74,grocery,pos,GB,65,176,0,0
544,2024-01-23 16:00:00,102.45,travel,pos,CA,83,172,0,0
545,2024-01-23 17:00:00,48.28,fuel,web,CA,21,207,0,0
546,2024-01-23 18:00:00,171.94,restaurant,mobile,CA,20,7,0,0
547,2024-01-23 19:00:00,101.73,grocery,web,CA,20,66,0,0
548,2024-01-23 20:00:00,153.4,grocery,atm,CA,45,190,0,0
549,2024-01-23 21:00:00,65.64,travel,mobile,GB,40,158,0,1
550,2024-01-23 22:00:00,127.79,grocery,mobile,US,47,221,0,0
551,2024-01-23 23:00:00,105.99,electronics,web,CA,79,76,1,0
552,2024-01-24 00:00:00,225.1,grocery,pos,CA,68,52,1,0
553,2024-01-24 01:00:00,142.9,restaurant,mobile,CA,58,226,1,0
554,2024-01-24 02:00:00,150.38,electronics,web,GB,81,94,1,0
555,2024-01-24 03:00:00,82.93,grocery,pos,CA,60,36,1,0
556,2024-01-24 04:00:00,76.12,ecommerce,pos,CA,75,35,1,0
557,2024-01-24 05:00:00,81.07,grocery,web,GB,76,66,1,0
558,2024-01-24 06:00:00,155.5,electronics,web,CA,57,178,0,0
559,2024-01-24 07:00:00,82.11,grocery,web,CA,63,131,0,0
560,2024-01-24 08:00:00,146.08,grocery,pos,CA,79,106,0,0
561,2024-01-24 09:00:00,306.79,grocery,web,CA,66,76,0,0
562,2024-01-24 10:00:00,198.4,electronics,pos,CA,40,4,0,0
563,2024-01-24 11:00:00,90.66,grocery,mobile,CA,61,55,0,0
564,2024-01-24 12:00:00,228.11,travel,web,CA,61,180,0,0
565,2024-01-24 13:00:00,83.27,restaurant,mobile,CA,36,187,0,0
566,2024-01-24 14:00:00,63.43,travel,mobile,CA,61,199,0,0
567,2024-01-24 15:00:00,29.27,electronics,mobile,CA,28,20,0,0
568,2024-01-24 16:00:00,48.37,ecommerce,mobile,CA,77,19,0,0
569,2024-01-24 17:00:00,88.36,travel,web,GB,55,136,0,0
570,2024-01-24 18:00:00,121.66,restaurant,pos,CA,20,195,0,0
571,2024-01-24 19:00:00,270.88,fuel,mobile,CA,33,27,0,0
572,2024-01-24 20:00:00,149.42,restaurant,web,CA,26,207,0,0
573,2024-01-24 21:00:00,100.28,travel,web,CA,58,136,0,0
574,2024-01-24 22:00:00,194.65,fuel,pos,CA,55,18,0,0
575,2024-01-24 23:00:00,79.0,electronics,mobile,GB,82,29,1,0
576,2024-01-25 00:00:00,141.21,restaurant,pos,CA,52,46,1,1
577,2024-01-25 01:00:00,189.38,ecommerce,pos,US,52,164,1,0
578,2024-01-25 02:00:00,13.07,fuel,atm,CA,65,131,1,0
579,2024-01-25 03:00:00,222.94,fuel,mobile,CA,25,137,1,0
580,2024-01-25 04:00:00,150.46,restaurant,pos,US,44,138,1,0
581,2024-01-25 05:00:00,82.62,travel,mobile,CA,26,232,1,0
582,2024-01-25 06:00:00,176.95,fuel,pos,CA,47,84,0,0
583,2024-01-25 07:00:00,324.36,electronics,mobile,CA,31,194,0,0
584,2024-01-25 08:00:00,136.37,restaurant,web,CA,40,1,0,0
585,2024-01-25 09:00:00,142.34,electronics,web,CA,46,219,0,0
586,2024-01-25 10:00:00,78.66,restaurant,mobile,MX,43,132,0,0
587,2024-01-25 11:00:00,43.51,electronics,pos,CA,32,176,0,0
588,2024-01-25 12:00:00,194.73,travel,pos,GB,84,101,0,0
589,2024-01-25 13:00:00,42.95,restaurant,mobile,CA,33,96,0,0
590,2024-01-25 14:00:00,126.44,ecommerce,pos,CA,30,18,0,0
591,2024-01-25 15:00:00,77.01,travel,atm,CA,41,78,0,0
592,2024-01-25 16:00:00,163.11,electronics,web,CA,79,45,0,0
593,2024-01-25 17:00:00,150.03,restaurant,pos,CA,74,112,0,0
594,2024-01-25 18:00:00,213.38,travel,mobile,CA,53,15,0,0
595,2024-01-25 19:00:00,74.1,electronics,pos,FR,77,179,0,0
596,2024-01-25 20:00:00,95.71,grocery,pos,CA,39,189,0,0
597,2024-01-25 21:00:00,31.91,grocery,web,CA,20,4,0,1
598,2024-01-25 22:00:00,80.01,fuel,atm,CA,53,147,0,0
599,2024-01-25 23:00:00,153.96,ecommerce,web,GB,53,88,1,0
600,2024-01-26 00:00:00,188.13,grocery,pos,CA,27,94,1,0
601,2024-01-26 01:00:00,37.01,electronics,web,MX,38,77,1,0
602,2024-01-26 02:00:00,198.26,travel,pos,CA,66,139,1,0
603,2024-01-26 03:00:00,242.01,restaurant,pos,CA,26,28,1,0
604,2024-01-26 04:00:00,157.21,travel,mobile,IN,69,185,1,0
605,2024-01-26 05:00:00,288.91,fuel,atm,CA,65,75,1,0
606,2024-01-26 06:00:00,50.36,travel,pos,MX,77,54,0,0
607,2024-01-26 07:00:00,7.98,grocery,web,CA,67,65,0,0
608,2024-01-26 08:00:00,40.08,travel,atm,CA,56,47,0,0
609,2024-01-26 09:00:00,254.64,grocery,pos,MX,33,234,0,0
610,2024-01-26 10:00:00,178.89,grocery,pos,CA,45,118,0,0
611,2024-01-26 11:00:00,115.0,ecommerce,mobile,CA,23,4,0,0
612,2024-01-26 12:00:00,145.2,fuel,mobile,CA,78,230,0,0
613,2024-01-26 13:00:00,18.71,electronics,pos,CA,23,34,0,0
614,2024-01-26 14:00:00,340.12,grocery,pos,CA,83,76,0,0
615,2024-01-26 15:00:00,131.63,restaurant,pos,CA,57,182,0,0
616,2024-01-26 16:00:00,129.85,fuel,web,US,79,216,0,0
617,2024-01-26 17:00:00,185.32,electronics,mobile,CA,45,61,0,0
618,2024-01-26 18:00:00,163.29,restaurant,web,CA,64,101,0,0
619,2024-01-26 19:00:00,140.15,travel,web,US,26,224,0,1
620,2024-01-26 20:00:00,48.86,fuel,pos,CA,69,211,0,0
621,2024-01-26 21:00:00,162.43,restaurant,pos,MX,32,93,0,0
622,2024-01-26 22:00:00,289.38,fuel,pos,FR,51,102,0,0
623,2024-01-26 23:00:00,241.09,fuel,mobile,CA,37,113,1,0
624,2024-01-27 00:00:00,263.39,travel,web,CA,77,221,1,0
625,2024-01-27 01:00:00,73.99,travel,pos,CA,75,83,1,0
626,2024-01-27 02:00:00,30.94,fuel,web,US,84,148,1,0
627,2024-01-27 03:00:00,108.68,restaurant,mobile,CA,19,131,1,0
628,2024-01-27 04:00:00,125.02,ecommerce,web,CA,67,40,1,1
629,2024-01-27 05:00:00,218.48,grocery,pos,CA,31,197,1,0
630,2024-01-27 06:00:00,32.32,travel,pos,US,73,151,0,0
631,2024-01-27 07:00:00,257.66,ecommerce,pos,US,61,69,0,1
632,2024-01-27 08:00:00,105.78,travel,mobile,FR,63,222,0,1
633,2024-01-27 09:00:00,81.58,fuel,web,CA,23,32,0,0
634,2024-01-27 10:00:00,28.91,ecommerce,mobile,CA,25,24,0,0
635,2024-01-27 11:00:00,28.94,restaurant,mobile,CA,56,113,0,0
636,2024-01-27 12:00:00,194.09,restaurant,atm,CA,61,179,0,0
637,2024-01-27 13:00:00,126.6,electronics,pos,CA,44,115,0,1
638,2024-01-27 14:00:00,3.9,grocery,pos,FR,33,186,0,0
639,2024-01-27 15:00:00,3.44,grocery,web,US,56,170,0,0
640,2024-01-27 16:00:00,89.78,travel,pos,CA,18,35,0,0
641,2024-01-27 17:00:00,270.21,grocery,mobile,US,68,32,0,0
642,2024-01-27 18:00:00,96.64,electronics,mobile,CA,80,182,0,0
643,2024-01-27 19:00:00,15.28,restaurant,mobile,CA,50,45,0,0
644,2024-01-27 20:00:00,97.88,ecommerce,pos,US,67,176,0,0
645,2024-01-27 21:00:00,95.45,ecommerce,pos,IN,71,108,0,0
646,2024-01-27 22:00:00,122.72,restaurant,pos,CA,44,86,0,0
647,2024-01-27 23:00:00,115.11,fuel,mobile,US,36,213,1,0
648,2024-01-28 00:00:00,99.22,restaurant,pos,MX,45,220,1,0
649,2024-01-28 01:00:00,182.66,ecommerce,pos,CA,40,177,1,0
650,2024-01-28 02:00:00,286.41,travel,pos,CA,81,34,1,0
651,2024-01-28 03:00:00,221.39,electronics,atm,CA,56,144,1,0
652,2024-01-28 04:00:00,95.8,restaurant,mobile,US,66,11,1,0
653,2024-01-28 05:00:00,20.41,fuel,mobile,CA,76,225,1,0
654,2024-01-28 06:00:00,351.6,travel,mobile,CA,37,236,0,0
655,2024-01-28 07:00:00,125.33,restaurant,web,CA,78,230,0,0
656,2024-01-28 08:00:00,121.25,travel,pos,CA,26,147,0,0
657,2024-01-28 09:00:00,117.83,restaurant,pos,CA,40,92,0,0
658,2024-01-28 10:00:00,137.83,travel,web,CA,24,157,0,1
659,2024-01-28 11:00:00,107.01,grocery,mobile,US,48,229,0,0
660,2024-01-28 12:00:00,68.37,travel,pos,CA,77,54,0,0
661,2024-01-28 13:00:00,70.78,grocery,pos,MX,78,181,0,0
662,2024-01-28 14:00:00,117.05,ecommerce,web,FR,43,195,0,0
663,2024-01-28 15:00:00,71.09,grocery,pos,US,71,210,0,0
664,2024-01-28 16:00:00,55.84,travel,web,FR,48,210,0,0
665,2024-01-28 17:00:00,129.58,electronics,pos,FR,58,76,0,0
666,2024-01-28 18:00:00,97.05,electronics,pos,CA,45,210,0,0
667,2024-01-28 19:00:00,255.36,ecommerce,pos,CA,23,160,0,0
668,2024-01-28 20:00:00,118.59,travel,web,CA,51,234,0,0
669,2024-01-28 21:00:00,218.24,grocery,web,CA,26,100,0,0
670,2024-01-28 22:00:00,232.15,electronics,pos,CA,29,116,0,0
671,2024-01-28 23:00:00,66.61,restaurant,mobile,CA,33,124,1,0
672,2024-01-29 00:00:00,89.16,fuel,pos,CA,48,83,1,0
673,2024-01-29 01:00:00,86.57,travel,pos,CA,50,56,1,0
674,2024-01-29 02:00:00,6.68,restaurant,web,CA,24,63,1,0
675,2024-01-29 03:00:00,50.0,restaurant,pos,GB,20,132,1,0
676,2024-01-29 04:00:00,20.05,travel,web,CA,37,139,1,0
677,2024-01-29 05:00:00,277.7,fuel,atm,CA,22,131,1,0
678,2024-01-29 06:00:00,204.21,electronics,mobile,CA,84,155,0,0
679,2024-01-29 07:00:00,234.44,fuel,web,CA,55,111,0,0
680,2024-01-29 08:00:00,184.95,ecommerce,web,US,73,208,0,0
681,2024-01-29 09:00:00,18.39,grocery,pos,CA,40,172,0,0
682,2024-01-29 10:00:00,72.79,grocery,web,CA,19,146,0,0
683,2024-01-29 11:00:00,164.04,restaurant,pos,MX,38,158,0,0
684,2024-01-29 12:00:00,10.01,electronics,atm,CA,31,216,0,0
685,2024-01-29 13:00:00,184.17,fuel,pos,MX,79,70,0,0
686,2024-01-29 14:00:00,98.37,restaurant,web,CA,28,175,0,1
687,2024-01-29 15:00:00,86.27,travel,mobile,CA,21,34,0,0
688,2024-01-29 16:00:00,183.99,restaurant,mobile,CA,64,119,0,0
689,2024-01-29 17:00:00,159.98,travel,atm,CA,37,76,0,0
690,2024-01-29 18:00:00,87.51,travel,web,CA,69,42,0,0
691,2024-01-29 19:00:00,224.34,ecommerce,pos,CA,33,23,0,0
692,2024-01-29 20:00:00,22.7,ecommerce,mobile,US,62,228,0,0
693,2024-01-29 21:00:00,175.43,travel,pos,CA,25,40,0,1
694,2024-01-29 22:00:00,173.38,electronics,pos,CA,79,15,0,0
695,2024-01-29 23:00:00,92.14,ecommerce,mobile,CA,38,115,1,0
696,2024-01-30 00:00:00,149.35,ecommerce,web,FR,81,208,1,0
697,2024-01-30 01:00:00,7.4,grocery,mobile,CA,47,237,1,0
698,2024-01-30 02:00:00,203.16,restaurant,atm,CA,53,57,1,0
699,2024-01-30 03:00:00,103.36,grocery,mobile,CA,22,111,1,0
700,2024-01-30 04:00:00,72.95,electronics,pos,CA,55,142,1,0
701,2024-01-30 05:00:00,214.41,ecommerce,mobile,CA,36,207,1,0
702,2024-01-30 06:00:00,56.61,ecommerce,mobile,FR,44,140,0,1
703,2024-01-30 07:00:00,6.76,fuel,atm,CA,30,107,0,0
704,2024-01-30 08:00:00,20.1,electronics,pos,CA,26,117,0,0
705,2024-01-30 09:00:00,174.54,restaurant,pos,CA,34,35,0,0
706,2024-01-30 10:00:00,4.76,restaurant,mobile,CA,61,153,0,0
707,2024-01-30 11:00:00,277.93,restaurant,pos,CA,62,78,0,0
708,2024-01-30 12:00:00,67.37,electronics,web,GB,59,2,0,0
709,2024-01-30 13:00:00,272.68,fuel,pos,CA,68,18,0,0
710,2024-01-30 14:00:00,138.99,fuel,web,MX,75,35,0,0
711,2024-01-30 15:00:00,111.3,grocery,mobile,CA,75,9,0,0
712,2024-01-30 16:00:00,70.96,electronics,pos,CA,47,139,0,0
713,2024-01-30 17:00:00,155.92,electronics,mobile,CA,22,218,0,0
714,2024-01-30 18:00:00,116.61,fuel,pos,CA,25,67,0,0
715,2024-01-30 19:00:00,219.3,travel,pos,CA,54,69,0,0
716,2024-01-30 20:00:00,130.28,travel,pos,GB,64,224,0,0
717,2024-01-30 21:00:00,133.53,grocery,mobile,CA,62,105,0,0
718,2024-01-30 22:00:00,87.27,travel,pos,CA,22,202,0,0
719,2024-01-30 23:00:00,114.87,travel,web,CA,80,38,1,0
720,2024-01-31 00:00:00,147.7,travel,mobile,GB,64,70,1,1
721,2024-01-31 01:00:00,33.92,ecommerce,mobile,GB,42,203,1,0
722,2024-01-31 02:00:00,1.34,grocery,web,CA,67,81,1,0
723,2024-01-31 03:00:00,186.89,fuel,web,CA,62,187,1,0
724,2024-01-31 04:00:00,135.38,travel,pos,CA,47,66,1,0
725,2024-01-31 05:00:00,103.44,restaurant,web,US,65,41,1,0
726,2024-01-31 06:00:00,121.66,ecommerce,pos,CA,68,24,0,0
727,2024-01-31 07:00:00,151.28,travel,mobile,CA,72,178,0,0
728,2024-01-31 08:00:00,71.42,ecommerce,mobile,MX,72,5,0,0
729,2024-01-31 09:00:00,49.95,grocery,pos,CA,63,21,0,0
730,2024-01-31 10:00:00,137.63,restaurant,web,CA,48,6,0,0
731,2024-01-31 11:00:00,31.95,restaurant,mobile,CA,51,132,0,1
732,2024-01-31 12:00:00,156.74,restaurant,pos,CA,50,9,0,0
733,2024-01-31 13:00:00,33.23,travel,mobile,FR,73,69,0,0
734,2024-01-31 14:00:00,212.62,ecommerce,pos,CA,75,68,0,0
735,2024-01-31 15:00:00,162.53,restaurant,web,US,74,126,0,1
736,2024-01-31 16:00:00,143.04,electronics,mobile,CA,34,137,0,0
737,2024-01-31 17:00:00,208.44,electronics,web,US,28,146,0,0
738,2024-01-31 18:00:00,269.89,ecommerce,web,CA,34,59,0,0
739,2024-01-31 19:00:00,211.29,travel,mobile,CA,27,171,0,0
740,2024-01-31 20:00:00,45.68,travel,mobile,GB,43,80,0,0
741,2024-01-31 21:00:00,4.84,grocery,mobile,CA,23,194,0,0
742,2024-01-31 22:00:00,63.77,grocery,web,CA,33,29,0,0
743,2024-01-31 23:00:00,122.35,restaurant,web,CA,21,176,1,0
744,2024-02-01 00:00:00,166.59,fuel,mobile,CA,79,51,1,0
745,2024-02-01 01:00:00,54.68,grocery,atm,CA,81,170,1,0
746,2024-02-01 02:00:00,136.81,travel,mobile,US,73,36,1,0
747,2024-02-01 03:00:00,52.02,fuel,mobile,CA,40,76,1,0
748,2024-02-01 04:00:00,64.96,grocery,pos,CA,50,105,1,0
749,2024-02-01 05:00:00,6.6,ecommerce,mobile,CA,48,45,1,0
750,2024-02-01 06:00:00,36.91,electronics,mobile,CA,24,101,0,1
751,2024-02-01 07:00:00,1.65,grocery,mobile,US,22,226,0,0
752,2024-02-01 08:00:00,32.17,grocery,pos,MX,54,163,0,0
753,2024-02-01 09:00:00,214.83,ecommerce,mobile,CA,18,104,0,0
754,2024-02-01 10:00:00,34.55,travel,pos,CA,62,6,0,1
755,2024-02-01 11:00:00,356.91,restaurant,pos,CA,64,165,0,0
756,2024-02-01 12:00:00,164.4,ecommerce,mobile,CA,47,36,0,0
757,2024-02-01 13:00:00,136.64,restaurant,mobile,CA,77,212,0,0
758,2024-02-01 14:00:00,42.75,grocery,pos,CA,41,144,0,0
759,2024-02-01 15:00:00,183.03,travel,mobile,CA,48,200,0,1
760,2024-02-01 16:00:00,68.19,fuel,pos,CA,45,236,0,0
761,2024-02-01 17:00:00,130.98,grocery,pos,CA,62,22,0,0
762,2024-02-01 18:00:00,350.41,ecommerce,pos,CA,21,69,0,0
763,2024-02-01 19:00:00,111.35,fuel,mobile,IN,78,69,0,0
764,2024-02-01 20:00:00,223.43,electronics,pos,CA,56,63,0,0
765,2024-02-01 21:00:00,56.71,fuel,pos,CA,41,237,0,0
766,2024-02-01 22:00:00,116.85,ecommerce,mobile,CA,63,75,0,0
767,2024-02-01 23:00:00,279.37,fuel,web,MX,70,107,1,0
768,2024-02-02 00:00:00,63.57,ecommerce,mobile,CA,65,19,1,0
769,2024-02-02 01:00:00,283.12,grocery,mobile,CA,26,231,1,0
770,2024-02-02 02:00:00,183.7,travel,mobile,CA,39,209,1,1
771,2024-02-02 03:00:00,69.38,electronics,pos,MX,19,229,1,1
772,2024-02-02 04:00:00,176.92,travel,web,US,33,102,1,1
773,2024-02-02 05:00:00,207.53,travel,mobile,CA,22,126,1,0
774,2024-02-02 06:00:00,175.96,travel,pos,US,29,127,0,0
775,2024-02-02 07:00:00,21.32,ecommerce,pos,CA,69,146,0,0
776,2024-02-02 08:00:00,54.56,ecommerce,web,IN,43,114,0,0
777,2024-02-02 09:00:00,97.72,electronics,pos,FR,32,73,0,0
778,2024-02-02 10:00:00,113.3,ecommerce,atm,CA,84,114,0,0
779,2024-02-02 11:00:00,175.86,restaurant,mobile,CA,76,145,0,0
780,2024-02-02 12:00:00,135.99,ecommerce,pos,CA,56,41,0,0
781,2024-02-02 13:00:00,0.18,ecommerce,pos,CA,80,161,0,0
782,2024-02-02 14:00:00,154.22,ecommerce,atm,CA,42,212,0,0
783,2024-02-02 15:00:00,174.95,grocery,pos,CA,58,183,0,0
784,2024-02-02 16:00:00,170.38,electronics,mobile,CA,45,82,0,0
785,2024-02-02 17:00:00,217.27,restaurant,web,FR,38,152,0,0
786,2024-02-02 18:00:00,195.05,ecommerce,mobile,CA,78,77,0,0
787,2024-02-02 19:00:00,161.33,electronics,mobile,CA,74,168,0,0
788,2024-02-02 20:00:00,113.69,fuel,pos,CA,28,28,0,0
789,2024-02-02 21:00:00,29.49,grocery,pos,CA,36,110,0,0
790,2024-02-02 22:00:00,158.67,ecommerce,web,FR,18,195,0,0
791,2024-02-02 23:00:00,138.69,restaurant,mobile,CA,49,228,1,0
792,2024-02-03 00:00:00,144.44,grocery,pos,CA,51,203,1,0
793,2024-02-03 01:00:00,5.09,restaurant,web,FR,34,167,1,0
794,2024-02-03 02:00:00,22.7,grocery,pos,CA,72,21,1,0
795,2024-02-03 03:00:00,214.78,fuel,mobile,IN,36,165,1,0
796,2024-02-03 04:00:00,116.44,electronics,mobile,CA,59,130,1,1
797,2024-02-03 05:00:00,181.34,grocery,pos,US,76,6,1,0
798,2024-02-03 06:00:00,122.55,travel,pos,CA,55,52,0,0
799,2024-02-03 07:00:00,122.68,fuel,pos,FR,48,5,0,0
800,2024-02-03 08:00:00,204.45,travel,web,CA,83,175,0,0
801,2024-02-03 09:00:00,73.56,fuel,web,CA,67,43,0,0
802,2024-02-03 10:00:00,128.65,travel,pos,MX,47,96,0,0
803,2024-02-03 11:00:00,78.4,travel,atm,CA,52,101,0,0
804,2024-02-03 12:00:00,80.9,restaurant,web,US,76,114,0,0
805,2024-02-03 13:00:00,92.17,grocery,mobile,CA,34,40,0,0
806,2024-02-03 14:00:00,139.99,grocery,pos,CA,83,139,0,0
807,2024-02-03 15:00:00,76.91,fuel,pos,CA,38,209,0,0
808,2024-02-03 16:00:00,233.02,electronics,web,GB,69,142,0,0
809,2024-02-03 17:00:00,39.49,restaurant,mobile,MX,82,2,0,1
810,2024-02-03 18:00:00,103.18,grocery,web,CA,31,167,0,0
811,2024-02-03 19:00:00,80.42,grocery,mobile,CA,33,191,0,0
812,2024-02-03 20:00:00,250.23,restaurant,web,CA,72,63,0,0
813,2024-02-03 21:00:00,137.69,ecommerce,pos,CA,26,119,0,0
814,2024-02-03 22:00:00,212.87,restaurant,mobile,CA,25,146,0,0
815,2024-02-03 23:00:00,13.7,grocery,web,MX,51,225,1,0
816,2024-02-04 00:00:00,144.03,electronics,pos,US,50,94,1,0
817,2024-02-04 01:00:00,200.07,ecommerce,pos,US,24,79,1,0
818,2024-02-04 02:00:00,127.41,travel,mobile,CA,38,221,1,0
819,2024-02-04 03:00:00,215.89,restaurant,mobile,CA,22,218,1,1
820,2024-02-04 04:00:00,73.44,travel,pos,US,29,129,1,0
821,2024-02-04 05:00:00,246.84,ecommerce,pos,US,76,145,1,0
822,2024-02-04 06:00:00,326.9,ecommerce,mobile,CA,75,54,0,0
823,2024-02-04 07:00:00,87.34,ecommerce,mobile,CA,54,122,0,0
824,2024-02-04 08:00:00,79.9,fuel,pos,CA,62,124,0,0
825,2024-02-04 09:00:00,250.8,restaurant,mobile,CA,42,167,0,0
826,2024-02-04 10:00:00,262.16,electronics,pos,CA,44,176,0,0
827,2024-02-04 11:00:00,72.94,electronics,pos,CA,68,66,0,0
828,2024-02-04 12:00:00,82.18,travel,pos,CA,59,143,0,0
829,2024-02-04 13:00:00,94.64,travel,pos,GB,59,22,0,1
830,2024-02-04 14:00:00,1.0,travel,pos,CA,77,20,0,1
831,2024-02-04 15:00:00,37.32,restaurant,mobile,CA,75,93,0,0
832,2024-02-04 16:00:00,29.63,grocery,pos,US,39,217,0,0
833,2024-02-04 17:00:00,50.9,travel,pos,CA,75,171,0,0
834,2024-02-04 18:00:00,116.88,ecommerce,pos,US,28,184,0,0
835,2024-02-04 19:00:00,141.08,travel,mobile,CA,23,152,0,0
836,2024-02-04 20:00:00,259.55,ecommerce,mobile,GB,39,226,0,0
837,2024-02-04 21:00:00,30.15,fuel,pos,CA,29,43,0,0
838,2024-02-04 22:00:00,208.59,grocery,web,CA,44,21,0,0
839,2024-02-04 23:00:00,100.74,grocery,pos,CA,18,48,1,0
840,2024-02-05 00:00:00,115.55,restaurant,web,US,81,66,1,0
841,2024-02-05 01:00:00,180.73,restaurant,pos,CA,56,115,1,0
842,2024-02-05 02:00:00,18.96,electronics,web,CA,77,16,1,0
843,2024-02-05 03:00:00,154.42,fuel,mobile,CA,71,168,1,0
844,2024-02-05 04:00:00,134.98,restaurant,web,CA,42,21,1,0
845,2024-02-05 05:00:00,164.32,ecommerce,pos,CA,37,180,1,0
846,2024-02-05 06:00:00,146.03,fuel,pos,CA,53,101,0,0
847,2024-02-05 07:00:00,340.98,grocery,web,CA,40,8,0,0
848,2024-02-05 08:00:00,62.6,ecommerce,web,CA,18,206,0,0
849,2024-02-05 09:00:00,72.21,fuel,pos,CA,44,110,0,0
850,2024-02-05 10:00:00,63.92,grocery,mobile,MX,69,183,0,0
851,2024-02-05 11:00:00,70.01,restaurant,web,CA,19,86,0,0
852,2024-02-05 12:00:00,62.64,ecommerce,pos,CA,38,210,0,0
853,2024-02-05 13:00:00,227.01,ecommerce,pos,CA,26,58,0,0
854,2024-02-05 14:00:00,247.85,grocery,atm,CA,65,5,0,0
855,2024-02-05 15:00:00,68.63,ecommerce,pos,CA,56,170,0,1
856,2024-02-05 16:00:00,45.09,restaurant,mobile,CA,59,111,0,0
857,2024-02-05 17:00:00,162.43,restaurant,web,GB,62,109,0,0
858,2024-02-05 18:00:00,70.3,restaurant,pos,FR,19,30,0,0
859,2024-02-05 19:00:00,176.96,grocery,mobile,CA,84,95,0,0
860,2024-02-05 20:00:00,138.26,travel,pos,CA,60,9,0,0
861,2024-02-05 21:00:00,16.42,travel,pos,CA,35,95,0,0
862,2024-02-05 22:00:00,259.28,ecommerce,pos,CA,56,95,0,0
863,2024-02-05 23:00:00,281.63,restaurant,mobile,CA,23,41,1,1
864,2024-02-06 00:00:00,64.85,ecommerce,web,US,59,51,1,0
865,2024-02-06 01:00:00,85.11,grocery,pos,CA,69,185,1,0
866,2024-02-06 02:00:00,145.73,ecommerce,pos,US,44,201,1,0
867,2024-02-06 03:00:00,150.1,electronics,web,CA,32,229,1,0
868,2024-02-06 04:00:00,179.27,travel,pos,IN,36,61,1,0
869,2024-02-06 05:00:00,300.92,ecommerce,pos,CA,79,6,1,0
870,2024-02-06 06:00:00,104.07,ecommerce,pos,CA,81,119,0,0
871,2024-02-06 07:00:00,48.15,fuel,web,CA,68,234,0,0
872,2024-02-06 08:00:00,4.14,ecommerce,pos,US,64,26,0,0
873,2024-02-06 09:00:00,54.22,electronics,web,CA,74,202,0,0
874,2024-02-06 10:00:00,117.02,travel,mobile,CA,37,6,0,0
875,2024-02-06 11:00:00,281.51,fuel,atm,CA,37,53,0,0
876,2024-02-06 12:00:00,73.41,grocery,mobile,CA,81,61,0,0
877,2024-02-06 13:00:00,140.14,grocery,web,CA,55,161,0,0
878,2024-02-06 14:00:00,118.52,travel,mobile,CA,55,173,0,0
879,2024-02-06 15:00:00,226.96,grocery,mobile,CA,82,94,0,0
880,2024-02-06 16:00:00,347.42,electronics,web,IN,22,40,0,0
881,2024-02-06 17:00:00,72.22,ecommerce,web,CA,81,24,0,0
882,2024-02-06 18:00:00,75.95,travel,pos,US,44,92,0,0
883,2024-02-06 19:00:00,213.97,fuel,mobile,CA,37,45,0,0
884,2024-02-06 20:00:00,181.37,ecommerce,pos,CA,77,38,0,0
885,2024-02-06 21:00:00,286.2,grocery,pos,CA,57,157,0,0
886,2024-02-06 22:00:00,172.55,grocery,web,CA,23,108,0,0
887,2024-02-06 23:00:00,87.66,fuel,mobile,CA,53,207,1,0
888,2024-02-07 00:00:00,173.16,electronics,web,CA,82,136,1,0
889,2024-02-07 01:00:00,219.78,fuel,mobile,CA,28,64,1,0
890,2024-02-07 02:00:00,193.84,travel,mobile,GB,66,87,1,1
891,2024-02-07 03:00:00,165.65,fuel,web,CA,45,107,1,0
892,2024-02-07 04:00:00,216.0,grocery,web,US,39,201,1,0
893,2024-02-07 05:00:00,225.24,electronics,web,IN,64,51,1,1
894,2024-02-07 06:00:00,244.39,electronics,mobile,CA,83,203,0,0
895,2024-02-07 07:00:00,178.38,restaurant,mobile,GB,42,6,0,0
896,2024-02-07 08:00:00,104.96,fuel,mobile,CA,84,175,0,0
897,2024-02-07 09:00:00,133.2,travel,pos,US,49,177,0,0
898,2024-02-07 10:00:00,228.59,grocery,pos,CA,34,204,0,0
899,2024-02-07 11:00:00,46.48,ecommerce,pos,CA,57,226,0,0
900,2024-02-07 12:00:00,153.18,electronics,web,CA,47,85,0,0
901,2024-02-07 13:00:00,84.6,fuel,mobile,GB,76,160,0,0
902,2024-02-07 14:00:00,122.59,restaurant,pos,GB,45,182,0,0
903,2024-02-07 15:00:00,235.06,travel,pos,CA,64,36,0,0
904,2024-02-07 16:00:00,137.2,travel,pos,CA,40,89,0,0
905,2024-02-07 17:00:00,124.18,grocery,web,US,74,99,0,0
906,2024-02-07 18:00:00,2.39,electronics,pos,CA,18,226,0,0
907,2024-02-07 19:00:00,187.16,grocery,pos,CA,46,147,0,0
908,2024-02-07 20:00:00,178.09,restaurant,mobile,CA,67,37,0,0
909,2024-02-07 21:00:00,314.69,ecommerce,pos,US,81,17,0,0
910,2024-02-07 22:00:00,92.3,ecommerce,web,CA,54,208,0,0
911,2024-02-07 23:00:00,139.72,ecommerce,web,CA,78,16,1,0
912,2024-02-08 00:00:00,142.44,travel,mobile,CA,24,186,1,0
913,2024-02-08 01:00:00,261.97,electronics,pos,CA,81,172,1,0
914,2024-02-08 02:00:00,111.42,grocery,mobile,GB,35,196,1,0
915,2024-02-08 03:00:00,145.11,grocery,web,CA,46,49,1,0
916,2024-02-08 04:00:00,174.71,restaurant,pos,CA,77,94,1,0
917,2024-02-08 05:00:00,136.79,ecommerce,pos,MX,71,51,1,0
918,2024-02-08 06:00:00,79.82,electronics,pos,CA,38,226,0,0
919,2024-02-08 07:00:00,137.47,electronics,mobile,GB,38,5,0,0
920,2024-02-08 08:00:00,216.63,restaurant,web,CA,75,97,0,1
921,2024-02-08 09:00:00,27.61,fuel,pos,FR,66,186,0,0
922,2024-02-08 10:00:00,131.97,electronics,pos,CA,53,174,0,0
923,2024-02-08 11:00:00,56.99,electronics,mobile,CA,34,183,0,0
924,2024-02-08 12:00:00,227.55,grocery,mobile,US,70,73,0,0
925,2024-02-08 13:00:00,17.09,restaurant,web,CA,32,145,0,0
926,2024-02-08 14:00:00,69.7,electronics,web,CA,57,140,0,0
927,2024-02-08 15:00:00,153.95,electronics,mobile,CA,68,152,0,0
928,2024-02-08 16:00:00,260.9,grocery,mobile,CA,82,56,0,0
929,2024-02-08 17:00:00,114.08,electronics,web,CA,30,183,0,0
930,2024-02-08 18:00:00,70.03,grocery,pos,CA,55,122,0,0
931,2024-02-08 19:00:00,289.3,fuel,mobile,CA,43,126,0,0
932,2024-02-08 20:00:00,10.32,travel,pos,MX,32,204,0,0
933,2024-02-08 21:00:00,77.89,grocery,pos,CA,22,79,0,0
934,2024-02-08 22:00:00,159.6,grocery,mobile,CA,19,16,0,0
935,2024-02-08 23:00:00,74.82,electronics,web,CA,82,126,1,0
936,2024-02-09 00:00:00,28.09,grocery,mobile,CA,77,87,1,0
937,2024-02-09 01:00:00,183.75,restaurant,web,CA,73,210,1,0
938,2024-02-09 02:00:00,141.94,ecommerce,mobile,CA,55,22,1,0
939,2024-02-09 03:00:00,69.23,ecommerce,pos,US,74,110,1,0
940,2024-02-09 04:00:00,4.77,fuel,mobile,CA,68,172,1,1
941,2024-02-09 05:00:00,198.52,grocery,pos,IN,58,95,1,0
942,2024-02-09 06:00:00,178.52,restaurant,pos,FR,69,43,0,0
943,2024-02-09 07:00:00,111.07,electronics,pos,CA,18,79,0,0
944,2024-02-09 08:00:00,286.2,electronics,mobile,GB,35,21,0,0
945,2024-02-09 09:00:00,23.69,travel,pos,CA,44,123,0,0
946,2024-02-09 10:00:00,17.3,fuel,web,CA,59,8,0,0
947,2024-02-09 11:00:00,57.73,restaurant,pos,CA,23,49,0,0
948,2024-02-09 12:00:00,115.9,restaurant,pos,US,41,232,0,0
949,2024-02-09 13:00:00,141.9,electronics,web,FR,62,228,0,0
950,2024-02-09 14:00:00,98.29,travel,atm,CA,24,125,0,0
951,2024-02-09 15:00:00,151.68,electronics,pos,CA,33,106,0,0
952,2024-02-09 16:00:00,7.36,travel,web,CA,75,230,0,0
953,2024-02-09 17:00:00,249.94,ecommerce,atm,CA,74,134,0,0
954,2024-02-09 18:00:00,112.61,restaurant,mobile,CA,59,81,0,0
955,2024-02-09 19:00:00,220.56,ecommerce,mobile,US,31,104,0,0
956,2024-02-09 20:00:00,150.85,electronics,pos,CA,73,109,0,0
957,2024-02-09 21:00:00,161.11,fuel,web,CA,29,175,0,0
958,2024-02-09 22:00:00,171.28,grocery,pos,CA,32,164,0,0
959,2024-02-09 23:00:00,160.29,fuel,web,CA,25,125,1,0
960,2024-02-10 00:00:00,177.85,fuel,mobile,CA,75,92,1,0
961,2024-02-10 01:00:00,239.62,grocery,web,CA,70,121,1,0
962,2024-02-10 02:00:00,137.69,restaurant,pos,FR,26,111,1,0
963,2024-02-10 03:00:00,183.81,ecommerce,mobile,CA,63,23,1,0
964,2024-02-10 04:00:00,111.92,ecommerce,web,CA,24,159,1,0
965,2024-02-10 05:00:00,249.61,restaurant,mobile,CA,61,110,1,0
966,2024-02-10 06:00:00,59.12,grocery,web,CA,31,75,0,0
967,2024-02-10 07:00:00,282.08,travel,pos,US,23,62,0,0
968,2024-02-10 08:00:00,116.39,fuel,web,CA,52,212,0,0
969,2024-02-10 09:00:00,8.77,electronics,web,FR,78,96,0,0
970,2024-02-10 10:00:00,131.53,ecommerce,pos,IN,41,209,0,0
971,2024-02-10 11:00:00,58.71,restaurant,web,CA,19,57,0,0
972,2024-02-10 12:00:00,195.66,electronics,web,IN,68,234,0,0
973,2024-02-10 13:00:00,61.26,grocery,web,FR,48,102,0,0
974,2024-02-10 14:00:00,79.84,electronics,pos,CA,44,70,0,0
975,2024-02-10 15:00:00,50.06,electronics,web,CA,48,65,0,1
976,2024-02-10 16:00:00,79.29,fuel,pos,US,60,37,0,0
977,2024-02-10 17:00:00,98.15,grocery,web,CA,69,68,0,0
978,2024-02-10 18:00:00,22.55,electronics,pos,CA,31,223,0,0
979,2024-02-10 19:00:00,188.44,ecommerce,pos,CA,76,75,0,0
980,2024-02-10 20:00:00,190.72,grocery,pos,CA,37,17,0,0
981,2024-02-10 21:00:00,158.29,ecommerce,pos,FR,69,135,0,0
982,2024-02-10 22:00:00,32.97,restaurant,web,CA,57,52,0,0
983,2024-02-10 23:00:00,115.71,restaurant,atm,US,61,163,1,0
984,2024-02-11 00:00:00,119.68,travel,web,CA,23,130,1,0
985,2024-02-11 01:00:00,15.75,restaurant,web,CA,74,168,1,1
986,2024-02-11 02:00:00,255.31,electronics,mobile,CA,75,37,1,0
987,2024-02-11 03:00:00,198.96,grocery,mobile,CA,47,57,1,0
988,2024-02-11 04:00:00,100.11,restaurant,mobile,CA,69,101,1,0
989,2024-02-11 05:00:00,122.42,ecommerce,pos,MX,28,10,1,0
990,2024-02-11 06:00:00,138.75,electronics,web,CA,64,204,0,0
991,2024-02-11 07:00:00,63.76,restaurant,mobile,CA,22,81,0,0
992,2024-02-11 08:00:00,97.75,fuel,mobile,CA,20,174,0,0
993,2024-02-11 09:00:00,58.62,ecommerce,web,CA,32,90,0,0
994,2024-02-11 10:00:00,29.85,ecommerce,pos,GB,19,133,0,0
995,2024-02-11 11:00:00,94.7,travel,atm,CA,19,133,0,0
996,2024-02-11 12:00:00,281.79,fuel,web,CA,71,120,0,0
997,2024-02-11 13:00:00,177.68,travel,pos,CA,63,102,0,0
998,2024-02-11 14:00:00,68.59,restaurant,pos,CA,58,239,0,0
999,2024-02-11 15:00:00,171.53,fuel,web,CA,47,27,0,0
1000,2024-02-11 16:00:00,245.94,ecommerce,pos,CA,61,5,0,0
1001,2024-02-11 17:00:00,203.22,travel,pos,CA,27,61,0,0
1002,2024-02-11 18:00:00,125.37,electronics,atm,US,47,136,0,0
1003,2024-02-11 19:00:00,61.78,fuel,pos,CA,66,159,0,0
1004,2024-02-11 20:00:00,182.84,ecommerce,web,CA,52,97,0,0
1005,2024-02-11 21:00:00,155.41,grocery,mobile,IN,82,149,0,0
1006,2024-02-11 22:00:00,200.57,fuel,web,FR,34,227,0,0
1007,2024-02-11 23:00:00,177.17,fuel,pos,CA,48,21,1,0
1008,2024-02-12 00:00:00,214.46,restaurant,web,CA,69,51,1,0
1009,2024-02-12 01:00:00,71.83,electronics,pos,CA,43,79,1,1
1010,2024-02-12 02:00:00,238.57,restaurant,pos,CA,22,228,1,0
1011,2024-02-12 03:00:00,137.78,fuel,mobile,US,31,59,1,0
1012,2024-02-12 04:00:00,306.77,fuel,mobile,CA,68,2,1,0
1013,2024-02-12 05:00:00,57.97,electronics,mobile,CA,32,158,1,0
1014,2024-02-12 06:00:00,276.24,electronics,pos,US,29,58,0,0
1015,2024-02-12 07:00:00,137.81,travel,web,GB,63,220,0,0
1016,2024-02-12 08:00:00,61.37,ecommerce,pos,FR,81,209,0,0
1017,2024-02-12 09:00:00,76.45,ecommerce,web,CA,76,236,0,0
1018,2024-02-12 10:00:00,91.17,travel,pos,CA,43,20,0,0
1019,2024-02-12 11:00:00,158.17,ecommerce,mobile,CA,46,168,0,0
1020,2024-02-12 12:00:00,167.06,fuel,pos,US,21,157,0,0
1021,2024-02-12 13:00:00,68.37,travel,pos,FR,67,133,0,0
1022,2024-02-12 14:00:00,117.81,travel,web,MX,42,89,0,0
1023,2024-02-12 15:00:00,312.8,ecommerce,pos,US,57,138,0,0
1024,2024-02-12 16:00:00,275.48,grocery,mobile,CA,49,211,0,0
1025,2024-02-12 17:00:00,159.27,ecommerce,mobile,CA,54,189,0,0
1026,2024-02-12 18:00:00,123.42,restaurant,pos,CA,27,105,0,0
1027,2024-02-12 19:00:00,130.8,grocery,pos,GB,55,112,0,0
1028,2024-02-12 20:00:00,175.22,travel,atm,CA,78,129,0,0
1029,2024-02-12 21:00:00,27.95,grocery,mobile,CA,44,175,0,0
1030,2024-02-12 22:00:00,96.84,fuel,atm,CA,24,98,0,0
1031,2024-02-12 23:00:00,30.17,electronics,pos,CA,26,185,1,0
1032,2024-02-13 00:00:00,155.93,grocery,pos,US,76,14,1,0
1033,2024-02-13 01:00:00,178.25,restaurant,pos,CA,53,153,1,0
1034,2024-02-13 02:00:00,76.51,electronics,pos,US,47,218,1,0
1035,2024-02-13 03:00:00,261.66,fuel,mobile,CA,36,21,1,0
1036,2024-02-13 04:00:00,9.68,restaurant,pos,CA,58,16,1,0
1037,2024-02-13 05:00:00,11.79,electronics,web,CA,72,202,1,1
1038,2024-02-13 06:00:00,140.2,fuel,pos,FR,23,160,0,0
1039,2024-02-13 07:00:00,214.24,electronics,mobile,CA,39,236,0,0
1040,2024-02-13 08:00:00,271.55,electronics,pos,CA,41,173,0,0
1041,2024-02-13 09:00:00,78.7,ecommerce,pos,CA,79,64,0,0
1042,2024-02-13 10:00:00,217.08,restaurant,web,CA,59,84,0,0
1043,2024-02-13 11:00:00,116.53,restaurant,pos,CA,39,73,0,0
1044,2024-02-13 12:00:00,104.46,grocery,web,CA,33,60,0,0
1045,2024-02-13 13:00:00,199.53,restaurant,web,IN,30,98,0,0
1046,2024-02-13 14:00:00,178.71,restaurant,mobile,US,54,223,0,0
1047,2024-02-13 15:00:00,21.88,electronics,web,CA,69,147,0,0
1048,2024-02-13 16:00:00,252.89,travel,web,CA,41,47,0,0
1049,2024-02-13 17:00:00,244.21,ecommerce,atm,US,34,223,0,0
1050,2024-02-13 18:00:00,63.7,grocery,atm,GB,33,192,0,0
1051,2024-02-13 19:00:00,155.62,ecommerce,mobile,CA,18,158,0,0
1052,2024-02-13 20:00:00,164.46,grocery,web,CA,18,47,0,0
1053,2024-02-13 21:00:00,143.46,fuel,web,US,47,216,0,0
1054,2024-02-13 22:00:00,70.47,electronics,pos,US,41,33,0,0
1055,2024-02-13 23:00:00,59.55,restaurant,atm,CA,63,210,1,0
1056,2024-02-14 00:00:00,117.7,restaurant,mobile,CA,19,21,1,0
1057,2024-02-14 01:00:00,225.55,travel,pos,CA,32,95,1,1
1058,2024-02-14 02:00:00,168.92,ecommerce,pos,CA,46,63,1,0
1059,2024-02-14 03:00:00,86.64,ecommerce,pos,CA,79,231,1,0
1060,2024-02-14 04:00:00,189.45,ecommerce,pos,CA,30,42,1,0
1061,2024-02-14 05:00:00,136.37,restaurant,pos,CA,82,189,1,0
1062,2024-02-14 06:00:00,223.39,ecommerce,web,CA,62,105,0,0
1063,2024-02-14 07:00:00,36.57,electronics,pos,CA,64,126,0,0
1064,2024-02-14 08:00:00,87.38,grocery,web,CA,33,115,0,0
1065,2024-02-14 09:00:00,19.23,restaurant,pos,CA,20,43,0,0
1066,2024-02-14 10:00:00,3.48,electronics,pos,CA,22,68,0,0
1067,2024-02-14 11:00:00,224.47,fuel,web,CA,43,26,0,0
1068,2024-02-14 12:00:00,77.91,electronics,mobile,CA,32,161,0,1
1069,2024-02-14 13:00:00,151.19,electronics,web,CA,72,108,0,0
1070,2024-02-14 14:00:00,115.78,fuel,web,CA,39,33,0,0
1071,2024-02-14 15:00:00,162.93,electronics,web,CA,54,49,0,0
1072,2024-02-14 16:00:00,126.91,grocery,pos,CA,46,84,0,0
1073,2024-02-14 17:00:00,4.53,restaurant,pos,US,43,41,0,0
1074,2024-02-14 18:00:00,209.66,travel,pos,CA,28,200,0,0
1075,2024-02-14 19:00:00,75.56,fuel,web,MX,37,36,0,0
1076,2024-02-14 20:00:00,20.09,restaurant,mobile,CA,50,200,0,1
1077,2024-02-14 21:00:00,81.47,ecommerce,mobile,GB,47,95,0,0
1078,2024-02-14 22:00:00,255.07,grocery,pos,CA,67,119,0,0
1079,2024-02-14 23:00:00,196.52,travel,mobile,CA,51,150,1,0
1080,2024-02-15 00:00:00,88.62,grocery,pos,CA,22,234,1,0
1081,2024-02-15 01:00:00,88.57,grocery,pos,GB,29,175,1,1
1082,2024-02-15 02:00:00,91.05,ecommerce,pos,CA,69,83,1,0
1083,2024-02-15 03:00:00,306.91,travel,web,MX,68,20,1,0
1084,2024-02-15 04:00:00,154.37,grocery,pos,CA,38,87,1,0
1085,2024-02-15 05:00:00,158.7,ecommerce,web,CA,75,152,1,0
1086,2024-02-15 06:00:00,212.73,fuel,mobile,MX,81,126,0,0
1087,2024-02-15 07:00:00,141.49,ecommerce,pos,IN,23,171,0,0
1088,2024-02-15 08:00:00,96.69,electronics,web,CA,66,216,0,1
1089,2024-02-15 09:00:00,102.33,restaurant,pos,CA,54,100,0,0
1090,2024-02-15 10:00:00,113.56,ecommerce,pos,CA,27,73,0,0
1091,2024-02-15 11:00:00,116.65,ecommerce,pos,CA,83,232,0,0
1092,2024-02-15 12:00:00,185.49,ecommerce,atm,CA,73,16,0,0
1093,2024-02-15 13:00:00,124.68,grocery,web,CA,83,27,0,0
1094,2024-02-15 14:00:00,185.94,travel,mobile,CA,62,45,0,0
1095,2024-02-15 15:00:00,112.74,ecommerce,pos,US,81,165,0,0
1096,2024-02-15 16:00:00,127.08,ecommerce,mobile,CA,33,13,0,0
1097,2024-02-15 17:00:00,59.84,electronics,mobile,CA,27,179,0,0
1098,2024-02-15 18:00:00,202.47,electronics,mobile,CA,38,2,0,0
1099,2024-02-15 19:00:00,151.18,fuel,mobile,GB,29,76,0,0
1100,2024-02-15 20:00:00,209.82,fuel,pos,CA,30,105,0,0
1101,2024-02-15 21:00:00,140.66,electronics,web,CA,27,97,0,0
1102,2024-02-15 22:00:00,307.95,travel,web,IN,30,87,0,0
1103,2024-02-15 23:00:00,107.44,fuel,web,CA,51,59,1,0
1104,2024-02-16 00:00:00,219.74,restaurant,mobile,CA,76,14,1,1
1105,2024-02-16 01:00:00,26.41,restaurant,pos,MX,66,103,1,0
1106,2024-02-16 02:00:00,175.15,travel,pos,CA,23,177,1,0
1107,2024-02-16 03:00:00,25.19,electronics,pos,IN,29,30,1,0
1108,2024-02-16 04:00:00,63.86,fuel,mobile,US,46,110,1,0
1109,2024-02-16 05:00:00,292.26,ecommerce,mobile,CA,43,98,1,0
1110,2024-02-16 06:00:00,102.84,electronics,web,CA,33,9,0,0
1111,2024-02-16 07:00:00,139.57,fuel,web,CA,70,207,0,0
1112,2024-02-16 08:00:00,198.31,travel,web,MX,36,24,0,0
1113,2024-02-16 09:00:00,164.61,restaurant,web,CA,64,112,0,0
1114,2024-02-16 10:00:00,133.54,travel,pos,CA,49,41,0,0
1115,2024-02-16 11:00:00,152.85,fuel,mobile,CA,78,188,0,0
1116,2024-02-16 12:00:00,336.31,travel,web,US,22,217,0,0
1117,2024-02-16 13:00:00,114.81,fuel,web,CA,76,228,0,0
1118,2024-02-16 14:00:00,138.1,fuel,pos,CA,19,32,0,0
1119,2024-02-16 15:00:00,214.56,travel,mobile,CA,19,175,0,0
1120,2024-02-16 16:00:00,219.5,grocery,mobile,MX,20,21,0,0
1121,2024-02-16 17:00:00,226.83,ecommerce,web,CA,60,170,0,0
1122,2024-02-16 18:00:00,177.49,electronics,mobile,US,22,231,0,0
1123,2024-02-16 19:00:00,17.13,restaurant,web,CA,67,70,0,0
1124,2024-02-16 20:00:00,267.01,ecommerce,web,CA,27,111,0,0
1125,2024-02-16 21:00:00,16.83,electronics,pos,US,44,89,0,0
1126,2024-02-16 22:00:00,147.24,electronics,mobile,CA,41,2,0,0
1127,2024-02-16 23:00:00,52.12,restaurant,web,US,39,159,1,0
1128,2024-02-17 00:00:00,114.23,ecommerce,mobile,CA,20,56,1,0
1129,2024-02-17 01:00:00,149.59,restaurant,web,FR,33,158,1,0
1130,2024-02-17 02:00:00,148.92,fuel,mobile,CA,47,191,1,0
1131,2024-02-17 03:00:00,157.97,restaurant,mobile,CA,60,15,1,0
1132,2024-02-17 04:00:00,265.23,travel,web,US,21,18,1,0
1133,2024-02-17 05:00:00,160.82,grocery,mobile,US,57,32,1,0
1134,2024-02-17 06:00:00,98.03,grocery,web,CA,33,14,0,0
1135,2024-02-17 07:00:00,206.77,grocery,atm,FR,33,190,0,0
1136,2024-02-17 08:00:00,227.05,ecommerce,mobile,CA,83,210,0,0
1137,2024-02-17 09:00:00,9.52,ecommerce,pos,IN,72,227,0,0
1138,2024-02-17 10:00:00,173.77,fuel,mobile,CA,37,52,0,0
1139,2024-02-17 11:00:00,183.11,grocery,web,CA,68,22,0,0
1140,2024-02-17 12:00:00,93.22,fuel,atm,CA,74,14,0,0
1141,2024-02-17 13:00:00,243.81,grocery,mobile,IN,68,230,0,0
1142,2024-02-17 14:00:00,106.49,ecommerce,pos,CA,35,206,0,0
1143,2024-02-17 15:00:00,131.3,travel,pos,FR,76,34,0,0
1144,2024-02-17 16:00:00,104.42,travel,web,US,45,86,0,0
1145,2024-02-17 17:00:00,121.4,travel,mobile,CA,45,208,0,0
1146,2024-02-17 18:00:00,21.34,restaurant,mobile,CA,30,56,0,0
1147,2024-02-17 19:00:00,9.6,travel,pos,CA,23,181,0,0
1148,2024-02-17 20:00:00,263.51,electronics,mobile,CA,46,177,0,0
1149,2024-02-17 21:00:00,43.77,grocery,web,CA,26,63,0,0
1150,2024-02-17 22:00:00,30.77,travel,pos,FR,46,144,0,0
1151,2024-02-17 23:00:00,73.81,electronics,pos,CA,55,80,1,1
1152,2024-02-18 00:00:00,62.49,electronics,pos,FR,82,40,1,0
1153,2024-02-18 01:00:00,0.92,electronics,pos,CA,73,38,1,0
1154,2024-02-18 02:00:00,267.78,fuel,pos,CA,47,146,1,0
1155,2024-02-18 03:00:00,210.88,fuel,pos,CA,76,23,1,1
1156,2024-02-18 04:00:00,58.07,electronics,mobile,US,75,110,1,0
1157,2024-02-18 05:00:00,322.72,restaurant,pos,CA,27,48,1,0
1158,2024-02-18 06:00:00,208.36,travel,pos,FR,38,232,0,0
1159,2024-02-18 07:00:00,90.77,grocery,pos,CA,73,82,0,0
1160,2024-02-18 08:00:00,104.95,restaurant,web,FR,43,174,0,0
1161,2024-02-18 09:00:00,326.18,ecommerce,web,MX,32,113,0,0
1162,2024-02-18 10:00:00,5.06,fuel,pos,US,52,22,0,0
1163,2024-02-18 11:00:00,28.09,travel,web,CA,32,125,0,0
1164,2024-02-18 12:00:00,212.03,travel,mobile,CA,23,54,0,0
1165,2024-02-18 13:00:00,339.58,ecommerce,pos,US,45,40,0,0
1166,2024-02-18 14:00:00,244.58,ecommerce,web,CA,80,30,0,0
1167,2024-02-18 15:00:00,170.75,travel,web,CA,46,183,0,0
1168,2024-02-18 16:00:00,173.53,ecommerce,pos,US,65,184,0,0
1169,2024-02-18 17:00:00,196.81,travel,mobile,CA,80,42,0,0
1170,2024-02-18 18:00:00,188.3,restaurant,mobile,CA,75,170,0,0
1171,2024-02-18 19:00:00,145.31,ecommerce,web,CA,38,190,0,0
1172,2024-02-18 20:00:00,129.38,restaurant,pos,CA,39,210,0,0
1173,2024-02-18 21:00:00,114.37,restaurant,mobile,GB,44,127,0,0
1174,2024-02-18 22:00:00,52.14,ecommerce,web,US,74,181,0,0
1175,2024-02-18 23:00:00,94.74,travel,pos,CA,27,82,1,0
1176,2024-02-19 00:00:00,32.37,electronics,web,MX,39,233,1,0
1177,2024-02-19 01:00:00,111.15,travel,mobile,CA,61,53,1,0
1178,2024-02-19 02:00:00,31.03,grocery,mobile,CA,45,192,1,0
1179,2024-02-19 03:00:00,20.68,ecommerce,pos,CA,67,1,1,0
1180,2024-02-19 04:00:00,136.19,fuel,pos,FR,68,106,1,0
1181,2024-02-19 05:00:00,245.28,ecommerce,web,IN,18,207,1,1
1182,2024-02-19 06:00:00,202.65,grocery,mobile,CA,51,197,0,0
1183,2024-02-19 07:00:00,21.35,restaurant,pos,CA,52,27,0,0
1184,2024-02-19 08:00:00,30.93,fuel,mobile,CA,78,17,0,0
1185,2024-02-19 09:00:00,204.67,fuel,web,US,47,63,0,0
1186,2024-02-19 10:00:00,31.58,travel,mobile,CA,57,128,0,0
1187,2024-02-19 11:00:00,99.78,electronics,web,CA,82,169,0,0
1188,2024-02-19 12:00:00,169.5,travel,pos,CA,54,121,0,0
1189,2024-02-19 13:00:00,32.85,fuel,mobile,CA,81,186,0,0
1190,2024-02-19 14:00:00,129.48,fuel,mobile,CA,18,122,0,0
1191,2024-02-19 15:00:00,0.06,electronics,pos,CA,32,185,0,0
1192,2024-02-19 16:00:00,65.88,ecommerce,web,CA,30,224,0,1
1193,2024-02-19 17:00:00,148.78,electronics,pos,IN,46,127,0,0
1194,2024-02-19 18:00:00,23.37,restaurant,pos,CA,72,166,0,0
1195,2024-02-19 19:00:00,159.64,travel,mobile,CA,62,218,0,0
1196,2024-02-19 20:00:00,118.23,ecommerce,pos,CA,21,122,0,0
1197,2024-02-19 21:00:00,169.72,travel,mobile,CA,81,66,0,0
1198,2024-02-19 22:00:00,140.15,electronics,web,CA,32,220,0,1
1199,2024-02-19 23:00:00,242.77,ecommerce,atm,CA,65,173,1,0
1200,2024-02-20 00:00:00,131.27,electronics,pos,CA,73,23,1,1
1201,2024-02-20 01:00:00,81.35,restaurant,pos,US,32,148,1,0
1202,2024-02-20 02:00:00,131.01,grocery,pos,CA,56,36,1,0
1203,2024-02-20 03:00:00,168.9,fuel,mobile,IN,77,170,1,0
1204,2024-02-20 04:00:00,124.4,ecommerce,web,CA,61,150,1,0
1205,2024-02-20 05:00:00,123.65,fuel,pos,CA,60,188,1,0
1206,2024-02-20 06:00:00,56.82,grocery,mobile,CA,21,11,0,0
1207,2024-02-20 07:00:00,60.34,ecommerce,mobile,CA,67,28,0,0
1208,2024-02-20 08:00:00,6.23,fuel,mobile,GB,56,45,0,0
1209,2024-02-20 09:00:00,277.46,fuel,pos,CA,71,124,0,0
1210,2024-02-20 10:00:00,8.05,ecommerce,pos,CA,40,122,0,0
1211,2024-02-20 11:00:00,57.64,fuel,mobile,CA,77,150,0,0
1212,2024-02-20 12:00:00,55.34,fuel,web,FR,52,81,0,0
1213,2024-02-20 13:00:00,200.54,ecommerce,pos,CA,71,191,0,0
1214,2024-02-20 14:00:00,93.45,fuel,pos,CA,75,159,0,0
1215,2024-02-20 15:00:00,232.3,fuel,atm,CA,79,11,0,0
1216,2024-02-20 16:00:00,59.39,travel,pos,MX,65,36,0,0
1217,2024-02-20 17:00:00,145.11,restaurant,mobile,CA,24,78,0,0
1218,2024-02-20 18:00:00,44.82,travel,web,CA,62,35,0,0
1219,2024-02-20 19:00:00,313.06,grocery,mobile,CA,30,127,0,0
1220,2024-02-20 20:00:00,13.12,travel,mobile,CA,70,151,0,0
1221,2024-02-20 21:00:00,147.88,travel,web,US,56,29,0,0
1222,2024-02-20 22:00:00,177.04,grocery,pos,CA,35,151,0,0
1223,2024-02-20 23:00:00,157.24,fuel,mobile,CA,39,236,1,0
1224,2024-02-21 00:00:00,103.32,fuel,pos,FR,53,124,1,0
1225,2024-02-21 01:00:00,108.32,travel,mobile,CA,70,228,1,0
1226,2024-02-21 02:00:00,123.94,grocery,mobile,CA,20,16,1,0
1227,2024-02-21 03:00:00,106.77,fuel,web,CA,79,103,1,0
1228,2024-02-21 04:00:00,206.75,electronics,pos,US,46,84,1,1
1229,2024-02-21 05:00:00,318.95,ecommerce,pos,CA,25,217,1,0
1230,2024-02-21 06:00:00,69.83,ecommerce,mobile,CA,63,147,0,0
1231,2024-02-21 07:00:00,3.28,restaurant,pos,US,73,218,0,0
1232,2024-02-21 08:00:00,112.05,ecommerce,atm,CA,66,96,0,0
1233,2024-02-21 09:00:00,352.17,travel,atm,MX,60,191,0,0
1234,2024-02-21 10:00:00,47.67,ecommerce,pos,US,27,50,0,0
1235,2024-02-21 11:00:00,267.52,ecommerce,pos,CA,30,213,0,0
1236,2024-02-21 12:00:00,270.99,electronics,web,US,74,201,0,0
1237,2024-02-21 13:00:00,70.18,fuel,atm,CA,19,43,0,0
1238,2024-02-21 14:00:00,171.21,electronics,web,MX,82,19,0,0
1239,2024-02-21 15:00:00,266.56,travel,pos,US,59,113,0,1
1240,2024-02-21 16:00:00,85.88,ecommerce,mobile,CA,75,121,0,0
1241,2024-02-21 17:00:00,101.68,fuel,pos,CA,27,213,0,0
1242,2024-02-21 18:00:00,67.65,restaurant,pos,CA,80,18,0,0
1243,2024-02-21 19:00:00,28.67,restaurant,pos,CA,78,134,0,0
1244,2024-02-21 20:00:00,61.57,ecommerce,web,CA,18,35,0,0
1245,2024-02-21 21:00:00,9.85,ecommerce,pos,US,43,14,0,1
1246,2024-02-21 22:00:00,123.07,restaurant,web,CA,22,64,0,0
1247,2024-02-21 23:00:00,50.7,restaurant,mobile,CA,52,137,1,0
1248,2024-02-22 00:00:00,141.04,travel,web,US,30,163,1,0
1249,2024-02-22 01:00:00,20.03,ecommerce,mobile,CA,44,2,1,0
1250,2024-02-22 02:00:00,149.78,restaurant,pos,US,29,6,1,0
1251,2024-02-22 03:00:00,195.02,grocery,web,CA,67,99,1,0
1252,2024-02-22 04:00:00,59.44,restaurant,pos,CA,76,121,1,0
1253,2024-02-22 05:00:00,153.67,fuel,web,CA,48,153,1,0
1254,2024-02-22 06:00:00,230.49,fuel,pos,GB,54,73,0,0
1255,2024-02-22 07:00:00,11.13,grocery,pos,CA,19,178,0,0
1256,2024-02-22 08:00:00,270.53,travel,pos,CA,82,223,0,0
1257,2024-02-22 09:00:00,157.71,ecommerce,pos,CA,20,135,0,0
1258,2024-02-22 10:00:00,56.55,ecommerce,web,MX,37,63,0,0
1259,2024-02-22 11:00:00,114.98,restaurant,web,CA,19,156,0,0
1260,2024-02-22 12:00:00,170.25,fuel,pos,CA,59,2,0,0
1261,2024-02-22 13:00:00,126.84,travel,mobile,CA,60,65,0,0
1262,2024-02-22 14:00:00,168.49,travel,web,CA,38,101,0,0
1263,2024-02-22 15:00:00,37.14,travel,web,CA,62,187,0,0
1264,2024-02-22 16:00:00,135.24,restaurant,mobile,CA,37,152,0,0
1265,2024-02-22 17:00:00,7.23,ecommerce,pos,CA,60,190,0,0
1266,2024-02-22 18:00:00,109.99,travel,pos,CA,67,227,0,0
1267,2024-02-22 19:00:00,38.65,restaurant,web,CA,60,199,0,0
1268,2024-02-22 20:00:00,53.8,restaurant,mobile,CA,41,38,0,0
1269,2024-02-22 21:00:00,231.25,grocery,web,CA,77,221,0,0
1270,2024-02-22 22:00:00,218.22,electronics,mobile,CA,49,62,0,0
1271,2024-02-22 23:00:00,174.82,travel,mobile,CA,22,193,1,1
1272,2024-02-23 00:00:00,21.69,electronics,web,MX,19,119,1,0
1273,2024-02-23 01:00:00,91.52,ecommerce,web,CA,43,179,1,0
1274,2024-02-23 02:00:00,229.18,restaurant,web,CA,42,222,1,0
1275,2024-02-23 03:00:00,132.75,travel,web,CA,67,52,1,0
1276,2024-02-23 04:00:00,328.74,fuel,web,CA,56,110,1,1
1277,2024-02-23 05:00:00,155.4,ecommerce,mobile,CA,28,224,1,0
1278,2024-02-23 06:00:00,137.28,grocery,web,CA,80,74,0,0
1279,2024-02-23 07:00:00,92.18,grocery,pos,CA,35,98,0,0
1280,2024-02-23 08:00:00,132.02,electronics,mobile,US,45,63,0,1
1281,2024-02-23 09:00:00,106.28,restaurant,mobile,GB,59,139,0,0
1282,2024-02-23 10:00:00,183.73,electronics,atm,CA,77,48,0,0
1283,2024-02-23 11:00:00,206.1,fuel,web,CA,39,101,0,0
1284,2024-02-23 12:00:00,49.26,fuel,pos,CA,57,182,0,0
1285,2024-02-23 13:00:00,0.19,grocery,pos,CA,79,219,0,0
1286,2024-02-23 14:00:00,45.26,travel,mobile,CA,20,178,0,0
1287,2024-02-23 15:00:00,165.72,grocery,pos,CA,80,74,0,0
1288,2024-02-23 16:00:00,20.7,grocery,mobile,CA,37,38,0,0
1289,2024-02-23 17:00:00,73.76,fuel,pos,US,43,214,0,0
1290,2024-02-23 18:00:00,154.97,electronics,mobile,CA,58,216,0,0
1291,2024-02-23 19:00:00,344.37,fuel,mobile,CA,20,136,0,0
1292,2024-02-23 20:00:00,119.45,restaurant,mobile,CA,60,6,0,0
1293,2024-02-23 21:00:00,195.46,fuel,pos,CA,34,68,0,0
1294,2024-02-23 22:00:00,127.36,fuel,web,CA,70,197,0,0
1295,2024-02-23 23:00:00,111.1,grocery,pos,CA,69,134,1,1
1296,2024-02-24 00:00:00,202.72,travel,pos,CA,50,111,1,0
1297,2024-02-24 01:00:00,93.88,grocery,pos,CA,77,32,1,0
1298,2024-02-24 02:00:00,144.07,ecommerce,mobile,CA,73,38,1,0
1299,2024-02-24 03:00:00,148.95,fuel,pos,CA,81,115,1,0
1300,2024-02-24 04:00:00,59.87,fuel,mobile,CA,25,185,1,0
1301,2024-02-24 05:00:00,209.28,ecommerce,pos,CA,50,212,1,0
1302,2024-02-24 06:00:00,104.25,fuel,pos,CA,42,232,0,0
1303,2024-02-24 07:00:00,51.98,fuel,pos,CA,24,109,0,0
1304,2024-02-24 08:00:00,168.29,restaurant,mobile,CA,76,228,0,0
1305,2024-02-24 09:00:00,39.14,fuel,pos,CA,50,64,0,0
1306,2024-02-24 10:00:00,122.54,ecommerce,mobile,US,58,54,0,0
1307,2024-02-24 11:00:00,119.18,grocery,web,CA,50,113,0,0
1308,2024-02-24 12:00:00,217.73,fuel,mobile,FR,46,14,0,0
1309,2024-02-24 13:00:00,162.72,travel,pos,CA,56,64,0,0
1310,2024-02-24 14:00:00,117.75,ecommerce,web,US,74,178,0,0
1311,2024-02-24 15:00:00,193.6,electronics,mobile,CA,81,175,0,0
1312,2024-02-24 16:00:00,245.12,restaurant,mobile,GB,83,54,0,0
1313,2024-02-24 17:00:00,170.2,ecommerce,web,FR,26,19,0,0
1314,2024-02-24 18:00:00,120.93,grocery,mobile,CA,46,203,0,0
1315,2024-02-24 19:00:00,1.93,ecommerce,pos,CA,45,167,0,0
1316,2024-02-24 20:00:00,24.14,electronics,mobile,CA,70,193,0,0
1317,2024-02-24 21:00:00,92.53,restaurant,pos,CA,63,126,0,0
1318,2024-02-24 22:00:00,65.14,travel,pos,US,56,227,0,1
1319,2024-02-24 23:00:00,103.17,electronics,pos,CA,75,211,1,0
1320,2024-02-25 00:00:00,125.1,ecommerce,mobile,US,71,60,1,1
1321,2024-02-25 01:00:00,167.67,electronics,atm,CA,23,161,1,0
1322,2024-02-25 02:00:00,113.66,ecommerce,pos,CA,62,32,1,0
1323,2024-02-25 03:00:00,163.79,travel,mobile,FR,57,36,1,0
1324,2024-02-25 04:00:00,125.8,travel,web,CA,40,152,1,0
1325,2024-02-25 05:00:00,57.79,grocery,mobile,CA,59,171,1,0
1326,2024-02-25 06:00:00,35.46,travel,pos,CA,55,199,0,0
1327,2024-02-25 07:00:00,107.03,fuel,web,MX,33,199,0,0
1328,2024-02-25 08:00:00,11.13,electronics,pos,CA,64,46,0,0
1329,2024-02-25 09:00:00,173.99,electronics,pos,US,38,175,0,0
1330,2024-02-25 10:00:00,257.77,ecommerce,web,CA,38,197,0,0
1331,2024-02-25 11:00:00,229.69,travel,mobile,CA,42,14,0,0
1332,2024-02-25 12:00:00,100.79,grocery,web,CA,78,173,0,0
1333,2024-02-25 13:00:00,254.17,grocery,mobile,CA,71,180,0,0
1334,2024-02-25 14:00:00,133.38,grocery,mobile,CA,77,218,0,0
1335,2024-02-25 15:00:00,89.66,restaurant,pos,CA,59,118,0,0
1336,2024-02-25 16:00:00,64.79,fuel,pos,CA,78,50,0,0
1337,2024-02-25 17:00:00,92.78,travel,mobile,CA,49,65,0,0
1338,2024-02-25 18:00:00,85.06,grocery,mobile,CA,70,77,0,0
1339,2024-02-25 19:00:00,135.34,fuel,atm,CA,61,64,0,0
1340,2024-02-25 20:00:00,134.45,electronics,mobile,CA,28,23,0,0
1341,2024-02-25 21:00:00,120.27,ecommerce,web,CA,64,125,0,0
1342,2024-02-25 22:00:00,159.32,travel,mobile,CA,77,84,0,0
1343,2024-02-25 23:00:00,227.16,travel,pos,MX,53,199,1,1
1344,2024-02-26 00:00:00,205.46,restaurant,pos,CA,77,70,1,0
1345,2024-02-26 01:00:00,13.64,electronics,mobile,US,50,187,1,1
1346,2024-02-26 02:00:00,109.85,travel,mobile,CA,59,73,1,0
1347,2024-02-26 03:00:00,204.09,restaurant,atm,CA,30,92,1,0
1348,2024-02-26 04:00:00,3.02,restaurant,pos,CA,31,74,1,0
1349,2024-02-26 05:00:00,99.77,restaurant,mobile,CA,75,182,1,0
1350,2024-02-26 06:00:00,14.69,travel,mobile,CA,57,227,0,0
1351,2024-02-26 07:00:00,42.18,travel,web,CA,82,199,0,0
1352,2024-02-26 08:00:00,168.73,travel,pos,GB,22,217,0,0
1353,2024-02-26 09:00:00,188.32,fuel,web,CA,47,222,0,0
1354,2024-02-26 10:00:00,68.11,restaurant,web,CA,62,235,0,0
1355,2024-02-26 11:00:00,113.19,fuel,web,CA,75,154,0,0
1356,2024-02-26 12:00:00,70.84,ecommerce,web,CA,56,44,0,0
1357,2024-02-26 13:00:00,155.26,travel,mobile,CA,29,76,0,0
1358,2024-02-26 14:00:00,13.1,electronics,pos,CA,51,141,0,0
1359,2024-02-26 15:00:00,136.5,grocery,pos,CA,31,182,0,0
1360,2024-02-26 16:00:00,118.62,ecommerce,web,CA,55,119,0,0
1361,2024-02-26 17:00:00,172.14,grocery,pos,CA,33,40,0,0
1362,2024-02-26 18:00:00,130.76,grocery,atm,CA,78,4,0,0
1363,2024-02-26 19:00:00,32.42,travel,pos,CA,76,181,0,0
1364,2024-02-26 20:00:00,227.69,electronics,web,CA,84,129,0,0
1365,2024-02-26 21:00:00,105.73,grocery,mobile,CA,28,6,0,0
1366,2024-02-26 22:00:00,117.54,restaurant,pos,CA,28,55,0,0
1367,2024-02-26 23:00:00,36.01,grocery,mobile,MX,33,66,1,0
1368,2024-02-27 00:00:00,80.1,ecommerce,web,CA,55,118,1,0
1369,2024-02-27 01:00:00,40.37,electronics,pos,CA,47,238,1,0
1370,2024-02-27 02:00:00,104.43,electronics,mobile,FR,58,219,1,0
1371,2024-02-27 03:00:00,274.05,grocery,pos,CA,18,146,1,0
1372,2024-02-27 04:00:00,3.47,electronics,web,CA,55,234,1,1
1373,2024-02-27 05:00:00,25.22,ecommerce,pos,CA,77,29,1,0
1374,2024-02-27 06:00:00,252.41,ecommerce,pos,US,36,53,0,0
1375,2024-02-27 07:00:00,101.16,ecommerce,mobile,CA,76,161,0,0
1376,2024-02-27 08:00:00,59.78,restaurant,mobile,CA,27,131,0,0
1377,2024-02-27 09:00:00,213.59,travel,pos,CA,34,148,0,0
1378,2024-02-27 10:00:00,65.49,grocery,web,CA,46,132,0,0
1379,2024-02-27 11:00:00,284.34,electronics,mobile,CA,23,82,0,1
1380,2024-02-27 12:00:00,181.01,ecommerce,mobile,CA,83,136,0,0
1381,2024-02-27 13:00:00,76.09,grocery,web,MX,80,214,0,0
1382,2024-02-27 14:00:00,314.16,grocery,mobile,MX,48,105,0,0
1383,2024-02-27 15:00:00,65.49,travel,web,CA,42,86,0,0
1384,2024-02-27 16:00:00,186.79,restaurant,mobile,CA,38,83,0,0
1385,2024-02-27 17:00:00,146.94,electronics,atm,CA,33,156,0,0
1386,2024-02-27 18:00:00,237.16,restaurant,pos,CA,21,194,0,0
1387,2024-02-27 19:00:00,260.54,electronics,pos,CA,63,73,0,0
1388,2024-02-27 20:00:00,122.88,ecommerce,pos,CA,25,99,0,0
1389,2024-02-27 21:00:00,52.19,ecommerce,pos,CA,23,214,0,0
1390,2024-02-27 22:00:00,161.4,grocery,pos,CA,70,26,0,0
1391,2024-02-27 23:00:00,59.01,electronics,mobile,US,81,34,1,0
1392,2024-02-28 00:00:00,301.2,electronics,web,CA,68,71,1,0
1393,2024-02-28 01:00:00,132.29,restaurant,pos,US,80,94,1,0
1394,2024-02-28 02:00:00,87.12,ecommerce,pos,US,23,177,1,0
1395,2024-02-28 03:00:00,136.62,fuel,pos,CA,79,89,1,0
1396,2024-02-28 04:00:00,1.24,grocery,web,CA,50,177,1,0
1397,2024-02-28 05:00:00,32.55,electronics,web,CA,19,201,1,0
1398,2024-02-28 06:00:00,228.04,travel,pos,MX,58,27,0,0
1399,2024-02-28 07:00:00,60.88,travel,atm,CA,33,193,0,0
1400,2024-02-28 08:00:00,25.78,fuel,web,US,76,33,0,0
1401,2024-02-28 09:00:00,168.3,ecommerce,mobile,CA,26,72,0,0
1402,2024-02-28 10:00:00,226.71,ecommerce,pos,CA,27,49,0,0
1403,2024-02-28 11:00:00,184.71,ecommerce,mobile,IN,24,63,0,1
1404,2024-02-28 12:00:00,209.64,restaurant,web,CA,83,160,0,0
1405,2024-02-28 13:00:00,51.89,travel,mobile,GB,37,232,0,0
1406,2024-02-28 14:00:00,7.96,ecommerce,web,CA,80,19,0,0
1407,2024-02-28 15:00:00,255.12,travel,atm,CA,21,228,0,0
1408,2024-02-28 16:00:00,90.96,fuel,web,CA,45,178,0,0
1409,2024-02-28 17:00:00,97.43,grocery,mobile,GB,52,237,0,0
1410,2024-02-28 18:00:00,239.54,restaurant,mobile,MX,19,22,0,0
1411,2024-02-28 19:00:00,170.06,electronics,mobile,US,58,231,0,0
1412,2024-02-28 20:00:00,161.03,fuel,web,CA,45,90,0,0
1413,2024-02-28 21:00:00,314.85,travel,pos,CA,18,67,0,0
1414,2024-02-28 22:00:00,62.08,fuel,mobile,CA,44,238,0,0
1415,2024-02-28 23:00:00,203.51,electronics,web,CA,84,137,1,0
1416,2024-02-29 00:00:00,125.13,restaurant,web,US,56,163,1,0
1417,2024-02-29 01:00:00,144.17,grocery,pos,US,57,71,1,0
1418,2024-02-29 02:00:00,257.56,electronics,web,CA,45,79,1,0
1419,2024-02-29 03:00:00,165.71,restaurant,mobile,CA,41,132,1,0
1420,2024-02-29 04:00:00,168.45,travel,web,US,68,37,1,1
1421,2024-02-29 05:00:00,216.53,electronics,web,GB,73,28,1,0
1422,2024-02-29 06:00:00,87.15,fuel,pos,CA,43,137,0,0
1423,2024-02-29 07:00:00,44.47,ecommerce,pos,US,69,35,0,0
1424,2024-02-29 08:00:00,25.97,fuel,mobile,CA,23,112,0,0
1425,2024-02-29 09:00:00,56.97,travel,pos,CA,76,153,0,0
1426,2024-02-29 10:00:00,305.06,grocery,web,CA,29,9,0,0
1427,2024-02-29 11:00:00,20.71,electronics,web,CA,80,189,0,0
1428,2024-02-29 12:00:00,100.09,grocery,atm,CA,53,52,0,0
1429,2024-02-29 13:00:00,95.09,travel,pos,CA,26,225,0,0
1430,2024-02-29 14:00:00,147.67,electronics,pos,MX,84,145,0,0
1431,2024-02-29 15:00:00,193.42,restaurant,web,CA,46,204,0,0
1432,2024-02-29 16:00:00,197.44,restaurant,web,CA,25,9,0,1
1433,2024-02-29 17:00:00,67.52,fuel,pos,CA,60,54,0,0
1434,2024-02-29 18:00:00,104.96,fuel,mobile,CA,52,133,0,0
1435,2024-02-29 19:00:00,145.43,travel,web,CA,39,191,0,0
1436,2024-02-29 20:00:00,97.62,restaurant,pos,CA,83,124,0,0
1437,2024-02-29 21:00:00,264.66,electronics,pos,MX,38,175,0,0
1438,2024-02-29 22:00:00,164.19,restaurant,mobile,CA,58,218,0,0
1439,2024-02-29 23:00:00,186.14,fuel,pos,CA,58,109,1,0
1440,2024-03-01 00:00:00,179.66,travel,pos,CA,66,147,1,0
1441,2024-03-01 01:00:00,225.61,restaurant,pos,CA,21,227,1,0
1442,2024-03-01 02:00:00,136.29,travel,web,CA,82,66,1,0
1443,2024-03-01 03:00:00,3.29,restaurant,mobile,CA,27,45,1,0
1444,2024-03-01 04:00:00,155.97,grocery,pos,CA,84,71,1,0
1445,2024-03-01 05:00:00,61.38,restaurant,pos,CA,27,201,1,1
1446,2024-03-01 06:00:00,72.42,fuel,pos,US,34,214,0,0
1447,2024-03-01 07:00:00,172.77,electronics,web,CA,84,106,0,0
1448,2024-03-01 08:00:00,231.45,fuel,pos,CA,70,33,0,0
1449,2024-03-01 09:00:00,121.91,fuel,mobile,CA,52,118,0,0
1450,2024-03-01 10:00:00,147.79,fuel,pos,CA,21,80,0,0
1451,2024-03-01 11:00:00,273.2,travel,pos,CA,28,171,0,0
1452,2024-03-01 12:00:00,141.67,ecommerce,pos,CA,61,88,0,0
1453,2024-03-01 13:00:00,354.15,ecommerce,mobile,CA,77,200,0,0
1454,2024-03-01 14:00:00,170.9,grocery,mobile,CA,79,94,0,0
1455,2024-03-01 15:00:00,38.47,fuel,atm,CA,49,154,0,0
1456,2024-03-01 16:00:00,187.8,ecommerce,pos,CA,63,45,0,0
1457,2024-03-01 17:00:00,154.3,grocery,pos,CA,40,35,0,0
1458,2024-03-01 18:00:00,236.08,travel,web,CA,54,237,0,0
1459,2024-03-01 19:00:00,180.59,fuel,web,CA,75,81,0,0
1460,2024-03-01 20:00:00,107.54,electronics,web,CA,60,181,0,0
1461,2024-03-01 21:00:00,9.81,travel,pos,GB,32,102,0,0
1462,2024-03-01 22:00:00,101.19,grocery,pos,US,84,10,0,0
1463,2024-03-01 23:00:00,43.45,travel,pos,GB,19,41,1,0
1464,2024-03-02 00:00:00,67.75,electronics,mobile,CA,22,114,1,0
1465,2024-03-02 01:00:00,172.97,travel,web,CA,70,126,1,0
1466,2024-03-02 02:00:00,270.29,grocery,mobile,CA,62,17,1,0
1467,2024-03-02 03:00:00,155.52,electronics,pos,CA,58,127,1,0
1468,2024-03-02 04:00:00,12.37,electronics,mobile,CA,80,71,1,0
1469,2024-03-02 05:00:00,160.01,travel,web,CA,49,194,1,0
1470,2024-03-02 06:00:00,227.7,electronics,pos,CA,19,11,0,0
1471,2024-03-02 07:00:00,65.12,travel,atm,CA,27,63,0,0
1472,2024-03-02 08:00:00,107.94,fuel,web,CA,60,195,0,0
1473,2024-03-02 09:00:00,121.32,electronics,web,CA,60,174,0,1
1474,2024-03-02 10:00:00,49.36,travel,mobile,GB,84,20,0,0
1475,2024-03-02 11:00:00,178.35,fuel,pos,CA,40,141,0,0
1476,2024-03-02 12:00:00,109.11,electronics,mobile,CA,77,215,0,0
1477,2024-03-02 13:00:00,157.76,fuel,mobile,FR,23,17,0,0
1478,2024-03-02 14:00:00,40.13,restaurant,pos,CA,30,221,0,0
1479,2024-03-02 15:00:00,80.63,electronics,mobile,US,38,235,0,0
1480,2024-03-02 16:00:00,185.01,restaurant,mobile,CA,75,231,0,0
1481,2024-03-02 17:00:00,86.45,grocery,pos,CA,45,160,0,1
1482,2024-03-02 18:00:00,275.43,grocery,pos,FR,25,227,0,0
1483,2024-03-02 19:00:00,84.03,travel,pos,CA,75,227,0,0
1484,2024-03-02 20:00:00,140.22,ecommerce,web,CA,57,98,0,0
1485,2024-03-02 21:00:00,203.93,restaurant,mobile,CA,18,85,0,0
1486,2024-03-02 22:00:00,7.65,restaurant,web,CA,82,16,0,0
1487,2024-03-02 23:00:00,38.47,grocery,pos,US,27,23,1,0
1488,2024-03-03 00:00:00,17.31,restaurant,web,CA,77,139,1,1
1489,2024-03-03 01:00:00,233.63,ecommerce,mobile,CA,37,124,1,0
1490,2024-03-03 02:00:00,70.33,fuel,pos,US,79,142,1,0
1491,2024-03-03 03:00:00,350.24,fuel,mobile,CA,30,195,1,0
1492,2024-03-03 04:00:00,69.22,ecommerce,mobile,US,75,71,1,0
1493,2024-03-03 05:00:00,136.61,restaurant,pos,CA,54,232,1,0
1494,2024-03-03 06:00:00,258.79,restaurant,pos,CA,27,173,0,0
1495,2024-03-03 07:00:00,300.55,restaurant,web,CA,20,203,0,0
1496,2024-03-03 08:00:00,305.54,travel,mobile,FR,51,33,0,0
1497,2024-03-03 09:00:00,228.75,electronics,mobile,CA,51,211,0,0
1498,2024-03-03 10:00:00,212.17,ecommerce,web,CA,47,45,0,0
1499,2024-03-03 11:00:00,173.33,ecommerce,pos,CA,54,182,0,0
1500,2024-03-03 12:00:00,190.05,ecommerce,pos,CA,51,233,0,0
1501,2024-03-03 13:00:00,70.39,ecommerce,mobile,CA,49,51,0,0
1502,2024-03-03 14:00:00,46.36,ecommerce,pos,CA,75,115,0,0
1503,2024-03-03 15:00:00,119.7,restaurant,mobile,CA,41,124,0,1
1504,2024-03-03 16:00:00,104.68,travel,pos,CA,26,87,0,0
1505,2024-03-03 17:00:00,79.21,grocery,pos,CA,58,151,0,0
1506,2024-03-03 18:00:00,182.67,restaurant,pos,CA,41,29,0,0
1507,2024-03-03 19:00:00,205.98,restaurant,pos,FR,42,6,0,1
1508,2024-03-03 20:00:00,127.96,electronics,web,CA,53,167,0,0
1509,2024-03-03 21:00:00,252.98,grocery,pos,US,25,133,0,0
1510,2024-03-03 22:00:00,17.25,ecommerce,mobile,CA,76,96,0,0
1511,2024-03-03 23:00:00,102.57,grocery,web,US,52,168,1,1
1512,2024-03-04 00:00:00,55.49,travel,web,CA,55,90,1,0
1513,2024-03-04 01:00:00,47.99,fuel,web,FR,49,206,1,0
1514,2024-03-04 02:00:00,112.56,restaurant,web,CA,68,82,1,0
1515,2024-03-04 03:00:00,109.04,grocery,pos,US,45,21,1,0
1516,2024-03-04 04:00:00,256.21,electronics,atm,CA,73,59,1,0
1517,2024-03-04 05:00:00,176.77,travel,web,CA,25,217,1,1
1518,2024-03-04 06:00:00,27.82,fuel,pos,CA,58,148,0,0
1519,2024-03-04 07:00:00,286.87,travel,web,US,40,24,0,0
1520,2024-03-04 08:00:00,229.89,ecommerce,web,CA,71,131,0,0
1521,2024-03-04 09:00:00,172.39,fuel,pos,CA,40,86,0,0
1522,2024-03-04 10:00:00,99.62,electronics,mobile,CA,49,72,0,0
1523,2024-03-04 11:00:00,33.65,fuel,pos,IN,27,110,0,0
1524,2024-03-04 12:00:00,86.5,electronics,web,CA,52,57,0,0
1525,2024-03-04 13:00:00,217.99,ecommerce,atm,CA,80,110,0,0
1526,2024-03-04 14:00:00,289.61,electronics,pos,CA,84,93,0,0
1527,2024-03-04 15:00:00,258.89,travel,pos,CA,53,71,0,0
1528,2024-03-04 16:00:00,76.0,grocery,pos,CA,66,70,0,0
1529,2024-03-04 17:00:00,19.23,travel,pos,CA,63,70,0,1
1530,2024-03-04 18:00:00,132.68,restaurant,pos,MX,44,76,0,0
1531,2024-03-04 19:00:00,39.16,travel,mobile,US,48,191,0,0
1532,2024-03-04 20:00:00,149.09,fuel,mobile,CA,51,214,0,0
1533,2024-03-04 21:00:00,106.72,ecommerce,mobile,CA,76,47,0,0
1534,2024-03-04 22:00:00,78.06,restaurant,pos,CA,71,218,0,0
1535,2024-03-04 23:00:00,23.52,restaurant,mobile,CA,83,89,1,0
1536,2024-03-05 00:00:00,166.22,restaurant,web,CA,47,19,1,0
1537,2024-03-05 01:00:00,72.06,grocery,pos,CA,40,228,1,0
1538,2024-03-05 02:00:00,14.71,electronics,web,FR,26,227,1,0
1539,2024-03-05 03:00:00,138.5,fuel,pos,CA,72,141,1,0
1540,2024-03-05 04:00:00,117.52,ecommerce,mobile,CA,18,217,1,0
1541,2024-03-05 05:00:00,279.5,grocery,web,CA,73,45,1,0
1542,2024-03-05 06:00:00,269.51,travel,mobile,FR,56,160,0,0
1543,2024-03-05 07:00:00,78.86,ecommerce,mobile,CA,35,158,0,0
1544,2024-03-05 08:00:00,65.8,restaurant,mobile,CA,59,85,0,0
1545,2024-03-05 09:00:00,162.19,ecommerce,pos,MX,82,126,0,0
1546,2024-03-05 10:00:00,30.15,ecommerce,web,CA,50,170,0,0
1547,2024-03-05 11:00:00,147.16,travel,mobile,CA,47,109,0,1
1548,2024-03-05 12:00:00,188.95,electronics,pos,CA,22,232,0,0
1549,2024-03-05 13:00:00,230.42,fuel,atm,US,67,108,0,1
1550,2024-03-05 14:00:00,110.99,restaurant,web,CA,82,72,0,0
1551,2024-03-05 15:00:00,101.67,electronics,pos,IN,27,233,0,0
1552,2024-03-05 16:00:00,40.98,grocery,web,GB,77,170,0,0
1553,2024-03-05 17:00:00,45.58,restaurant,mobile,CA,44,135,0,0
1554,2024-03-05 18:00:00,99.62,fuel,web,CA,45,131,0,0
1555,2024-03-05 19:00:00,153.06,grocery,web,US,62,37,0,0
1556,2024-03-05 20:00:00,202.22,travel,web,CA,69,3,0,0
1557,2024-03-05 21:00:00,47.71,electronics,web,CA,83,146,0,1
1558,2024-03-05 22:00:00,254.34,restaurant,pos,CA,79,124,0,0
1559,2024-03-05 23:00:00,95.6,ecommerce,pos,CA,77,170,1,0
1560,2024-03-06 00:00:00,118.08,fuel,pos,US,57,137,1,0
1561,2024-03-06 01:00:00,52.75,restaurant,pos,FR,32,185,1,0
1562,2024-03-06 02:00:00,98.18,ecommerce,pos,CA,24,152,1,0
1563,2024-03-06 03:00:00,199.56,restaurant,web,CA,56,7,1,0
1564,2024-03-06 04:00:00,186.32,grocery,web,GB,68,97,1,0
1565,2024-03-06 05:00:00,94.68,ecommerce,pos,FR,24,217,1,0
1566,2024-03-06 06:00:00,126.03,ecommerce,pos,CA,29,170,0,0
1567,2024-03-06 07:00:00,166.43,restaurant,pos,CA,31,98,0,0
1568,2024-03-06 08:00:00,20.63,travel,pos,CA,51,102,0,0
1569,2024-03-06 09:00:00,72.39,travel,pos,CA,56,186,0,0
1570,2024-03-06 10:00:00,191.48,electronics,web,CA,81,213,0,1
1571,2024-03-06 11:00:00,7.11,grocery,pos,IN,29,102,0,0
1572,2024-03-06 12:00:00,146.42,travel,web,GB,51,56,0,0
1573,2024-03-06 13:00:00,2.09,restaurant,mobile,CA,44,232,0,0
1574,2024-03-06 14:00:00,161.98,travel,pos,CA,39,186,0,0
1575,2024-03-06 15:00:00,116.79,electronics,pos,CA,35,146,0,1
1576,2024-03-06 16:00:00,25.36,fuel,pos,CA,63,167,0,0
1577,2024-03-06 17:00:00,224.83,electronics,pos,CA,61,50,0,1
1578,2024-03-06 18:00:00,53.89,ecommerce,pos,MX,35,161,0,0
1579,2024-03-06 19:00:00,47.08,ecommerce,mobile,CA,54,28,0,0
1580,2024-03-06 20:00:00,138.05,travel,pos,CA,24,184,0,0
1581,2024-03-06 21:00:00,223.38,travel,atm,CA,77,25,0,0
1582,2024-03-06 22:00:00,28.58,electronics,pos,CA,65,142,0,0
1583,2024-03-06 23:00:00,125.55,electronics,mobile,MX,68,183,1,0
1584,2024-03-07 00:00:00,158.59,restaurant,mobile,US,69,84,1,0
1585,2024-03-07 01:00:00,182.38,grocery,pos,CA,69,231,1,0
1586,2024-03-07 02:00:00,135.88,restaurant,pos,MX,71,212,1,0
1587,2024-03-07 03:00:00,86.97,ecommerce,web,CA,58,135,1,0
1588,2024-03-07 04:00:00,45.52,restaurant,mobile,CA,59,132,1,0
1589,2024-03-07 05:00:00,127.75,electronics,pos,CA,39,223,1,0
1590,2024-03-07 06:00:00,23.51,restaurant,pos,CA,56,158,0,1
1591,2024-03-07 07:00:00,142.92,fuel,pos,CA,40,62,0,0
1592,2024-03-07 08:00:00,159.29,grocery,pos,CA,65,185,0,0
1593,2024-03-07 09:00:00,201.35,electronics,mobile,CA,50,165,0,0
1594,2024-03-07 10:00:00,92.66,travel,mobile,CA,58,183,0,0
1595,2024-03-07 11:00:00,29.12,restaurant,pos,FR,47,85,0,0
1596,2024-03-07 12:00:00,175.72,electronics,pos,CA,64,65,0,0
1597,2024-03-07 13:00:00,305.17,travel,pos,GB,74,52,0,0
1598,2024-03-07 14:00:00,121.87,travel,mobile,CA,74,3,0,0
1599,2024-03-07 15:00:00,54.48,ecommerce,mobile,CA,79,77,0,1
1600,2024-03-07 16:00:00,103.54,ecommerce,pos,CA,74,135,0,0
1601,2024-03-07 17:00:00,243.74,electronics,web,CA,42,70,0,0
1602,2024-03-07 18:00:00,61.86,electronics,mobile,CA,57,70,0,0
1603,2024-03-07 19:00:00,48.07,fuel,pos,CA,34,162,0,0
1604,2024-03-07 20:00:00,76.55,grocery,pos,US,65,96,0,0
1605,2024-03-07 21:00:00,34.2,grocery,pos,FR,56,16,0,0
1606,2024-03-07 22:00:00,131.04,electronics,pos,CA,32,230,0,0
1607,2024-03-07 23:00:00,266.22,ecommerce,pos,CA,34,136,1,0
1608,2024-03-08 00:00:00,149.08,restaurant,atm,CA,52,149,1,0
1609,2024-03-08 01:00:00,97.29,fuel,web,CA,50,121,1,0
1610,2024-03-08 02:00:00,93.74,grocery,pos,FR,35,11,1,0
1611,2024-03-08 03:00:00,20.69,electronics,pos,CA,47,50,1,0
1612,2024-03-08 04:00:00,199.48,ecommerce,mobile,CA,54,87,1,0
1613,2024-03-08 05:00:00,112.99,ecommerce,pos,CA,24,6,1,0
1614,2024-03-08 06:00:00,103.76,ecommerce,pos,CA,45,110,0,0
1615,2024-03-08 07:00:00,407.38,restaurant,pos,CA,35,143,0,0
1616,2024-03-08 08:00:00,146.89,travel,mobile,CA,64,139,0,1
1617,2024-03-08 09:00:00,52.34,restaurant,pos,CA,40,155,0,0
1618,2024-03-08 10:00:00,81.63,ecommerce,pos,CA,37,207,0,0
1619,2024-03-08 11:00:00,223.36,electronics,web,CA,48,173,0,0
1620,2024-03-08 12:00:00,130.19,fuel,pos,CA,31,166,0,0
1621,2024-03-08 13:00:00,9.45,restaurant,atm,FR,40,4,0,0
1622,2024-03-08 14:00:00,202.73,electronics,web,GB,19,206,0,1
1623,2024-03-08 15:00:00,59.87,ecommerce,pos,GB,46,173,0,0
1624,2024-03-08 16:00:00,288.6,fuel,pos,IN,67,138,0,0
1625,2024-03-08 17:00:00,217.2,grocery,web,CA,76,121,0,0
1626,2024-03-08 18:00:00,79.74,grocery,pos,CA,50,182,0,1
1627,2024-03-08 19:00:00,235.29,electronics,mobile,CA,65,157,0,0
1628,2024-03-08 20:00:00,126.11,fuel,web,GB,61,140,0,0
1629,2024-03-08 21:00:00,196.75,electronics,web,US,29,184,0,0
1630,2024-03-08 22:00:00,163.63,fuel,atm,CA,59,168,0,0
1631,2024-03-08 23:00:00,43.83,fuel,pos,GB,52,84,1,0
1632,2024-03-09 00:00:00,62.08,electronics,web,CA,58,165,1,0
1633,2024-03-09 01:00:00,212.7,fuel,mobile,CA,72,194,1,0
1634,2024-03-09 02:00:00,89.87,restaurant,mobile,CA,30,20,1,0
1635,2024-03-09 03:00:00,83.67,ecommerce,web,CA,56,12,1,0
1636,2024-03-09 04:00:00,34.04,fuel,mobile,CA,83,38,1,0
1637,2024-03-09 05:00:00,158.12,restaurant,pos,CA,52,158,1,0
1638,2024-03-09 06:00:00,305.63,fuel,web,US,50,47,0,0
1639,2024-03-09 07:00:00,23.92,restaurant,pos,CA,53,82,0,0
1640,2024-03-09 08:00:00,122.18,electronics,mobile,CA,30,74,0,0
1641,2024-03-09 09:00:00,247.1,grocery,pos,CA,73,199,0,0
1642,2024-03-09 10:00:00,112.83,travel,pos,IN,63,42,0,0
1643,2024-03-09 11:00:00,160.71,fuel,mobile,US,63,5,0,0
1644,2024-03-09 12:00:00,24.38,travel,pos,FR,61,176,0,1
1645,2024-03-09 13:00:00,158.55,fuel,pos,CA,63,221,0,0
1646,2024-03-09 14:00:00,103.16,electronics,pos,CA,48,115,0,0
1647,2024-03-09 15:00:00,208.72,electronics,pos,CA,41,127,0,0
1648,2024-03-09 16:00:00,226.86,restaurant,web,CA,49,99,0,0
1649,2024-03-09 17:00:00,353.06,fuel,pos,CA,84,103,0,0
1650,2024-03-09 18:00:00,172.17,electronics,pos,CA,33,179,0,1
1651,2024-03-09 19:00:00,149.32,electronics,pos,CA,74,140,0,0
1652,2024-03-09 20:00:00,137.49,fuel,pos,FR,41,138,0,0
1653,2024-03-09 21:00:00,88.22,restaurant,pos,CA,51,37,0,0
1654,2024-03-09 22:00:00,150.46,restaurant,web,IN,69,125,0,0
1655,2024-03-09 23:00:00,93.41,restaurant,pos,CA,65,66,1,0
1656,2024-03-10 00:00:00,135.16,restaurant,pos,CA,70,67,1,1
1657,2024-03-10 01:00:00,238.58,grocery,mobile,CA,72,14,1,0
1658,2024-03-10 02:00:00,29.41,fuel,mobile,US,55,47,1,0
1659,2024-03-10 03:00:00,222.59,grocery,pos,CA,19,148,1,0
1660,2024-03-10 04:00:00,238.54,electronics,pos,CA,70,109,1,0
1661,2024-03-10 05:00:00,109.37,grocery,web,CA,67,113,1,0
1662,2024-03-10 06:00:00,70.97,restaurant,web,CA,46,180,0,0
1663,2024-03-10 07:00:00,65.3,electronics,atm,CA,72,68,0,0
1664,2024-03-10 08:00:00,236.73,grocery,pos,CA,78,115,0,0
1665,2024-03-10 09:00:00,117.94,grocery,web,IN,67,26,0,0
1666,2024-03-10 10:00:00,30.06,fuel,mobile,GB,33,47,0,0
1667,2024-03-10 11:00:00,74.57,grocery,web,CA,61,207,0,0
1668,2024-03-10 12:00:00,195.66,electronics,pos,CA,33,73,0,0
1669,2024-03-10 13:00:00,169.21,restaurant,pos,CA,45,3,0,0
1670,2024-03-10 14:00:00,98.5,fuel,pos,CA,74,130,0,0
1671,2024-03-10 15:00:00,86.99,grocery,pos,CA,43,231,0,0
1672,2024-03-10 16:00:00,84.74,fuel,mobile,CA,28,169,0,0
1673,2024-03-10 17:00:00,36.98,travel,pos,CA,18,30,0,0
1674,2024-03-10 18:00:00,265.38,fuel,pos,CA,60,165,0,0
1675,2024-03-10 19:00:00,90.99,restaurant,mobile,FR,63,209,0,0
1676,2024-03-10 20:00:00,229.54,travel,web,CA,53,3,0,0
1677,2024-03-10 21:00:00,256.92,travel,pos,CA,83,9,0,0
1678,2024-03-10 22:00:00,209.85,fuel,pos,CA,74,8,0,0
1679,2024-03-10 23:00:00,81.15,electronics,pos,US,23,9,1,0
1680,2024-03-11 00:00:00,156.34,restaurant,pos,CA,79,120,1,0
1681,2024-03-11 01:00:00,117.82,electronics,mobile,CA,44,145,1,0
1682,2024-03-11 02:00:00,38.67,restaurant,pos,CA,43,152,1,0
1683,2024-03-11 03:00:00,149.19,restaurant,web,CA,30,200,1,0
1684,2024-03-11 04:00:00,13.89,electronics,pos,CA,35,142,1,0
1685,2024-03-11 05:00:00,226.89,ecommerce,mobile,CA,55,182,1,0
1686,2024-03-11 06:00:00,78.18,travel,web,CA,23,80,0,0
1687,2024-03-11 07:00:00,138.1,fuel,mobile,CA,45,18,0,0
1688,2024-03-11 08:00:00,145.5,electronics,pos,CA,22,216,0,0
1689,2024-03-11 09:00:00,96.7,electronics,mobile,CA,76,167,0,1
1690,2024-03-11 10:00:00,172.8,fuel,mobile,CA,62,116,0,0
1691,2024-03-11 11:00:00,77.26,travel,mobile,US,70,175,0,0
1692,2024-03-11 12:00:00,198.42,fuel,pos,US,19,27,0,0
1693,2024-03-11 13:00:00,1.14,restaurant,pos,US,66,92,0,0
1694,2024-03-11 14:00:00,131.37,ecommerce,pos,CA,80,71,0,0
1695,2024-03-11 15:00:00,294.5,restaurant,pos,CA,75,226,0,0
1696,2024-03-11 16:00:00,29.97,ecommerce,mobile,CA,21,219,0,0
1697,2024-03-11 17:00:00,59.0,fuel,web,CA,47,34,0,0
1698,2024-03-11 18:00:00,166.25,restaurant,web,US,74,103,0,0
1699,2024-03-11 19:00:00,136.16,travel,pos,US,64,147,0,0
1700,2024-03-11 20:00:00,151.56,restaurant,pos,CA,35,134,0,0
1701,2024-03-11 21:00:00,164.03,electronics,pos,CA,61,158,0,0
1702,2024-03-11 22:00:00,177.12,ecommerce,web,IN,69,92,0,0
1703,2024-03-11 23:00:00,219.87,ecommerce,mobile,US,66,140,1,0
1704,2024-03-12 00:00:00,156.88,travel,pos,CA,47,143,1,0
1705,2024-03-12 01:00:00,98.29,ecommerce,mobile,CA,69,109,1,0
1706,2024-03-12 02:00:00,180.53,ecommerce,web,CA,54,167,1,0
1707,2024-03-12 03:00:00,290.99,travel,mobile,CA,80,103,1,0
1708,2024-03-12 04:00:00,108.06,restaurant,pos,CA,29,64,1,0
1709,2024-03-12 05:00:00,32.29,fuel,web,CA,34,64,1,1
1710,2024-03-12 06:00:00,219.64,restaurant,pos,MX,51,15,0,1
1711,2024-03-12 07:00:00,109.17,electronics,pos,CA,45,186,0,0
1712,2024-03-12 08:00:00,75.54,electronics,web,CA,21,100,0,0
1713,2024-03-12 09:00:00,196.27,ecommerce,mobile,CA,63,67,0,0
1714,2024-03-12 10:00:00,71.82,electronics,pos,CA,31,1,0,0
1715,2024-03-12 11:00:00,111.85,fuel,pos,FR,30,7,0,0
1716,2024-03-12 12:00:00,149.88,ecommerce,web,CA,75,137,0,1
1717,2024-03-12 13:00:00,137.14,electronics,pos,CA,66,1,0,0
1718,2024-03-12 14:00:00,183.85,grocery,web,CA,67,5,0,0
1719,2024-03-12 15:00:00,80.81,grocery,mobile,CA,84,47,0,0
1720,2024-03-12 16:00:00,166.18,grocery,web,CA,38,100,0,0
1721,2024-03-12 17:00:00,96.64,grocery,mobile,CA,68,10,0,0
1722,2024-03-12 18:00:00,186.49,restaurant,mobile,CA,55,2,0,0
1723,2024-03-12 19:00:00,175.38,grocery,mobile,US,43,23,0,0
1724,2024-03-12 20:00:00,35.81,ecommerce,web,CA,23,103,0,0
1725,2024-03-12 21:00:00,217.74,travel,pos,CA,35,221,0,0
1726,2024-03-12 22:00:00,71.76,restaurant,pos,CA,23,184,0,0
1727,2024-03-12 23:00:00,192.73,travel,atm,GB,58,147,1,0
1728,2024-03-13 00:00:00,153.06,ecommerce,pos,FR,74,166,1,0
1729,2024-03-13 01:00:00,285.44,ecommerce,web,US,67,47,1,1
1730,2024-03-13 02:00:00,99.89,fuel,mobile,CA,42,84,1,0
1731,2024-03-13 03:00:00,88.56,restaurant,web,CA,65,204,1,0
1732,2024-03-13 04:00:00,118.25,travel,pos,MX,41,203,1,0
1733,2024-03-13 05:00:00,92.71,grocery,pos,MX,47,227,1,0
1734,2024-03-13 06:00:00,191.99,ecommerce,pos,CA,62,180,0,0
1735,2024-03-13 07:00:00,25.47,grocery,pos,CA,60,49,0,0
1736,2024-03-13 08:00:00,25.17,travel,atm,CA,73,199,0,0
1737,2024-03-13 09:00:00,23.9,restaurant,mobile,MX,50,151,0,0
1738,2024-03-13 10:00:00,205.53,electronics,mobile,CA,62,50,0,0
1739,2024-03-13 11:00:00,273.96,electronics,web,CA,24,17,0,0
1740,2024-03-13 12:00:00,110.6,ecommerce,pos,FR,35,48,0,0
1741,2024-03-13 13:00:00,104.81,fuel,pos,CA,62,121,0,0
1742,2024-03-13 14:00:00,126.3,grocery,pos,CA,54,2,0,0
1743,2024-03-13 15:00:00,224.57,ecommerce,web,CA,38,197,0,0
1744,2024-03-13 16:00:00,36.54,fuel,web,CA,61,190,0,0
1745,2024-03-13 17:00:00,141.45,grocery,web,CA,47,85,0,0
1746,2024-03-13 18:00:00,207.77,travel,web,CA,28,13,0,0
1747,2024-03-13 19:00:00,165.1,electronics,atm,CA,25,61,0,0
1748,2024-03-13 20:00:00,137.06,fuel,pos,CA,22,11,0,0
1749,2024-03-13 21:00:00,210.09,grocery,web,CA,25,216,0,0
1750,2024-03-13 22:00:00,123.29,ecommerce,pos,IN,22,97,0,0
1751,2024-03-13 23:00:00,181.01,grocery,web,US,27,27,1,0
1752,2024-03-14 00:00:00,61.13,ecommerce,pos,CA,32,35,1,0
1753,2024-03-14 01:00:00,44.76,electronics,web,FR,73,18,1,1
1754,2024-03-14 02:00:00,166.01,electronics,pos,CA,72,213,1,0
1755,2024-03-14 03:00:00,243.63,grocery,pos,US,20,68,1,0
1756,2024-03-14 04:00:00,107.63,grocery,mobile,CA,58,189,1,0
1757,2024-03-14 05:00:00,205.76,ecommerce,pos,US,27,41,1,0
1758,2024-03-14 06:00:00,265.11,ecommerce,pos,CA,24,96,0,0
1759,2024-03-14 07:00:00,238.34,fuel,web,CA,80,171,0,0
1760,2024-03-14 08:00:00,267.6,fuel,web,US,80,177,0,0
1761,2024-03-14 09:00:00,186.79,fuel,mobile,CA,43,139,0,0
1762,2024-03-14 10:00:00,126.79,grocery,web,CA,51,67,0,0
1763,2024-03-14 11:00:00,24.18,restaurant,pos,CA,56,179,0,0
1764,2024-03-14 12:00:00,97.85,restaurant,pos,CA,77,52,0,0
1765,2024-03-14 13:00:00,44.11,restaurant,mobile,CA,43,119,0,0
1766,2024-03-14 14:00:00,315.38,restaurant,pos,CA,79,85,0,0
1767,2024-03-14 15:00:00,104.17,fuel,mobile,CA,27,171,0,0
1768,2024-03-14 16:00:00,131.09,grocery,pos,CA,71,186,0,0
1769,2024-03-14 17:00:00,169.63,restaurant,mobile,GB,48,206,0,0
1770,2024-03-14 18:00:00,123.92,electronics,mobile,CA,55,70,0,0
1771,2024-03-14 19:00:00,272.55,travel,mobile,CA,42,157,0,0
1772,2024-03-14 20:00:00,63.96,electronics,web,CA,82,159,0,0
1773,2024-03-14 21:00:00,137.51,grocery,web,CA,67,239,0,0
1774,2024-03-14 22:00:00,53.18,grocery,web,US,41,28,0,0
1775,2024-03-14 23:00:00,1.2,travel,web,CA,44,107,1,0
1776,2024-03-15 00:00:00,64.94,ecommerce,pos,FR,67,178,1,1
1777,2024-03-15 01:00:00,116.67,ecommerce,mobile,US,67,36,1,0
1778,2024-03-15 02:00:00,81.36,ecommerce,pos,MX,32,92,1,0
1779,2024-03-15 03:00:00,57.68,fuel,pos,CA,34,147,1,0
1780,2024-03-15 04:00:00,6.57,ecommerce,web,CA,46,195,1,0
1781,2024-03-15 05:00:00,112.52,fuel,pos,CA,22,12,1,0
1782,2024-03-15 06:00:00,15.42,fuel,mobile,CA,28,228,0,0
1783,2024-03-15 07:00:00,188.41,ecommerce,mobile,CA,69,216,0,0
1784,2024-03-15 08:00:00,127.42,ecommerce,mobile,CA,51,76,0,0
1785,2024-03-15 09:00:00,11.18,travel,mobile,CA,50,24,0,0
1786,2024-03-15 10:00:00,92.17,restaurant,web,CA,66,65,0,0
1787,2024-03-15 11:00:00,52.31,travel,pos,CA,48,92,0,0
1788,2024-03-15 12:00:00,148.73,fuel,web,FR,35,80,0,0
1789,2024-03-15 13:00:00,240.64,travel,pos,CA,22,149,0,0
1790,2024-03-15 14:00:00,48.77,fuel,pos,CA,47,222,0,0
1791,2024-03-15 15:00:00,130.35,grocery,mobile,CA,62,98,0,0
1792,2024-03-15 16:00:00,105.59,fuel,pos,FR,55,26,0,0
1793,2024-03-15 17:00:00,180.42,fuel,pos,GB,46,118,0,0
1794,2024-03-15 18:00:00,139.19,travel,mobile,CA,53,163,0,0
1795,2024-03-15 19:00:00,52.32,restaurant,pos,FR,26,223,0,0
1796,2024-03-15 20:00:00,91.29,grocery,pos,CA,40,80,0,0
1797,2024-03-15 21:00:00,48.36,electronics,pos,CA,20,58,0,1
1798,2024-03-15 22:00:00,216.84,electronics,mobile,CA,73,170,0,0
1799,2024-03-15 23:00:00,121.92,restaurant,web,CA,57,157,1,0
1800,2024-03-16 00:00:00,291.11,electronics,mobile,CA,73,157,1,0
1801,2024-03-16 01:00:00,114.54,grocery,pos,CA,75,137,1,0
1802,2024-03-16 02:00:00,56.24,ecommerce,mobile,CA,48,78,1,0
1803,2024-03-16 03:00:00,16.23,grocery,web,CA,28,121,1,0
1804,2024-03-16 04:00:00,42.28,travel,pos,CA,59,72,1,0
1805,2024-03-16 05:00:00,22.57,fuel,web,CA,20,2,1,0
1806,2024-03-16 06:00:00,144.04,fuel,web,CA,74,203,0,0
1807,2024-03-16 07:00:00,165.79,travel,web,CA,31,2,0,0
1808,2024-03-16 08:00:00,22.31,travel,web,CA,63,111,0,0
1809,2024-03-16 09:00:00,200.55,fuel,pos,FR,36,146,0,0
1810,2024-03-16 10:00:00,76.52,restaurant,web,CA,77,69,0,0
1811,2024-03-16 11:00:00,133.21,ecommerce,web,CA,48,122,0,0
1812,2024-03-16 12:00:00,265.1,ecommerce,web,CA,53,185,0,0
1813,2024-03-16 13:00:00,200.72,ecommerce,web,CA,49,199,0,0
1814,2024-03-16 14:00:00,95.83,travel,mobile,CA,80,151,0,0
1815,2024-03-16 15:00:00,39.79,fuel,mobile,CA,43,19,0,0
1816,2024-03-16 16:00:00,73.66,restaurant,web,US,82,19,0,0
1817,2024-03-16 17:00:00,55.28,fuel,mobile,CA,19,186,0,0
1818,2024-03-16 18:00:00,101.0,fuel,pos,CA,62,112,0,0
1819,2024-03-16 19:00:00,31.15,restaurant,mobile,CA,42,211,0,0
1820,2024-03-16 20:00:00,108.19,grocery,web,CA,57,177,0,0
1821,2024-03-16 21:00:00,126.92,restaurant,pos,CA,35,173,0,0
1822,2024-03-16 22:00:00,99.76,grocery,pos,CA,29,232,0,0
1823,2024-03-16 23:00:00,61.5,electronics,pos,CA,41,28,1,0
1824,2024-03-17 00:00:00,135.18,grocery,pos,US,60,75,1,0
1825,2024-03-17 01:00:00,159.77,ecommerce,pos,US,49,50,1,0
1826,2024-03-17 02:00:00,21.86,ecommerce,pos,US,64,139,1,0
1827,2024-03-17 03:00:00,246.98,restaurant,mobile,CA,62,55,1,0
1828,2024-03-17 04:00:00,111.13,ecommerce,pos,CA,52,137,1,0
1829,2024-03-17 05:00:00,121.7,ecommerce,pos,US,26,142,1,0
1830,2024-03-17 06:00:00,183.74,electronics,mobile,CA,27,226,0,0
1831,2024-03-17 07:00:00,140.99,ecommerce,pos,CA,82,221,0,0
1832,2024-03-17 08:00:00,205.78,travel,mobile,US,76,113,0,0
1833,2024-03-17 09:00:00,145.84,travel,web,US,74,149,0,0
1834,2024-03-17 10:00:00,64.88,travel,pos,CA,27,48,0,1
1835,2024-03-17 11:00:00,152.54,grocery,pos,FR,36,58,0,0
1836,2024-03-17 12:00:00,17.06,restaurant,pos,CA,67,197,0,0
1837,2024-03-17 13:00:00,129.77,restaurant,pos,CA,22,225,0,0
1838,2024-03-17 14:00:00,117.01,fuel,pos,CA,46,137,0,0
1839,2024-03-17 15:00:00,101.27,electronics,pos,CA,22,195,0,0
1840,2024-03-17 16:00:00,108.43,travel,pos,CA,77,206,0,0
1841,2024-03-17 17:00:00,49.37,travel,web,MX,82,18,0,0
1842,2024-03-17 18:00:00,70.61,ecommerce,pos,CA,45,12,0,0
1843,2024-03-17 19:00:00,128.36,travel,mobile,CA,18,215,0,0
1844,2024-03-17 20:00:00,134.39,ecommerce,pos,CA,46,206,0,1
1845,2024-03-17 21:00:00,27.51,ecommerce,mobile,CA,68,124,0,0
1846,2024-03-17 22:00:00,233.91,fuel,pos,CA,53,16,0,0
1847,2024-03-17 23:00:00,42.04,grocery,mobile,IN,49,165,1,0
1848,2024-03-18 00:00:00,207.25,ecommerce,pos,CA,81,148,1,0
1849,2024-03-18 01:00:00,158.45,ecommerce,web,CA,31,20,1,0
1850,2024-03-18 02:00:00,61.84,restaurant,pos,US,49,143,1,1
1851,2024-03-18 03:00:00,279.78,fuel,web,CA,26,233,1,1
1852,2024-03-18 04:00:00,12.57,ecommerce,pos,CA,28,25,1,0
1853,2024-03-18 05:00:00,202.72,electronics,web,CA,65,145,1,0
1854,2024-03-18 06:00:00,210.05,grocery,pos,FR,68,12,0,0
1855,2024-03-18 07:00:00,59.64,electronics,web,CA,21,109,0,0
1856,2024-03-18 08:00:00,245.32,travel,pos,CA,58,170,0,0
1857,2024-03-18 09:00:00,97.5,grocery,pos,FR,42,39,0,0
1858,2024-03-18 10:00:00,145.98,travel,web,US,34,184,0,0
1859,2024-03-18 11:00:00,143.43,restaurant,atm,CA,64,181,0,0
1860,2024-03-18 12:00:00,107.91,ecommerce,web,IN,25,71,0,0
1861,2024-03-18 13:00:00,192.97,fuel,mobile,CA,75,200,0,0
1862,2024-03-18 14:00:00,191.41,electronics,web,US,18,216,0,0
1863,2024-03-18 15:00:00,37.37,travel,web,CA,19,47,0,0
1864,2024-03-18 16:00:00,237.39,ecommerce,pos,CA,27,25,0,1
1865,2024-03-18 17:00:00,29.62,electronics,pos,CA,44,213,0,0
1866,2024-03-18 18:00:00,212.93,electronics,mobile,CA,30,178,0,0
1867,2024-03-18 19:00:00,221.4,restaurant,web,CA,80,118,0,0
1868,2024-03-18 20:00:00,21.81,restaurant,web,CA,28,33,0,0
1869,2024-03-18 21:00:00,83.03,travel,web,CA,31,202,0,0
1870,2024-03-18 22:00:00,20.49,ecommerce,pos,CA,43,214,0,0
1871,2024-03-18 23:00:00,100.66,fuel,pos,US,56,211,1,0
1872,2024-03-19 00:00:00,92.28,travel,web,CA,45,29,1,0
1873,2024-03-19 01:00:00,190.17,electronics,pos,CA,34,3,1,0
1874,2024-03-19 02:00:00,237.93,electronics,pos,CA,54,39,1,0
1875,2024-03-19 03:00:00,245.61,grocery,web,CA,44,4,1,1
1876,2024-03-19 04:00:00,69.4,ecommerce,atm,GB,84,165,1,0
1877,2024-03-19 05:00:00,101.17,grocery,pos,MX,64,95,1,0
1878,2024-03-19 06:00:00,31.51,restaurant,web,CA,51,134,0,0
1879,2024-03-19 07:00:00,47.47,fuel,pos,IN,35,220,0,0
1880,2024-03-19 08:00:00,206.84,travel,pos,CA,52,138,0,0
1881,2024-03-19 09:00:00,265.4,electronics,mobile,CA,35,12,0,0
1882,2024-03-19 10:00:00,8.91,ecommerce,mobile,CA,51,238,0,0
1883,2024-03-19 11:00:00,66.68,electronics,pos,CA,50,118,0,0
1884,2024-03-19 12:00:00,117.62,restaurant,web,CA,60,66,0,0
1885,2024-03-19 13:00:00,145.21,grocery,pos,CA,44,131,0,0
1886,2024-03-19 14:00:00,47.14,grocery,mobile,CA,65,193,0,0
1887,2024-03-19 15:00:00,158.17,travel,pos,IN,39,64,0,0
1888,2024-03-19 16:00:00,77.35,ecommerce,mobile,MX,51,35,0,1
1889,2024-03-19 17:00:00,118.7,restaurant,web,CA,60,152,0,0
1890,2024-03-19 18:00:00,169.17,ecommerce,pos,CA,33,175,0,0
1891,2024-03-19 19:00:00,120.58,travel,mobile,CA,31,112,0,0
1892,2024-03-19 20:00:00,80.73,restaurant,atm,CA,56,52,0,0
1893,2024-03-19 21:00:00,110.14,restaurant,pos,MX,29,34,0,0
1894,2024-03-19 22:00:00,112.05,grocery,mobile,FR,72,84,0,0
1895,2024-03-19 23:00:00,86.7,grocery,mobile,GB,23,80,1,0
1896,2024-03-20 00:00:00,96.71,grocery,mobile,CA,57,222,1,0
1897,2024-03-20 01:00:00,263.88,electronics,atm,GB,30,111,1,0
1898,2024-03-20 02:00:00,170.48,fuel,web,CA,41,231,1,0
1899,2024-03-20 03:00:00,93.41,grocery,mobile,CA,76,153,1,1
1900,2024-03-20 04:00:00,182.73,fuel,mobile,CA,63,197,1,0
1901,2024-03-20 05:00:00,89.96,fuel,web,MX,61,157,1,0
1902,2024-03-20 06:00:00,225.58,ecommerce,web,GB,28,229,0,0
1903,2024-03-20 07:00:00,153.27,travel,pos,CA,78,92,0,0
1904,2024-03-20 08:00:00,110.34,electronics,mobile,CA,53,192,0,0
1905,2024-03-20 09:00:00,160.29,fuel,mobile,IN,27,181,0,0
1906,2024-03-20 10:00:00,21.38,electronics,web,CA,18,186,0,0
1907,2024-03-20 11:00:00,18.59,ecommerce,web,CA,80,41,0,0
1908,2024-03-20 12:00:00,12.55,grocery,pos,CA,29,87,0,0
1909,2024-03-20 13:00:00,132.86,restaurant,pos,CA,22,224,0,0
1910,2024-03-20 14:00:00,275.93,fuel,web,FR,53,238,0,0
1911,2024-03-20 15:00:00,320.82,travel,web,CA,34,51,0,0
1912,2024-03-20 16:00:00,177.42,restaurant,mobile,CA,75,126,0,0
1913,2024-03-20 17:00:00,165.08,ecommerce,web,CA,39,146,0,0
1914,2024-03-20 18:00:00,42.1,electronics,mobile,CA,48,41,0,0
1915,2024-03-20 19:00:00,71.16,grocery,pos,CA,43,99,0,0
1916,2024-03-20 20:00:00,49.1,electronics,atm,GB,30,189,0,0
1917,2024-03-20 21:00:00,64.12,travel,pos,CA,80,107,0,0
1918,2024-03-20 22:00:00,104.87,fuel,web,IN,84,24,0,0
1919,2024-03-20 23:00:00,77.51,travel,web,GB,80,47,1,0
1920,2024-03-21 00:00:00,58.14,electronics,pos,CA,28,28,1,0
1921,2024-03-21 01:00:00,187.31,electronics,pos,CA,81,36,1,0
1922,2024-03-21 02:00:00,23.45,restaurant,pos,CA,49,21,1,1
1923,2024-03-21 03:00:00,141.53,travel,mobile,CA,27,184,1,0
1924,2024-03-21 04:00:00,306.67,travel,pos,CA,71,69,1,0
1925,2024-03-21 05:00:00,37.26,travel,atm,CA,72,154,1,0
1926,2024-03-21 06:00:00,107.73,grocery,pos,CA,79,182,0,0
1927,2024-03-21 07:00:00,94.26,electronics,atm,CA,72,215,0,0
1928,2024-03-21 08:00:00,219.09,ecommerce,pos,CA,52,44,0,0
1929,2024-03-21 09:00:00,296.25,grocery,pos,CA,84,161,0,0
1930,2024-03-21 10:00:00,9.34,grocery,pos,CA,82,154,0,0
1931,2024-03-21 11:00:00,164.7,grocery,mobile,CA,34,121,0,0
1932,2024-03-21 12:00:00,78.12,restaurant,web,CA,59,150,0,0
1933,2024-03-21 13:00:00,110.46,ecommerce,pos,CA,76,148,0,0
1934,2024-03-21 14:00:00,357.99,travel,pos,MX,28,2,0,1
1935,2024-03-21 15:00:00,15.27,restaurant,pos,CA,45,41,0,0
1936,2024-03-21 16:00:00,142.84,electronics,web,CA,56,54,0,0
1937,2024-03-21 17:00:00,162.09,fuel,pos,CA,71,185,0,0
1938,2024-03-21 18:00:00,217.72,restaurant,mobile,CA,28,146,0,0
1939,2024-03-21 19:00:00,128.82,fuel,web,CA,75,133,0,0
1940,2024-03-21 20:00:00,147.72,electronics,mobile,CA,57,224,0,0
1941,2024-03-21 21:00:00,84.75,ecommerce,web,CA,21,46,0,0
1942,2024-03-21 22:00:00,144.22,fuel,pos,CA,81,75,0,0
1943,2024-03-21 23:00:00,89.11,grocery,atm,CA,65,149,1,0
1944,2024-03-22 00:00:00,175.94,restaurant,pos,CA,48,150,1,0
1945,2024-03-22 01:00:00,86.74,fuel,web,CA,19,3,1,0
1946,2024-03-22 02:00:00,153.94,electronics,mobile,US,60,9,1,0
1947,2024-03-22 03:00:00,117.37,grocery,pos,CA,58,2,1,0
1948,2024-03-22 04:00:00,221.34,fuel,pos,CA,77,238,1,0
1949,2024-03-22 05:00:00,115.37,electronics,pos,CA,63,28,1,0
1950,2024-03-22 06:00:00,39.57,ecommerce,pos,CA,57,34,0,0
1951,2024-03-22 07:00:00,233.57,electronics,pos,CA,76,181,0,0
1952,2024-03-22 08:00:00,38.48,ecommerce,pos,CA,62,59,0,0
1953,2024-03-22 09:00:00,61.16,grocery,pos,CA,59,10,0,1
1954,2024-03-22 10:00:00,66.39,electronics,mobile,CA,38,83,0,0
1955,2024-03-22 11:00:00,243.7,travel,web,CA,20,93,0,1
1956,2024-03-22 12:00:00,72.21,restaurant,web,CA,83,2,0,0
1957,2024-03-22 13:00:00,402.4,travel,web,CA,28,48,0,0
1958,2024-03-22 14:00:00,215.05,travel,mobile,CA,41,134,0,0
1959,2024-03-22 15:00:00,140.09,travel,mobile,CA,67,44,0,0
1960,2024-03-22 16:00:00,115.06,restaurant,mobile,CA,38,182,0,0
1961,2024-03-22 17:00:00,145.7,travel,mobile,CA,42,199,0,0
1962,2024-03-22 18:00:00,166.9,ecommerce,pos,CA,21,36,0,0
1963,2024-03-22 19:00:00,178.07,electronics,web,US,60,136,0,0
1964,2024-03-22 20:00:00,170.0,grocery,web,CA,64,83,0,0
1965,2024-03-22 21:00:00,128.06,travel,web,CA,40,10,0,0
1966,2024-03-22 22:00:00,102.24,travel,web,CA,77,161,0,0
1967,2024-03-22 23:00:00,106.39,grocery,pos,CA,38,229,1,0
1968,2024-03-23 00:00:00,102.46,grocery,pos,CA,83,102,1,0
1969,2024-03-23 01:00:00,222.04,travel,mobile,GB,68,219,1,0
1970,2024-03-23 02:00:00,173.42,ecommerce,web,US,32,93,1,1
1971,2024-03-23 03:00:00,144.63,grocery,pos,CA,75,19,1,1
1972,2024-03-23 04:00:00,179.03,electronics,pos,CA,43,18,1,0
1973,2024-03-23 05:00:00,137.53,electronics,web,CA,76,115,1,0
1974,2024-03-23 06:00:00,118.32,ecommerce,web,GB,62,179,0,0
1975,2024-03-23 07:00:00,85.03,restaurant,web,CA,83,23,0,0
1976,2024-03-23 08:00:00,221.17,fuel,pos,CA,52,129,0,1
1977,2024-03-23 09:00:00,205.28,ecommerce,pos,CA,81,59,0,0
1978,2024-03-23 10:00:00,50.44,travel,pos,CA,44,107,0,0
1979,2024-03-23 11:00:00,156.63,fuel,mobile,CA,48,131,0,0
1980,2024-03-23 12:00:00,32.55,travel,pos,CA,29,10,0,0
1981,2024-03-23 13:00:00,4.17,electronics,pos,CA,62,123,0,0
1982,2024-03-23 14:00:00,63.6,grocery,mobile,CA,49,199,0,0
1983,2024-03-23 15:00:00,197.62,travel,mobile,CA,71,49,0,0
1984,2024-03-23 16:00:00,205.78,electronics,pos,CA,83,56,0,0
1985,2024-03-23 17:00:00,166.18,ecommerce,mobile,CA,49,90,0,0
1986,2024-03-23 18:00:00,185.26,travel,atm,MX,32,144,0,0
1987,2024-03-23 19:00:00,166.46,electronics,mobile,CA,72,39,0,0
1988,2024-03-23 20:00:00,62.27,grocery,mobile,CA,58,109,0,0
1989,2024-03-23 21:00:00,158.87,travel,mobile,CA,57,96,0,0
1990,2024-03-23 22:00:00,192.04,restaurant,pos,CA,66,204,0,0
1991,2024-03-23 23:00:00,187.89,electronics,web,MX,55,44,1,0
1992,2024-03-24 00:00:00,227.0,travel,web,CA,73,8,1,0
1993,2024-03-24 01:00:00,183.75,grocery,web,CA,51,136,1,0
1994,2024-03-24 02:00:00,151.63,travel,web,CA,18,45,1,0
1995,2024-03-24 03:00:00,216.31,travel,mobile,CA,27,139,1,0
1996,2024-03-24 04:00:00,117.61,restaurant,atm,CA,57,97,1,0
1997,2024-03-24 05:00:00,40.63,electronics,pos,CA,33,153,1,0
1998,2024-03-24 06:00:00,105.32,fuel,pos,CA,63,17,0,0
1999,2024-03-24 07:00:00,52.96,travel,web,CA,41,223,0,0
2000,2024-03-24 08:00:00,59.23,fuel,pos,CA,31,83,0,0
2001,2024-03-24 09:00:00,106.99,ecommerce,web,CA,56,237,0,0
2002,2024-03-24 10:00:00,48.68,travel,pos,CA,35,183,0,0
2003,2024-03-24 11:00:00,92.28,fuel,web,CA,58,79,0,0
2004,2024-03-24 12:00:00,50.43,ecommerce,web,CA,73,56,0,0
2005,2024-03-24 13:00:00,139.2,restaurant,pos,MX,53,44,0,0
2006,2024-03-24 14:00:00,120.11,electronics,pos,CA,41,53,0,0
2007,2024-03-24 15:00:00,46.46,travel,pos,MX,46,163,0,0
2008,2024-03-24 16:00:00,179.33,electronics,pos,CA,39,39,0,0
2009,2024-03-24 17:00:00,204.38,ecommerce,mobile,CA,28,130,0,0
2010,2024-03-24 18:00:00,24.68,electronics,web,CA,58,98,0,1
2011,2024-03-24 19:00:00,51.35,electronics,pos,CA,66,25,0,0
2012,2024-03-24 20:00:00,50.78,grocery,web,CA,28,166,0,0
2013,2024-03-24 21:00:00,35.41,ecommerce,pos,CA,69,196,0,0
2014,2024-03-24 22:00:00,194.65,electronics,mobile,CA,84,80,0,0
2015,2024-03-24 23:00:00,102.56,fuel,pos,CA,25,32,1,0
2016,2024-03-25 00:00:00,96.19,ecommerce,mobile,CA,48,79,1,0
2017,2024-03-25 01:00:00,60.35,grocery,web,CA,23,234,1,1
2018,2024-03-25 02:00:00,177.19,travel,web,CA,30,78,1,0
2019,2024-03-25 03:00:00,8.47,restaurant,mobile,US,23,169,1,0
2020,2024-03-25 04:00:00,125.39,electronics,mobile,US,84,79,1,1
2021,2024-03-25 05:00:00,144.96,fuel,mobile,IN,44,71,1,0
2022,2024-03-25 06:00:00,242.46,grocery,web,CA,62,7,0,0
2023,2024-03-25 07:00:00,2.21,ecommerce,pos,US,43,200,0,0
2024,2024-03-25 08:00:00,151.76,restaurant,mobile,MX,21,211,0,0
2025,2024-03-25 09:00:00,136.55,restaurant,pos,CA,54,18,0,0
2026,2024-03-25 10:00:00,282.05,electronics,mobile,CA,38,17,0,0
2027,2024-03-25 11:00:00,231.51,grocery,mobile,FR,45,210,0,0
2028,2024-03-25 12:00:00,138.87,grocery,mobile,IN,49,211,0,0
2029,2024-03-25 13:00:00,75.75,fuel,mobile,CA,70,117,0,0
2030,2024-03-25 14:00:00,192.64,travel,pos,CA,50,104,0,0
2031,2024-03-25 15:00:00,32.38,travel,web,US,43,77,0,0
2032,2024-03-25 16:00:00,162.87,travel,pos,CA,34,59,0,0
2033,2024-03-25 17:00:00,165.49,restaurant,pos,CA,73,11,0,0
2034,2024-03-25 18:00:00,215.42,restaurant,web,IN,47,125,0,0
2035,2024-03-25 19:00:00,368.37,ecommerce,pos,US,22,51,0,0
2036,2024-03-25 20:00:00,155.32,restaurant,mobile,FR,23,7,0,0
2037,2024-03-25 21:00:00,74.19,restaurant,atm,CA,79,155,0,0
2038,2024-03-25 22:00:00,117.7,grocery,web,CA,27,187,0,0
2039,2024-03-25 23:00:00,39.22,ecommerce,pos,IN,27,37,1,1
2040,2024-03-26 00:00:00,57.48,grocery,mobile,CA,61,5,1,0
2041,2024-03-26 01:00:00,83.16,fuel,mobile,US,73,62,1,0
2042,2024-03-26 02:00:00,72.83,fuel,mobile,CA,21,200,1,0
2043,2024-03-26 03:00:00,133.71,ecommerce,web,CA,30,74,1,1
2044,2024-03-26 04:00:00,45.98,ecommerce,mobile,CA,36,229,1,1
2045,2024-03-26 05:00:00,220.89,restaurant,pos,CA,79,90,1,0
2046,2024-03-26 06:00:00,120.02,fuel,mobile,CA,26,79,0,0
2047,2024-03-26 07:00:00,119.16,electronics,mobile,CA,63,55,0,0
2048,2024-03-26 08:00:00,90.49,travel,mobile,CA,73,144,0,0
2049,2024-03-26 09:00:00,133.97,restaurant,pos,CA,57,221,0,0
2050,2024-03-26 10:00:00,194.26,travel,mobile,CA,84,92,0,0
2051,2024-03-26 11:00:00,41.96,fuel,web,CA,79,74,0,0
2052,2024-03-26 12:00:00,60.77,travel,web,CA,63,56,0,1
2053,2024-03-26 13:00:00,92.66,electronics,mobile,CA,23,232,0,0
2054,2024-03-26 14:00:00,1.13,electronics,pos,CA,46,179,0,0
2055,2024-03-26 15:00:00,46.27,grocery,pos,CA,36,196,0,0
2056,2024-03-26 16:00:00,77.14,ecommerce,mobile,CA,32,174,0,0
2057,2024-03-26 17:00:00,198.7,travel,mobile,CA,74,61,0,0
2058,2024-03-26 18:00:00,143.63,electronics,mobile,CA,55,104,0,0
2059,2024-03-26 19:00:00,137.42,ecommerce,pos,CA,38,117,0,0
2060,2024-03-26 20:00:00,196.58,ecommerce,mobile,FR,68,78,0,0
2061,2024-03-26 21:00:00,107.64,grocery,pos,GB,56,236,0,0
2062,2024-03-26 22:00:00,155.14,ecommerce,mobile,CA,37,33,0,0
2063,2024-03-26 23:00:00,110.71,ecommerce,pos,CA,19,55,1,0
2064,2024-03-27 00:00:00,143.88,restaurant,mobile,FR,49,18,1,1
2065,2024-03-27 01:00:00,67.55,fuel,web,CA,21,140,1,0
2066,2024-03-27 02:00:00,99.49,grocery,atm,CA,24,74,1,0
2067,2024-03-27 03:00:00,107.91,grocery,web,CA,20,21,1,0
2068,2024-03-27 04:00:00,248.05,travel,web,IN,42,97,1,0
2069,2024-03-27 05:00:00,203.36,ecommerce,pos,CA,26,206,1,0
2070,2024-03-27 06:00:00,206.89,travel,mobile,CA,43,201,0,0
2071,2024-03-27 07:00:00,231.25,restaurant,web,CA,81,154,0,0
2072,2024-03-27 08:00:00,127.98,electronics,pos,FR,35,207,0,0
2073,2024-03-27 09:00:00,137.76,ecommerce,web,CA,19,149,0,0
2074,2024-03-27 10:00:00,64.41,electronics,mobile,CA,18,150,0,0
2075,2024-03-27 11:00:00,91.55,fuel,pos,CA,65,183,0,0
2076,2024-03-27 12:00:00,175.42,restaurant,pos,US,80,46,0,0
2077,2024-03-27 13:00:00,228.35,ecommerce,web,CA,53,41,0,0
2078,2024-03-27 14:00:00,107.45,travel,mobile,US,80,235,0,0
2079,2024-03-27 15:00:00,79.48,travel,pos,CA,43,5,0,0
2080,2024-03-27 16:00:00,120.05,ecommerce,mobile,CA,23,44,0,0
2081,2024-03-27 17:00:00,174.11,travel,mobile,CA,43,144,0,0
2082,2024-03-27 18:00:00,9.95,ecommerce,pos,US,60,163,0,0
2083,2024-03-27 19:00:00,86.66,grocery,pos,CA,18,5,0,0
2084,2024-03-27 20:00:00,70.45,travel,mobile,CA,26,62,0,0
2085,2024-03-27 21:00:00,10.14,ecommerce,atm,CA,44,90,0,0
2086,2024-03-27 22:00:00,74.27,ecommerce,mobile,CA,20,26,0,0
2087,2024-03-27 23:00:00,106.7,travel,web,CA,78,61,1,0
2088,2024-03-28 00:00:00,79.21,grocery,pos,CA,19,179,1,0
2089,2024-03-28 01:00:00,250.72,travel,web,CA,48,69,1,0
2090,2024-03-28 02:00:00,149.41,ecommerce,web,CA,82,184,1,0
2091,2024-03-28 03:00:00,147.04,grocery,pos,CA,35,50,1,0
2092,2024-03-28 04:00:00,176.0,electronics,web,FR,23,125,1,0
2093,2024-03-28 05:00:00,17.51,fuel,pos,CA,59,36,1,0
2094,2024-03-28 06:00:00,213.52,travel,web,CA,21,152,0,0
2095,2024-03-28 07:00:00,113.18,restaurant,pos,CA,21,207,0,0
2096,2024-03-28 08:00:00,180.34,ecommerce,pos,CA,82,30,0,0
2097,2024-03-28 09:00:00,23.53,grocery,mobile,CA,58,69,0,0
2098,2024-03-28 10:00:00,19.84,grocery,pos,CA,60,232,0,0
2099,2024-03-28 11:00:00,193.61,electronics,web,GB,72,176,0,0
2100,2024-03-28 12:00:00,153.88,travel,pos,CA,36,22,0,0
2101,2024-03-28 13:00:00,38.82,restaurant,pos,CA,38,33,0,0
2102,2024-03-28 14:00:00,41.73,grocery,pos,CA,75,69,0,0
2103,2024-03-28 15:00:00,221.29,electronics,pos,CA,47,96,0,0
2104,2024-03-28 16:00:00,12.95,ecommerce,pos,CA,24,50,0,0
2105,2024-03-28 17:00:00,267.84,electronics,mobile,CA,81,23,0,1
2106,2024-03-28 18:00:00,38.94,travel,pos,CA,19,138,0,0
2107,2024-03-28 19:00:00,177.46,electronics,pos,CA,84,164,0,0
2108,2024-03-28 20:00:00,90.42,grocery,mobile,CA,26,114,0,0
2109,2024-03-28 21:00:00,174.29,grocery,pos,CA,40,17,0,0
2110,2024-03-28 22:00:00,71.03,fuel,mobile,IN,31,181,0,0
2111,2024-03-28 23:00:00,105.35,electronics,pos,CA,71,91,1,0
2112,2024-03-29 00:00:00,123.68,ecommerce,pos,CA,62,237,1,0
2113,2024-03-29 01:00:00,29.8,restaurant,web,CA,33,136,1,0
2114,2024-03-29 02:00:00,186.67,restaurant,atm,CA,74,232,1,0
2115,2024-03-29 03:00:00,73.81,travel,pos,CA,25,172,1,0
2116,2024-03-29 04:00:00,99.43,fuel,web,CA,42,189,1,0
2117,2024-03-29 05:00:00,30.51,electronics,pos,CA,58,122,1,0
2118,2024-03-29 06:00:00,110.61,ecommerce,pos,CA,79,134,0,0
2119,2024-03-29 07:00:00,102.81,fuel,mobile,CA,35,71,0,0
2120,2024-03-29 08:00:00,337.14,grocery,pos,CA,67,90,0,0
2121,2024-03-29 09:00:00,190.61,travel,mobile,CA,58,209,0,0
2122,2024-03-29 10:00:00,118.27,electronics,pos,CA,51,165,0,0
2123,2024-03-29 11:00:00,96.34,restaurant,mobile,FR,29,54,0,0
2124,2024-03-29 12:00:00,122.02,ecommerce,web,CA,59,23,0,0
2125,2024-03-29 13:00:00,169.24,grocery,mobile,CA,72,219,0,0
2126,2024-03-29 14:00:00,13.73,fuel,pos,CA,76,185,0,0
2127,2024-03-29 15:00:00,220.29,travel,mobile,CA,68,51,0,0
2128,2024-03-29 16:00:00,184.38,fuel,mobile,US,70,232,0,0
2129,2024-03-29 17:00:00,184.64,restaurant,web,US,26,58,0,0
2130,2024-03-29 18:00:00,159.46,fuel,mobile,CA,20,147,0,0
2131,2024-03-29 19:00:00,121.77,ecommerce,web,US,25,155,0,0
2132,2024-03-29 20:00:00,180.56,grocery,mobile,CA,76,217,0,1
2133,2024-03-29 21:00:00,173.26,electronics,pos,US,47,232,0,1
2134,2024-03-29 22:00:00,88.14,ecommerce,web,CA,84,25,0,0
2135,2024-03-29 23:00:00,68.38,restaurant,mobile,CA,72,149,1,0
2136,2024-03-30 00:00:00,129.17,travel,pos,MX,51,123,1,0
2137,2024-03-30 01:00:00,259.41,restaurant,web,CA,60,25,1,0
2138,2024-03-30 02:00:00,8.48,restaurant,atm,IN,45,125,1,0
2139,2024-03-30 03:00:00,12.08,fuel,web,CA,54,179,1,0
2140,2024-03-30 04:00:00,134.83,travel,pos,CA,47,71,1,0
2141,2024-03-30 05:00:00,124.58,ecommerce,pos,CA,79,35,1,0
2142,2024-03-30 06:00:00,135.6,restaurant,mobile,CA,46,70,0,0
2143,2024-03-30 07:00:00,141.96,ecommerce,atm,CA,19,104,0,0
2144,2024-03-30 08:00:00,99.91,electronics,atm,CA,74,178,0,0
2145,2024-03-30 09:00:00,254.09,fuel,mobile,IN,74,143,0,0
2146,2024-03-30 10:00:00,24.08,ecommerce,web,US,59,152,0,0
2147,2024-03-30 11:00:00,45.44,travel,pos,CA,66,49,0,1
2148,2024-03-30 12:00:00,110.71,restaurant,pos,CA,74,68,0,0
2149,2024-03-30 13:00:00,27.89,electronics,pos,CA,35,7,0,0
2150,2024-03-30 14:00:00,104.17,travel,pos,CA,44,94,0,0
2151,2024-03-30 15:00:00,269.53,fuel,mobile,IN,71,128,0,0
2152,2024-03-30 16:00:00,121.88,electronics,mobile,CA,41,81,0,0
2153,2024-03-30 17:00:00,140.76,electronics,web,CA,51,182,0,0
2154,2024-03-30 18:00:00,6.59,electronics,atm,CA,39,38,0,0
2155,2024-03-30 19:00:00,64.53,restaurant,atm,IN,80,94,0,0
2156,2024-03-30 20:00:00,86.23,grocery,mobile,CA,53,45,0,0
2157,2024-03-30 21:00:00,91.41,electronics,web,FR,78,103,0,0
2158,2024-03-30 22:00:00,235.35,travel,pos,CA,59,137,0,0
2159,2024-03-30 23:00:00,170.19,travel,web,CA,50,55,1,0
2160,2024-03-31 00:00:00,19.97,fuel,pos,CA,26,211,1,1
2161,2024-03-31 01:00:00,142.19,ecommerce,pos,CA,42,52,1,0
2162,2024-03-31 02:00:00,164.84,ecommerce,mobile,CA,30,205,1,0
2163,2024-03-31 03:00:00,222.61,grocery,pos,CA,64,111,1,0
2164,2024-03-31 04:00:00,262.25,restaurant,pos,CA,62,49,1,0
2165,2024-03-31 05:00:00,28.64,restaurant,web,GB,22,229,1,0
2166,2024-03-31 06:00:00,47.02,electronics,web,CA,48,183,0,0
2167,2024-03-31 07:00:00,6.82,grocery,pos,IN,48,211,0,0
2168,2024-03-31 08:00:00,98.94,fuel,pos,CA,58,70,0,0
2169,2024-03-31 09:00:00,161.97,fuel,atm,CA,63,204,0,0
2170,2024-03-31 10:00:00,208.86,ecommerce,pos,GB,69,207,0,0
2171,2024-03-31 11:00:00,113.16,fuel,mobile,US,22,111,0,0
2172,2024-03-31 12:00:00,91.21,electronics,web,CA,29,131,0,0
2173,2024-03-31 13:00:00,133.66,travel,web,CA,38,68,0,0
2174,2024-03-31 14:00:00,44.84,fuel,pos,MX,26,101,0,0
2175,2024-03-31 15:00:00,308.06,grocery,mobile,US,34,38,0,0
2176,2024-03-31 16:00:00,24.69,electronics,mobile,US,41,198,0,1
2177,2024-03-31 17:00:00,136.63,fuel,pos,CA,44,49,0,1
2178,2024-03-31 18:00:00,302.12,restaurant,pos,CA,25,92,0,0
2179,2024-03-31 19:00:00,120.61,fuel,pos,MX,61,8,0,0
2180,2024-03-31 20:00:00,102.9,restaurant,mobile,CA,79,116,0,0
2181,2024-03-31 21:00:00,87.83,electronics,web,CA,46,95,0,0
2182,2024-03-31 22:00:00,103.76,fuel,pos,CA,41,213,0,0
2183,2024-03-31 23:00:00,243.56,restaurant,pos,CA,51,173,1,0
2184,2024-04-01 00:00:00,79.07,travel,web,CA,77,29,1,1
2185,2024-04-01 01:00:00,258.01,ecommerce,mobile,CA,48,79,1,0
2186,2024-04-01 02:00:00,8.16,electronics,web,CA,21,177,1,0
2187,2024-04-01 03:00:00,96.0,restaurant,pos,CA,26,24,1,0
2188,2024-04-01 04:00:00,81.37,grocery,pos,CA,71,149,1,0
2189,2024-04-01 05:00:00,172.97,fuel,web,CA,18,113,1,0
2190,2024-04-01 06:00:00,23.83,restaurant,pos,CA,78,23,0,0
2191,2024-04-01 07:00:00,161.6,restaurant,mobile,US,48,95,0,0
2192,2024-04-01 08:00:00,302.19,restaurant,web,CA,62,226,0,0
2193,2024-04-01 09:00:00,2.69,ecommerce,pos,CA,77,156,0,0
2194,2024-04-01 10:00:00,137.07,grocery,web,FR,59,160,0,0
2195,2024-04-01 11:00:00,60.42,grocery,mobile,CA,44,150,0,0
2196,2024-04-01 12:00:00,158.33,travel,web,CA,75,190,0,0
2197,2024-04-01 13:00:00,121.72,ecommerce,mobile,CA,51,67,0,0
2198,2024-04-01 14:00:00,62.27,restaurant,web,US,27,118,0,0
2199,2024-04-01 15:00:00,163.91,electronics,mobile,US,83,73,0,0
2200,2024-04-01 16:00:00,282.39,ecommerce,mobile,CA,42,6,0,0
2201,2024-04-01 17:00:00,102.82,ecommerce,pos,CA,20,65,0,0
2202,2024-04-01 18:00:00,184.78,grocery,pos,CA,51,22,0,0
2203,2024-04-01 19:00:00,3.61,travel,mobile,CA,45,179,0,0
2204,2024-04-01 20:00:00,33.92,travel,mobile,CA,26,196,0,0
2205,2024-04-01 21:00:00,162.52,ecommerce,mobile,CA,28,109,0,0
2206,2024-04-01 22:00:00,253.57,ecommerce,mobile,CA,56,116,0,0
2207,2024-04-01 23:00:00,152.01,fuel,pos,CA,30,185,1,0
2208,2024-04-02 00:00:00,91.82,restaurant,web,CA,28,200,1,1
2209,2024-04-02 01:00:00,119.94,grocery,atm,CA,52,55,1,0
2210,2024-04-02 02:00:00,7.46,restaurant,mobile,CA,25,229,1,0
2211,2024-04-02 03:00:00,174.41,electronics,pos,CA,24,170,1,0
2212,2024-04-02 04:00:00,199.41,electronics,pos,CA,74,180,1,0
2213,2024-04-02 05:00:00,79.31,travel,web,GB,52,189,1,0
2214,2024-04-02 06:00:00,77.7,grocery,web,CA,28,19,0,0
2215,2024-04-02 07:00:00,143.93,restaurant,pos,CA,55,108,0,0
2216,2024-04-02 08:00:00,80.7,travel,web,FR,66,129,0,0
2217,2024-04-02 09:00:00,114.05,electronics,pos,MX,52,169,0,1
2218,2024-04-02 10:00:00,308.97,ecommerce,mobile,CA,46,191,0,0
2219,2024-04-02 11:00:00,97.77,grocery,mobile,CA,58,216,0,0
2220,2024-04-02 12:00:00,87.75,grocery,mobile,CA,23,48,0,0
2221,2024-04-02 13:00:00,61.72,restaurant,mobile,GB,27,209,0,0
2222,2024-04-02 14:00:00,186.98,fuel,web,CA,40,160,0,0
2223,2024-04-02 15:00:00,103.69,restaurant,mobile,CA,63,178,0,0
2224,2024-04-02 16:00:00,61.56,ecommerce,web,US,29,142,0,0
2225,2024-04-02 17:00:00,238.92,ecommerce,atm,CA,72,17,0,0
2226,2024-04-02 18:00:00,247.76,travel,pos,CA,30,96,0,0
2227,2024-04-02 19:00:00,65.96,grocery,mobile,CA,24,225,0,0
2228,2024-04-02 20:00:00,47.99,travel,pos,CA,29,30,0,0
2229,2024-04-02 21:00:00,210.68,ecommerce,pos,CA,78,121,0,0
2230,2024-04-02 22:00:00,58.38,fuel,web,CA,42,111,0,0
2231,2024-04-02 23:00:00,191.16,grocery,web,CA,19,179,1,0
2232,2024-04-03 00:00:00,57.31,ecommerce,pos,US,43,98,1,0
2233,2024-04-03 01:00:00,200.33,fuel,web,US,68,220,1,0
2234,2024-04-03 02:00:00,10.99,restaurant,mobile,CA,79,190,1,0
2235,2024-04-03 03:00:00,185.77,electronics,pos,CA,56,152,1,0
2236,2024-04-03 04:00:00,121.28,ecommerce,web,CA,28,120,1,0
2237,2024-04-03 05:00:00,34.15,electronics,pos,CA,81,191,1,0
2238,2024-04-03 06:00:00,83.37,travel,web,CA,59,142,0,0
2239,2024-04-03 07:00:00,181.77,electronics,mobile,CA,27,34,0,0
2240,2024-04-03 08:00:00,129.53,ecommerce,pos,CA,36,187,0,0
2241,2024-04-03 09:00:00,172.6,electronics,atm,CA,21,111,0,0
2242,2024-04-03 10:00:00,297.88,grocery,web,MX,20,193,0,0
2243,2024-04-03 11:00:00,20.78,ecommerce,mobile,CA,31,86,0,0
2244,2024-04-03 12:00:00,265.55,fuel,mobile,CA,27,161,0,0
2245,2024-04-03 13:00:00,129.39,electronics,mobile,CA,23,108,0,0
2246,2024-04-03 14:00:00,39.11,grocery,pos,FR,48,118,0,0
2247,2024-04-03 15:00:00,0.27,travel,pos,CA,48,111,0,0
2248,2024-04-03 16:00:00,102.98,travel,web,CA,65,58,0,0
2249,2024-04-03 17:00:00,202.95,electronics,mobile,GB,26,18,0,0
2250,2024-04-03 18:00:00,108.52,travel,pos,GB,43,111,0,0
2251,2024-04-03 19:00:00,256.0,fuel,atm,MX,19,103,0,0
2252,2024-04-03 20:00:00,10.61,ecommerce,pos,CA,21,140,0,0
2253,2024-04-03 21:00:00,118.91,grocery,pos,US,23,202,0,0
2254,2024-04-03 22:00:00,7.28,restaurant,pos,CA,47,194,0,0
2255,2024-04-03 23:00:00,152.73,electronics,web,CA,72,130,1,0
2256,2024-04-04 00:00:00,199.82,travel,mobile,CA,45,198,1,1
2257,2024-04-04 01:00:00,82.13,ecommerce,pos,CA,78,212,1,0
2258,2024-04-04 02:00:00,114.38,restaurant,web,CA,72,230,1,0
2259,2024-04-04 03:00:00,137.91,fuel,pos,CA,53,28,1,0
2260,2024-04-04 04:00:00,159.31,travel,web,CA,22,120,1,0
2261,2024-04-04 05:00:00,156.39,travel,pos,CA,46,123,1,0
2262,2024-04-04 06:00:00,231.22,grocery,web,CA,29,42,0,0
2263,2024-04-04 07:00:00,23.61,fuel,mobile,CA,39,3,0,0
2264,2024-04-04 08:00:00,181.22,fuel,web,US,76,176,0,0
2265,2024-04-04 09:00:00,227.33,electronics,pos,CA,56,229,0,0
2266,2024-04-04 10:00:00,40.07,restaurant,pos,US,19,229,0,0
2267,2024-04-04 11:00:00,148.77,grocery,mobile,CA,31,234,0,1
2268,2024-04-04 12:00:00,74.62,electronics,mobile,CA,27,217,0,0
2269,2024-04-04 13:00:00,112.66,grocery,mobile,CA,65,87,0,0
2270,2024-04-04 14:00:00,151.29,fuel,mobile,CA,81,141,0,0
2271,2024-04-04 15:00:00,76.15,grocery,atm,CA,20,57,0,0
2272,2024-04-04 16:00:00,59.19,grocery,web,CA,77,216,0,0
2273,2024-04-04 17:00:00,123.07,grocery,pos,CA,38,131,0,0
2274,2024-04-04 18:00:00,22.15,ecommerce,pos,IN,36,114,0,0
2275,2024-04-04 19:00:00,22.28,ecommerce,web,CA,37,191,0,0
2276,2024-04-04 20:00:00,181.14,restaurant,mobile,CA,75,38,0,0
2277,2024-04-04 21:00:00,16.61,restaurant,mobile,GB,59,59,0,0
2278,2024-04-04 22:00:00,179.97,fuel,pos,MX,27,28,0,0
2279,2024-04-04 23:00:00,161.63,grocery,web,CA,40,26,1,0
2280,2024-04-05 00:00:00,35.32,fuel,mobile,CA,29,84,1,1
2281,2024-04-05 01:00:00,59.02,ecommerce,web,CA,26,91,1,0
2282,2024-04-05 02:00:00,227.47,grocery,pos,US,46,65,1,0
2283,2024-04-05 03:00:00,31.7,electronics,mobile,CA,37,74,1,0
2284,2024-04-05 04:00:00,78.2,ecommerce,pos,US,82,202,1,0
2285,2024-04-05 05:00:00,161.59,ecommerce,mobile,FR,20,61,1,1
2286,2024-04-05 06:00:00,190.51,ecommerce,atm,IN,25,185,0,0
2287,2024-04-05 07:00:00,97.36,grocery,pos,GB,56,1,0,0
2288,2024-04-05 08:00:00,66.22,restaurant,pos,CA,81,160,0,0
2289,2024-04-05 09:00:00,248.01,travel,mobile,CA,48,32,0,0
2290,2024-04-05 10:00:00,276.5,electronics,web,CA,39,235,0,1
2291,2024-04-05 11:00:00,208.1,electronics,pos,CA,22,155,0,0
2292,2024-04-05 12:00:00,127.68,fuel,mobile,CA,75,141,0,0
2293,2024-04-05 13:00:00,47.26,grocery,web,CA,80,17,0,0
2294,2024-04-05 14:00:00,45.26,restaurant,pos,GB,78,156,0,0
2295,2024-04-05 15:00:00,167.03,ecommerce,web,GB,69,89,0,0
2296,2024-04-05 16:00:00,157.66,travel,pos,CA,50,52,0,0
2297,2024-04-05 17:00:00,246.14,grocery,pos,CA,39,114,0,0
2298,2024-04-05 18:00:00,178.54,grocery,web,CA,68,164,0,0
2299,2024-04-05 19:00:00,15.28,restaurant,pos,MX,28,47,0,0
2300,2024-04-05 20:00:00,214.68,travel,web,CA,75,194,0,0
2301,2024-04-05 21:00:00,30.17,ecommerce,atm,FR,67,160,0,0
2302,2024-04-05 22:00:00,85.44,grocery,mobile,US,34,32,0,0
2303,2024-04-05 23:00:00,142.52,electronics,pos,FR,63,198,1,0
2304,2024-04-06 00:00:00,299.61,electronics,pos,CA,61,95,1,0
2305,2024-04-06 01:00:00,399.89,travel,web,MX,74,123,1,1
2306,2024-04-06 02:00:00,174.61,ecommerce,web,US,22,183,1,0
2307,2024-04-06 03:00:00,103.51,travel,mobile,CA,56,201,1,0
2308,2024-04-06 04:00:00,168.11,grocery,web,CA,75,107,1,1
2309,2024-04-06 05:00:00,199.89,electronics,pos,MX,26,128,1,0
2310,2024-04-06 06:00:00,91.14,fuel,web,CA,40,80,0,0
2311,2024-04-06 07:00:00,281.57,travel,mobile,CA,64,89,0,1
2312,2024-04-06 08:00:00,140.71,fuel,mobile,US,53,40,0,0
2313,2024-04-06 09:00:00,164.8,fuel,pos,US,48,28,0,0
2314,2024-04-06 10:00:00,179.93,restaurant,web,CA,40,81,0,0
2315,2024-04-06 11:00:00,157.94,electronics,pos,CA,73,31,0,0
2316,2024-04-06 12:00:00,195.5,travel,web,CA,63,119,0,0
2317,2024-04-06 13:00:00,64.45,fuel,pos,CA,75,87,0,0
2318,2024-04-06 14:00:00,69.75,grocery,mobile,GB,53,31,0,0
2319,2024-04-06 15:00:00,20.99,restaurant,web,CA,77,154,0,0
2320,2024-04-06 16:00:00,159.56,ecommerce,mobile,IN,31,4,0,0
2321,2024-04-06 17:00:00,190.1,restaurant,atm,CA,42,231,0,0
2322,2024-04-06 18:00:00,161.2,ecommerce,pos,CA,61,107,0,0
2323,2024-04-06 19:00:00,270.7,electronics,mobile,US,63,107,0,0
2324,2024-04-06 20:00:00,119.5,travel,mobile,CA,30,107,0,0
2325,2024-04-06 21:00:00,180.19,travel,web,CA,79,186,0,0
2326,2024-04-06 22:00:00,21.75,ecommerce,web,IN,36,117,0,0
2327,2024-04-06 23:00:00,85.16,grocery,web,MX,29,79,1,0
2328,2024-04-07 00:00:00,182.6,ecommerce,mobile,CA,65,229,1,0
2329,2024-04-07 01:00:00,196.42,ecommerce,pos,CA,50,230,1,0
2330,2024-04-07 02:00:00,93.54,travel,web,CA,54,23,1,0
2331,2024-04-07 03:00:00,113.56,fuel,pos,IN,23,197,1,0
2332,2024-04-07 04:00:00,16.61,grocery,pos,US,60,105,1,0
2333,2024-04-07 05:00:00,87.87,travel,pos,CA,67,188,1,1
2334,2024-04-07 06:00:00,200.13,restaurant,pos,CA,63,171,0,0
2335,2024-04-07 07:00:00,171.77,ecommerce,web,US,45,217,0,0
2336,2024-04-07 08:00:00,165.06,fuel,pos,CA,84,222,0,0
2337,2024-04-07 09:00:00,124.48,grocery,pos,FR,28,154,0,0
2338,2024-04-07 10:00:00,120.64,electronics,mobile,IN,37,195,0,0
2339,2024-04-07 11:00:00,60.57,grocery,mobile,MX,47,116,0,0
2340,2024-04-07 12:00:00,182.89,grocery,mobile,CA,53,196,0,0
2341,2024-04-07 13:00:00,157.89,ecommerce,mobile,CA,53,55,0,0
2342,2024-04-07 14:00:00,164.28,ecommerce,pos,CA,75,175,0,0
2343,2024-04-07 15:00:00,72.66,electronics,pos,CA,45,210,0,0
2344,2024-04-07 16:00:00,73.8,electronics,pos,CA,56,187,0,0
2345,2024-04-07 17:00:00,218.74,electronics,mobile,CA,83,229,0,0
2346,2024-04-07 18:00:00,76.9,travel,mobile,CA,60,203,0,0
2347,2024-04-07 19:00:00,42.35,travel,pos,CA,22,203,0,0
2348,2024-04-07 20:00:00,182.41,ecommerce,pos,CA,30,228,0,0
2349,2024-04-07 21:00:00,84.72,ecommerce,web,US,26,144,0,0
2350,2024-04-07 22:00:00,215.39,electronics,pos,CA,74,58,0,0
2351,2024-04-07 23:00:00,175.53,travel,web,CA,44,107,1,0
2352,2024-04-08 00:00:00,181.52,fuel,mobile,CA,78,217,1,0
2353,2024-04-08 01:00:00,2.94,travel,web,CA,67,1,1,0
2354,2024-04-08 02:00:00,229.07,ecommerce,mobile,GB,51,127,1,0
2355,2024-04-08 03:00:00,143.51,travel,pos,CA,82,218,1,0
2356,2024-04-08 04:00:00,86.77,ecommerce,web,CA,62,173,1,0
2357,2024-04-08 05:00:00,132.9,electronics,mobile,CA,51,94,1,0
2358,2024-04-08 06:00:00,39.86,electronics,web,IN,25,134,0,0
2359,2024-04-08 07:00:00,156.78,electronics,web,CA,65,219,0,0
2360,2024-04-08 08:00:00,27.36,fuel,mobile,CA,53,52,0,0
2361,2024-04-08 09:00:00,1.74,fuel,mobile,CA,83,19,0,0
2362,2024-04-08 10:00:00,17.01,ecommerce,pos,CA,28,102,0,0
2363,2024-04-08 11:00:00,220.14,grocery,pos,CA,69,237,0,0
2364,2024-04-08 12:00:00,63.37,restaurant,pos,US,53,171,0,1
2365,2024-04-08 13:00:00,258.04,fuel,mobile,CA,48,19,0,0
2366,2024-04-08 14:00:00,71.78,ecommerce,atm,US,41,39,0,0
2367,2024-04-08 15:00:00,33.66,travel,pos,CA,38,108,0,0
2368,2024-04-08 16:00:00,19.51,electronics,pos,CA,47,160,0,0
2369,2024-04-08 17:00:00,231.22,electronics,mobile,US,81,65,0,0
2370,2024-04-08 18:00:00,105.97,electronics,pos,CA,56,217,0,0
2371,2024-04-08 19:00:00,70.65,ecommerce,pos,CA,18,47,0,0
2372,2024-04-08 20:00:00,134.4,electronics,pos,US,59,141,0,0
2373,2024-04-08 21:00:00,165.16,fuel,pos,FR,22,74,0,0
2374,2024-04-08 22:00:00,220.57,travel,mobile,CA,29,210,0,1
2375,2024-04-08 23:00:00,250.36,electronics,web,CA,46,164,1,0
2376,2024-04-09 00:00:00,87.62,ecommerce,web,CA,20,214,1,1
2377,2024-04-09 01:00:00,0.66,travel,mobile,CA,78,198,1,0
2378,2024-04-09 02:00:00,82.79,electronics,pos,CA,68,155,1,0
2379,2024-04-09 03:00:00,143.43,grocery,pos,CA,53,72,1,0
2380,2024-04-09 04:00:00,33.26,electronics,mobile,CA,19,152,1,0
2381,2024-04-09 05:00:00,33.86,restaurant,mobile,CA,46,148,1,0
2382,2024-04-09 06:00:00,150.94,fuel,pos,US,58,86,0,0
2383,2024-04-09 07:00:00,115.62,travel,pos,US,46,9,0,1
2384,2024-04-09 08:00:00,122.95,fuel,pos,CA,81,232,0,0
2385,2024-04-09 09:00:00,51.74,grocery,web,US,75,120,0,0
2386,2024-04-09 10:00:00,99.26,grocery,pos,CA,27,167,0,0
2387,2024-04-09 11:00:00,36.82,restaurant,web,CA,28,211,0,0
2388,2024-04-09 12:00:00,200.12,fuel,pos,CA,24,114,0,0
2389,2024-04-09 13:00:00,213.17,travel,mobile,US,78,1,0,0
2390,2024-04-09 14:00:00,46.16,grocery,pos,CA,83,11,0,0
2391,2024-04-09 15:00:00,36.34,grocery,web,CA,70,105,0,0
2392,2024-04-09 16:00:00,14.69,electronics,pos,FR,82,234,0,0
2393,2024-04-09 17:00:00,61.5,restaurant,pos,CA,44,202,0,0
2394,2024-04-09 18:00:00,112.49,ecommerce,mobile,FR,24,1,0,0
2395,2024-04-09 19:00:00,10.47,grocery,mobile,CA,82,219,0,0
2396,2024-04-09 20:00:00,37.03,travel,mobile,US,75,81,0,1
2397,2024-04-09 21:00:00,29.64,travel,mobile,CA,42,123,0,0
2398,2024-04-09 22:00:00,138.65,electronics,pos,MX,65,236,0,0
2399,2024-04-09 23:00:00,126.24,travel,mobile,IN,21,172,1,1
2400,2024-04-10 00:00:00,55.04,electronics,pos,MX,25,51,1,1
2401,2024-04-10 01:00:00,135.91,grocery,pos,CA,77,17,1,0
2402,2024-04-10 02:00:00,70.8,grocery,mobile,US,21,103,1,0
2403,2024-04-10 03:00:00,95.55,grocery,mobile,CA,25,107,1,0
2404,2024-04-10 04:00:00,270.61,grocery,mobile,CA,33,120,1,0
2405,2024-04-10 05:00:00,240.64,ecommerce,mobile,GB,36,194,1,1
2406,2024-04-10 06:00:00,3.04,restaurant,atm,CA,18,112,0,0
2407,2024-04-10 07:00:00,194.68,restaurant,pos,CA,51,23,0,0
2408,2024-04-10 08:00:00,193.03,ecommerce,atm,CA,62,169,0,0
2409,2024-04-10 09:00:00,16.66,grocery,web,CA,80,126,0,0
2410,2024-04-10 10:00:00,193.69,travel,mobile,CA,23,59,0,0
2411,2024-04-10 11:00:00,258.41,electronics,mobile,CA,53,202,0,1
2412,2024-04-10 12:00:00,18.97,restaurant,web,CA,83,106,0,0
2413,2024-04-10 13:00:00,37.42,fuel,mobile,CA,25,94,0,0
2414,2024-04-10 14:00:00,211.59,electronics,pos,GB,84,227,0,0
2415,2024-04-10 15:00:00,144.43,fuel,mobile,CA,44,25,0,0
2416,2024-04-10 16:00:00,169.63,fuel,pos,CA,51,145,0,0
2417,2024-04-10 17:00:00,150.65,grocery,pos,CA,45,110,0,0
2418,2024-04-10 18:00:00,155.16,fuel,pos,CA,48,19,0,0
2419,2024-04-10 19:00:00,0.62,grocery,pos,CA,34,210,0,0
2420,2024-04-10 20:00:00,214.26,ecommerce,pos,CA,72,82,0,0
2421,2024-04-10 21:00:00,225.26,travel,pos,CA,26,46,0,0
2422,2024-04-10 22:00:00,99.35,fuel,web,CA,74,35,0,0
2423,2024-04-10 23:00:00,116.09,travel,web,CA,62,202,1,0
2424,2024-04-11 00:00:00,17.8,grocery,pos,CA,23,23,1,0
2425,2024-04-11 01:00:00,166.28,fuel,pos,GB,31,109,1,0
2426,2024-04-11 02:00:00,171.49,electronics,atm,CA,48,214,1,0
2427,2024-04-11 03:00:00,114.4,ecommerce,pos,CA,71,44,1,0
2428,2024-04-11 04:00:00,221.19,restaurant,pos,GB,28,9,1,0
2429,2024-04-11 05:00:00,89.93,ecommerce,pos,GB,19,160,1,0
2430,2024-04-11 06:00:00,170.81,fuel,pos,CA,34,90,0,0
2431,2024-04-11 07:00:00,28.23,ecommerce,mobile,CA,53,93,0,0
2432,2024-04-11 08:00:00,117.88,restaurant,pos,CA,20,187,0,0
2433,2024-04-11 09:00:00,104.31,electronics,web,CA,80,42,0,0
2434,2024-04-11 10:00:00,140.28,travel,pos,CA,60,190,0,0
2435,2024-04-11 11:00:00,86.74,electronics,mobile,CA,50,147,0,0
2436,2024-04-11 12:00:00,108.17,ecommerce,mobile,MX,46,93,0,0
2437,2024-04-11 13:00:00,194.34,restaurant,pos,CA,40,117,0,0
2438,2024-04-11 14:00:00,80.69,travel,pos,CA,76,127,0,0
2439,2024-04-11 15:00:00,24.59,restaurant,pos,CA,66,35,0,0
2440,2024-04-11 16:00:00,277.46,electronics,mobile,CA,72,204,0,0
2441,2024-04-11 17:00:00,244.33,grocery,pos,CA,45,136,0,0
2442,2024-04-11 18:00:00,3.7,grocery,web,US,42,217,0,1
2443,2024-04-11 19:00:00,182.07,travel,pos,GB,24,219,0,0
2444,2024-04-11 20:00:00,74.73,travel,pos,FR,51,111,0,0
2445,2024-04-11 21:00:00,143.71,travel,pos,CA,39,43,0,0
2446,2024-04-11 22:00:00,146.48,grocery,pos,MX,84,45,0,0
2447,2024-04-11 23:00:00,98.9,electronics,pos,CA,67,134,1,0
2448,2024-04-12 00:00:00,49.46,travel,pos,CA,65,13,1,0
2449,2024-04-12 01:00:00,57.85,grocery,web,CA,74,11,1,0
2450,2024-04-12 02:00:00,37.54,travel,pos,CA,42,102,1,0
2451,2024-04-12 03:00:00,45.14,travel,mobile,CA,83,198,1,0
2452,2024-04-12 04:00:00,113.95,restaurant,mobile,US,33,197,1,0
2453,2024-04-12 05:00:00,55.58,travel,mobile,FR,75,135,1,0
2454,2024-04-12 06:00:00,181.38,grocery,mobile,CA,58,55,0,0
2455,2024-04-12 07:00:00,253.85,electronics,pos,CA,68,183,0,0
2456,2024-04-12 08:00:00,67.8,grocery,pos,CA,38,19,0,0
2457,2024-04-12 09:00:00,141.55,grocery,web,CA,73,107,0,0
2458,2024-04-12 10:00:00,164.97,travel,web,CA,64,6,0,1
2459,2024-04-12 11:00:00,162.48,restaurant,web,FR,60,217,0,0
2460,2024-04-12 12:00:00,126.84,fuel,pos,CA,48,9,0,0
2461,2024-04-12 13:00:00,186.84,fuel,web,CA,32,148,0,0
2462,2024-04-12 14:00:00,163.4,fuel,mobile,US,65,25,0,0
2463,2024-04-12 15:00:00,8.61,grocery,pos,CA,79,50,0,0
2464,2024-04-12 16:00:00,198.22,travel,atm,CA,20,72,0,0
2465,2024-04-12 17:00:00,199.86,fuel,pos,CA,55,178,0,0
2466,2024-04-12 18:00:00,51.3,ecommerce,pos,CA,75,229,0,0
2467,2024-04-12 19:00:00,123.41,ecommerce,pos,CA,84,166,0,0
2468,2024-04-12 20:00:00,181.5,ecommerce,web,CA,62,66,0,0
2469,2024-04-12 21:00:00,101.16,electronics,web,CA,61,57,0,0
2470,2024-04-12 22:00:00,216.57,travel,web,CA,25,22,0,1
2471,2024-04-12 23:00:00,332.75,grocery,web,CA,83,56,1,0
2472,2024-04-13 00:00:00,49.26,grocery,pos,CA,78,36,1,0
2473,2024-04-13 01:00:00,4.29,travel,pos,IN,34,179,1,0
2474,2024-04-13 02:00:00,147.34,restaurant,pos,CA,53,68,1,1
2475,2024-04-13 03:00:00,184.94,restaurant,atm,US,38,1,1,0
2476,2024-04-13 04:00:00,99.22,electronics,pos,US,63,48,1,0
2477,2024-04-13 05:00:00,250.79,travel,mobile,GB,63,161,1,1
2478,2024-04-13 06:00:00,0.47,restaurant,pos,GB,33,152,0,0
2479,2024-04-13 07:00:00,182.36,electronics,pos,CA,39,177,0,0
2480,2024-04-13 08:00:00,65.47,fuel,pos,CA,23,197,0,0
2481,2024-04-13 09:00:00,274.74,fuel,pos,CA,73,58,0,0
2482,2024-04-13 10:00:00,299.33,electronics,atm,CA,62,48,0,1
2483,2024-04-13 11:00:00,51.0,travel,mobile,CA,75,185,0,0
2484,2024-04-13 12:00:00,70.54,fuel,mobile,CA,45,192,0,0
2485,2024-04-13 13:00:00,197.36,travel,mobile,CA,34,99,0,0
2486,2024-04-13 14:00:00,85.16,restaurant,web,US,53,234,0,1
2487,2024-04-13 15:00:00,115.91,fuel,mobile,FR,29,181,0,0
2488,2024-04-13 16:00:00,122.28,restaurant,web,MX,67,188,0,0
2489,2024-04-13 17:00:00,52.77,travel,mobile,CA,76,126,0,0
2490,2024-04-13 18:00:00,118.75,travel,pos,CA,29,114,0,0
2491,2024-04-13 19:00:00,57.92,ecommerce,web,US,79,90,0,0
2492,2024-04-13 20:00:00,75.62,electronics,web,CA,57,113,0,0
2493,2024-04-13 21:00:00,249.93,grocery,pos,US,19,171,0,0
2494,2024-04-13 22:00:00,6.91,electronics,web,US,42,169,0,0
2495,2024-04-13 23:00:00,193.19,travel,mobile,CA,48,107,1,0
2496,2024-04-14 00:00:00,94.89,travel,web,CA,64,154,1,0
2497,2024-04-14 01:00:00,94.82,electronics,web,CA,77,187,1,0
2498,2024-04-14 02:00:00,191.13,travel,pos,CA,58,105,1,0
2499,2024-04-14 03:00:00,150.6,restaurant,mobile,CA,67,177,1,0
2500,2024-04-14 04:00:00,171.36,fuel,pos,IN,40,192,1,0
2501,2024-04-14 05:00:00,207.14,travel,atm,CA,29,133,1,0
2502,2024-04-14 06:00:00,90.18,electronics,atm,CA,39,172,0,0
2503,2024-04-14 07:00:00,64.9,electronics,mobile,CA,73,18,0,0
2504,2024-04-14 08:00:00,22.34,electronics,pos,CA,33,185,0,0
2505,2024-04-14 09:00:00,45.71,ecommerce,pos,MX,75,217,0,0
2506,2024-04-14 10:00:00,385.42,restaurant,mobile,CA,68,112,0,0
2507,2024-04-14 11:00:00,232.02,restaurant,mobile,FR,23,233,0,0
2508,2024-04-14 12:00:00,1.6,ecommerce,mobile,GB,19,40,0,0
2509,2024-04-14 13:00:00,0.98,restaurant,web,MX,79,102,0,0
2510,2024-04-14 14:00:00,163.37,ecommerce,web,CA,59,113,0,0
2511,2024-04-14 15:00:00,169.25,restaurant,pos,CA,60,174,0,0
2512,2024-04-14 16:00:00,169.4,ecommerce,mobile,US,69,58,0,0
2513,2024-04-14 17:00:00,97.05,ecommerce,mobile,US,75,85,0,0
2514,2024-04-14 18:00:00,108.71,restaurant,pos,CA,37,152,0,0
2515,2024-04-14 19:00:00,149.51,ecommerce,pos,CA,73,156,0,0
2516,2024-04-14 20:00:00,127.73,restaurant,web,CA,84,46,0,0
2517,2024-04-14 21:00:00,79.74,ecommerce,mobile,FR,76,196,0,0
2518,2024-04-14 22:00:00,99.32,electronics,pos,CA,65,72,0,0
2519,2024-04-14 23:00:00,43.37,grocery,pos,CA,52,182,1,0
2520,2024-04-15 00:00:00,135.77,restaurant,pos,CA,25,33,1,0
2521,2024-04-15 01:00:00,388.67,ecommerce,pos,US,49,67,1,0
2522,2024-04-15 02:00:00,153.07,electronics,mobile,CA,62,113,1,0
2523,2024-04-15 03:00:00,91.78,grocery,mobile,CA,84,84,1,0
2524,2024-04-15 04:00:00,202.96,ecommerce,mobile,CA,44,163,1,0
2525,2024-04-15 05:00:00,163.44,grocery,mobile,CA,20,39,1,0
2526,2024-04-15 06:00:00,157.81,restaurant,pos,CA,74,235,0,0
2527,2024-04-15 07:00:00,174.62,grocery,mobile,CA,82,175,0,0
2528,2024-04-15 08:00:00,305.09,fuel,atm,CA,37,71,0,0
2529,2024-04-15 09:00:00,18.22,travel,mobile,CA,58,219,0,0
2530,2024-04-15 10:00:00,162.63,fuel,web,CA,18,5,0,0
2531,2024-04-15 11:00:00,36.63,restaurant,mobile,CA,21,165,0,0
2532,2024-04-15 12:00:00,170.0,restaurant,mobile,GB,27,1,0,0
2533,2024-04-15 13:00:00,37.32,grocery,pos,FR,46,214,0,0
2534,2024-04-15 14:00:00,82.44,electronics,pos,CA,32,125,0,0
2535,2024-04-15 15:00:00,93.44,ecommerce,mobile,CA,36,184,0,0
2536,2024-04-15 16:00:00,207.82,travel,mobile,CA,75,135,0,0
2537,2024-04-15 17:00:00,202.66,ecommerce,web,MX,70,113,0,0
2538,2024-04-15 18:00:00,7.89,electronics,pos,CA,63,192,0,0
2539,2024-04-15 19:00:00,124.94,restaurant,pos,CA,35,8,0,0
2540,2024-04-15 20:00:00,56.14,travel,web,MX,20,108,0,1
2541,2024-04-15 21:00:00,6.73,fuel,mobile,CA,39,126,0,0
2542,2024-04-15 22:00:00,100.47,restaurant,pos,CA,72,126,0,0
2543,2024-04-15 23:00:00,92.24,restaurant,web,CA,81,222,1,0
2544,2024-04-16 00:00:00,338.4,grocery,mobile,CA,58,192,1,0
2545,2024-04-16 01:00:00,158.97,electronics,pos,FR,25,185,1,0
2546,2024-04-16 02:00:00,3.99,grocery,mobile,CA,82,28,1,0
2547,2024-04-16 03:00:00,69.17,grocery,pos,CA,20,154,1,0
2548,2024-04-16 04:00:00,211.92,ecommerce,mobile,CA,46,34,1,0
2549,2024-04-16 05:00:00,307.96,restaurant,atm,CA,35,96,1,0
2550,2024-04-16 06:00:00,22.74,electronics,pos,CA,75,22,0,0
2551,2024-04-16 07:00:00,49.19,grocery,mobile,CA,18,124,0,0
2552,2024-04-16 08:00:00,288.39,fuel,atm,CA,39,148,0,0
2553,2024-04-16 09:00:00,155.07,travel,atm,CA,40,142,0,0
2554,2024-04-16 10:00:00,41.85,electronics,web,CA,25,151,0,0
2555,2024-04-16 11:00:00,168.12,ecommerce,web,CA,46,67,0,1
2556,2024-04-16 12:00:00,117.22,electronics,pos,CA,61,147,0,0
2557,2024-04-16 13:00:00,120.3,restaurant,pos,CA,79,78,0,0
2558,2024-04-16 14:00:00,149.5,ecommerce,web,CA,36,232,0,0
2559,2024-04-16 15:00:00,203.18,travel,pos,CA,76,39,0,0
2560,2024-04-16 16:00:00,28.75,fuel,mobile,CA,36,165,0,0
2561,2024-04-16 17:00:00,127.71,grocery,web,CA,39,99,0,0
2562,2024-04-16 18:00:00,36.71,electronics,mobile,CA,22,129,0,0
2563,2024-04-16 19:00:00,142.98,ecommerce,mobile,CA,22,19,0,0
2564,2024-04-16 20:00:00,39.42,travel,pos,CA,42,15,0,1
2565,2024-04-16 21:00:00,83.27,grocery,web,CA,41,217,0,0
2566,2024-04-16 22:00:00,30.38,travel,mobile,US,18,1,0,1
2567,2024-04-16 23:00:00,178.6,fuel,pos,CA,45,31,1,0
2568,2024-04-17 00:00:00,197.26,grocery,pos,FR,64,229,1,0
2569,2024-04-17 01:00:00,98.88,grocery,mobile,US,77,180,1,0
2570,2024-04-17 02:00:00,123.44,grocery,pos,CA,36,171,1,0
2571,2024-04-17 03:00:00,10.37,ecommerce,mobile,GB,31,174,1,0
2572,2024-04-17 04:00:00,93.03,grocery,mobile,CA,25,86,1,0
2573,2024-04-17 05:00:00,115.48,travel,web,CA,54,50,1,0
2574,2024-04-17 06:00:00,355.87,ecommerce,mobile,CA,27,20,0,0
2575,2024-04-17 07:00:00,19.92,grocery,pos,FR,84,105,0,1
2576,2024-04-17 08:00:00,251.78,travel,mobile,CA,30,190,0,0
2577,2024-04-17 09:00:00,209.72,travel,mobile,CA,56,239,0,0
2578,2024-04-17 10:00:00,145.26,electronics,pos,US,81,43,0,0
2579,2024-04-17 11:00:00,278.28,travel,web,GB,47,5,0,0
2580,2024-04-17 12:00:00,153.49,restaurant,web,CA,21,207,0,0
2581,2024-04-17 13:00:00,155.02,fuel,pos,CA,62,66,0,0
2582,2024-04-17 14:00:00,115.22,grocery,atm,CA,23,140,0,0
2583,2024-04-17 15:00:00,230.12,grocery,web,CA,33,128,0,1
2584,2024-04-17 16:00:00,218.68,grocery,web,GB,39,185,0,0
2585,2024-04-17 17:00:00,63.69,travel,pos,CA,38,188,0,0
2586,2024-04-17 18:00:00,1.27,travel,web,GB,82,183,0,0
2587,2024-04-17 19:00:00,101.73,grocery,mobile,US,47,71,0,0
2588,2024-04-17 20:00:00,48.0,restaurant,web,CA,41,66,0,0
2589,2024-04-17 21:00:00,114.28,ecommerce,mobile,CA,81,200,0,0
2590,2024-04-17 22:00:00,231.37,ecommerce,mobile,CA,30,73,0,0
2591,2024-04-17 23:00:00,78.84,fuel,pos,CA,43,155,1,0
2592,2024-04-18 00:00:00,116.15,electronics,web,CA,37,156,1,0
2593,2024-04-18 01:00:00,125.22,fuel,pos,CA,78,165,1,0
2594,2024-04-18 02:00:00,196.36,grocery,pos,CA,23,79,1,0
2595,2024-04-18 03:00:00,82.22,grocery,pos,CA,60,19,1,0
2596,2024-04-18 04:00:00,65.4,grocery,mobile,CA,66,222,1,0
2597,2024-04-18 05:00:00,139.02,electronics,atm,CA,26,179,1,0
2598,2024-04-18 06:00:00,228.01,travel,pos,CA,54,13,0,0
2599,2024-04-18 07:00:00,75.73,electronics,pos,CA,33,45,0,0
2600,2024-04-18 08:00:00,48.89,fuel,pos,CA,21,6,0,0
2601,2024-04-18 09:00:00,175.77,travel,mobile,CA,49,222,0,0
2602,2024-04-18 10:00:00,62.82,travel,web,CA,34,129,0,0
2603,2024-04-18 11:00:00,12.93,fuel,web,FR,58,106,0,0
2604,2024-04-18 12:00:00,63.81,travel,web,CA,62,121,0,0
2605,2024-04-18 13:00:00,103.39,ecommerce,mobile,CA,33,230,0,0
2606,2024-04-18 14:00:00,65.57,fuel,pos,CA,37,25,0,0
2607,2024-04-18 15:00:00,78.5,fuel,pos,CA,59,227,0,0
2608,2024-04-18 16:00:00,200.74,ecommerce,pos,CA,27,154,0,0
2609,2024-04-18 17:00:00,234.74,electronics,web,CA,69,141,0,1
2610,2024-04-18 18:00:00,178.64,electronics,mobile,CA,77,19,0,0
2611,2024-04-18 19:00:00,17.61,electronics,pos,CA,65,138,0,0
2612,2024-04-18 20:00:00,101.87,travel,pos,CA,40,173,0,0
2613,2024-04-18 21:00:00,119.41,ecommerce,mobile,CA,50,71,0,0
2614,2024-04-18 22:00:00,173.89,fuel,pos,CA,42,15,0,0
2615,2024-04-18 23:00:00,180.15,fuel,pos,GB,67,215,1,0
2616,2024-04-19 00:00:00,53.92,fuel,mobile,US,72,228,1,0
2617,2024-04-19 01:00:00,127.38,travel,mobile,CA,21,107,1,1
2618,2024-04-19 02:00:00,161.16,travel,web,MX,45,159,1,1
2619,2024-04-19 03:00:00,251.02,restaurant,mobile,CA,46,126,1,0
2620,2024-04-19 04:00:00,183.41,electronics,mobile,CA,65,136,1,0
2621,2024-04-19 05:00:00,191.02,restaurant,pos,CA,30,30,1,0
2622,2024-04-19 06:00:00,127.54,restaurant,mobile,GB,60,98,0,0
2623,2024-04-19 07:00:00,246.94,travel,web,CA,26,97,0,0
2624,2024-04-19 08:00:00,156.88,electronics,atm,CA,57,1,0,0
2625,2024-04-19 09:00:00,42.5,electronics,atm,GB,63,16,0,0
2626,2024-04-19 10:00:00,246.3,fuel,pos,CA,75,114,0,0
2627,2024-04-19 11:00:00,182.81,travel,web,US,73,11,0,0
2628,2024-04-19 12:00:00,80.13,electronics,pos,CA,29,155,0,0
2629,2024-04-19 13:00:00,76.85,restaurant,pos,CA,42,86,0,0
2630,2024-04-19 14:00:00,146.69,ecommerce,web,IN,33,168,0,1
2631,2024-04-19 15:00:00,161.69,ecommerce,mobile,CA,68,211,0,0
2632,2024-04-19 16:00:00,137.76,travel,web,US,70,172,0,0
2633,2024-04-19 17:00:00,148.02,fuel,web,FR,69,70,0,0
2634,2024-04-19 18:00:00,273.0,fuel,mobile,CA,84,120,0,0
2635,2024-04-19 19:00:00,216.44,electronics,mobile,CA,41,185,0,1
2636,2024-04-19 20:00:00,137.16,travel,mobile,CA,31,176,0,0
2637,2024-04-19 21:00:00,204.72,ecommerce,pos,CA,39,168,0,0
2638,2024-04-19 22:00:00,27.07,restaurant,mobile,CA,48,39,0,0
2639,2024-04-19 23:00:00,155.81,electronics,mobile,GB,75,212,1,0
2640,2024-04-20 00:00:00,282.84,restaurant,pos,CA,36,131,1,0
2641,2024-04-20 01:00:00,100.38,electronics,web,GB,70,183,1,0
2642,2024-04-20 02:00:00,43.71,grocery,atm,US,19,1,1,0
2643,2024-04-20 03:00:00,61.31,restaurant,web,IN,70,23,1,0
2644,2024-04-20 04:00:00,21.93,travel,web,FR,84,230,1,0
2645,2024-04-20 05:00:00,49.37,restaurant,pos,CA,64,195,1,0
2646,2024-04-20 06:00:00,86.65,restaurant,web,MX,70,190,0,0
2647,2024-04-20 07:00:00,6.5,electronics,web,CA,74,115,0,1
2648,2024-04-20 08:00:00,121.41,ecommerce,pos,CA,42,162,0,0
2649,2024-04-20 09:00:00,201.2,grocery,web,CA,52,145,0,0
2650,2024-04-20 10:00:00,38.3,restaurant,pos,CA,46,48,0,0
2651,2024-04-20 11:00:00,256.74,ecommerce,mobile,CA,34,91,0,1
2652,2024-04-20 12:00:00,165.97,fuel,atm,CA,66,53,0,0
2653,2024-04-20 13:00:00,212.75,grocery,web,CA,73,61,0,0
2654,2024-04-20 14:00:00,60.79,grocery,web,CA,20,103,0,0
2655,2024-04-20 15:00:00,196.91,electronics,web,CA,39,215,0,0
2656,2024-04-20 16:00:00,21.73,restaurant,pos,GB,31,102,0,0
2657,2024-04-20 17:00:00,200.12,fuel,atm,CA,20,139,0,0
2658,2024-04-20 18:00:00,135.47,electronics,pos,CA,55,143,0,0
2659,2024-04-20 19:00:00,169.79,travel,pos,US,38,90,0,1
2660,2024-04-20 20:00:00,14.2,ecommerce,web,FR,68,118,0,0
2661,2024-04-20 21:00:00,39.44,ecommerce,mobile,US,41,139,0,0
2662,2024-04-20 22:00:00,173.75,electronics,pos,CA,62,135,0,0
2663,2024-04-20 23:00:00,34.65,ecommerce,pos,CA,61,47,1,1
2664,2024-04-21 00:00:00,161.69,restaurant,mobile,CA,64,136,1,0
2665,2024-04-21 01:00:00,3.04,ecommerce,pos,CA,74,5,1,0
2666,2024-04-21 02:00:00,196.34,restaurant,pos,CA,36,209,1,0
2667,2024-04-21 03:00:00,9.07,travel,pos,CA,51,87,1,0
2668,2024-04-21 04:00:00,169.71,fuel,pos,FR,20,194,1,0
2669,2024-04-21 05:00:00,176.31,grocery,web,CA,56,91,1,0
2670,2024-04-21 06:00:00,57.29,electronics,mobile,CA,77,63,0,1
2671,2024-04-21 07:00:00,172.38,electronics,mobile,CA,27,21,0,0
2672,2024-04-21 08:00:00,143.44,restaurant,pos,CA,57,199,0,0
2673,2024-04-21 09:00:00,71.5,travel,pos,CA,19,119,0,0
2674,2024-04-21 10:00:00,29.23,travel,pos,CA,62,121,0,0
2675,2024-04-21 11:00:00,56.64,grocery,pos,CA,44,102,0,0
2676,2024-04-21 12:00:00,151.47,fuel,pos,US,70,90,0,0
2677,2024-04-21 13:00:00,20.83,electronics,pos,US,26,222,0,0
2678,2024-04-21 14:00:00,128.58,restaurant,pos,CA,18,140,0,0
2679,2024-04-21 15:00:00,96.29,travel,web,US,50,112,0,0
2680,2024-04-21 16:00:00,181.12,electronics,pos,CA,55,139,0,0
2681,2024-04-21 17:00:00,92.82,restaurant,pos,CA,74,182,0,0
2682,2024-04-21 18:00:00,90.35,ecommerce,pos,CA,50,209,0,0
2683,2024-04-21 19:00:00,185.87,electronics,pos,CA,65,138,0,0
2684,2024-04-21 20:00:00,150.16,fuel,mobile,CA,20,119,0,0
2685,2024-04-21 21:00:00,148.45,restaurant,pos,CA,49,16,0,0
2686,2024-04-21 22:00:00,162.23,fuel,pos,CA,38,143,0,0
2687,2024-04-21 23:00:00,18.2,electronics,pos,CA,34,186,1,0
2688,2024-04-22 00:00:00,188.11,ecommerce,pos,US,59,207,1,0
2689,2024-04-22 01:00:00,175.12,fuel,mobile,CA,29,119,1,0
2690,2024-04-22 02:00:00,28.5,travel,atm,US,62,84,1,0
2691,2024-04-22 03:00:00,98.03,restaurant,pos,CA,53,132,1,0
2692,2024-04-22 04:00:00,116.46,electronics,mobile,MX,68,224,1,0
2693,2024-04-22 05:00:00,107.9,ecommerce,pos,CA,24,22,1,0
2694,2024-04-22 06:00:00,150.05,travel,pos,CA,50,163,0,0
2695,2024-04-22 07:00:00,248.82,electronics,pos,CA,65,142,0,0
2696,2024-04-22 08:00:00,217.36,ecommerce,mobile,CA,83,94,0,0
2697,2024-04-22 09:00:00,1.9,travel,pos,CA,50,31,0,0
2698,2024-04-22 10:00:00,175.99,fuel,atm,US,44,202,0,0
2699,2024-04-22 11:00:00,239.6,electronics,web,FR,64,70,0,0
2700,2024-04-22 12:00:00,154.81,electronics,pos,CA,83,91,0,0
2701,2024-04-22 13:00:00,218.19,fuel,mobile,CA,60,128,0,0
2702,2024-04-22 14:00:00,301.1,grocery,mobile,CA,36,11,0,0
2703,2024-04-22 15:00:00,212.13,travel,mobile,GB,27,36,0,0
2704,2024-04-22 16:00:00,142.44,fuel,mobile,CA,39,202,0,0
2705,2024-04-22 17:00:00,214.06,electronics,pos,CA,83,80,0,0
2706,2024-04-22 18:00:00,133.04,travel,pos,CA,19,24,0,0
2707,2024-04-22 19:00:00,122.15,travel,pos,CA,35,213,0,0
2708,2024-04-22 20:00:00,88.37,grocery,web,CA,36,168,0,0
2709,2024-04-22 21:00:00,260.71,electronics,atm,CA,47,233,0,0
2710,2024-04-22 22:00:00,46.34,ecommerce,mobile,CA,23,228,0,0
2711,2024-04-22 23:00:00,257.91,grocery,mobile,CA,44,113,1,0
2712,2024-04-23 00:00:00,164.99,grocery,pos,MX,32,42,1,0
2713,2024-04-23 01:00:00,5.94,ecommerce,mobile,FR,48,237,1,0
2714,2024-04-23 02:00:00,153.09,ecommerce,mobile,CA,61,215,1,0
2715,2024-04-23 03:00:00,69.0,grocery,web,CA,27,21,1,0
2716,2024-04-23 04:00:00,176.3,travel,web,CA,38,96,1,0
2717,2024-04-23 05:00:00,199.67,fuel,mobile,CA,64,209,1,0
2718,2024-04-23 06:00:00,66.69,fuel,web,CA,72,51,0,0
2719,2024-04-23 07:00:00,131.12,grocery,atm,CA,53,81,0,0
2720,2024-04-23 08:00:00,295.87,travel,web,CA,75,55,0,0
2721,2024-04-23 09:00:00,74.48,ecommerce,pos,CA,36,213,0,0
2722,2024-04-23 10:00:00,24.7,restaurant,web,CA,81,124,0,0
2723,2024-04-23 11:00:00,253.35,grocery,pos,CA,27,132,0,0
2724,2024-04-23 12:00:00,296.63,electronics,web,US,66,62,0,1
2725,2024-04-23 13:00:00,120.33,travel,pos,CA,71,87,0,0
2726,2024-04-23 14:00:00,211.03,electronics,mobile,FR,78,153,0,0
2727,2024-04-23 15:00:00,240.73,electronics,mobile,US,76,224,0,0
2728,2024-04-23 16:00:00,53.18,grocery,pos,CA,19,198,0,0
2729,2024-04-23 17:00:00,76.32,travel,pos,CA,25,142,0,0
2730,2024-04-23 18:00:00,230.78,electronics,web,CA,36,41,0,0
2731,2024-04-23 19:00:00,271.65,travel,mobile,CA,31,230,0,0
2732,2024-04-23 20:00:00,170.66,fuel,pos,CA,39,234,0,0
2733,2024-04-23 21:00:00,40.82,restaurant,pos,CA,34,185,0,0
2734,2024-04-23 22:00:00,298.84,electronics,web,FR,80,166,0,0
2735,2024-04-23 23:00:00,72.21,electronics,mobile,MX,43,190,1,0
2736,2024-04-24 00:00:00,89.84,travel,pos,CA,53,41,1,0
2737,2024-04-24 01:00:00,150.81,restaurant,mobile,CA,62,45,1,0
2738,2024-04-24 02:00:00,259.87,fuel,atm,US,47,208,1,0
2739,2024-04-24 03:00:00,196.86,electronics,pos,CA,38,126,1,0
2740,2024-04-24 04:00:00,157.34,grocery,web,CA,37,96,1,0
2741,2024-04-24 05:00:00,161.7,travel,pos,CA,59,144,1,1
2742,2024-04-24 06:00:00,123.92,travel,pos,US,73,19,0,0
2743,2024-04-24 07:00:00,170.23,electronics,pos,CA,29,37,0,0
2744,2024-04-24 08:00:00,107.66,fuel,web,US,25,235,0,0
2745,2024-04-24 09:00:00,93.31,electronics,mobile,CA,80,85,0,0
2746,2024-04-24 10:00:00,141.72,ecommerce,web,CA,73,207,0,0
2747,2024-04-24 11:00:00,16.41,electronics,pos,CA,24,189,0,0
2748,2024-04-24 12:00:00,154.77,restaurant,pos,CA,79,26,0,0
2749,2024-04-24 13:00:00,101.6,restaurant,web,CA,78,94,0,0
2750,2024-04-24 14:00:00,277.99,ecommerce,pos,CA,27,104,0,0
2751,2024-04-24 15:00:00,261.57,restaurant,pos,CA,67,207,0,0
2752,2024-04-24 16:00:00,78.08,restaurant,web,CA,37,192,0,0
2753,2024-04-24 17:00:00,106.42,grocery,mobile,CA,45,235,0,0
2754,2024-04-24 18:00:00,113.34,travel,pos,CA,31,125,0,0
2755,2024-04-24 19:00:00,79.35,restaurant,mobile,CA,25,141,0,1
2756,2024-04-24 20:00:00,137.55,travel,pos,CA,24,91,0,0
2757,2024-04-24 21:00:00,51.75,fuel,web,CA,22,87,0,0
2758,2024-04-24 22:00:00,18.24,electronics,web,CA,18,162,0,0
2759,2024-04-24 23:00:00,176.04,grocery,mobile,CA,27,123,1,0
2760,2024-04-25 00:00:00,176.66,ecommerce,web,CA,75,98,1,0
2761,2024-04-25 01:00:00,47.61,fuel,pos,CA,82,23,1,0
2762,2024-04-25 02:00:00,200.58,grocery,pos,CA,77,108,1,0
2763,2024-04-25 03:00:00,63.16,grocery,pos,GB,37,148,1,0
2764,2024-04-25 04:00:00,142.78,ecommerce,web,CA,75,54,1,0
2765,2024-04-25 05:00:00,193.83,ecommerce,mobile,CA,60,201,1,0
2766,2024-04-25 06:00:00,116.97,travel,web,CA,46,186,0,0
2767,2024-04-25 07:00:00,160.93,electronics,mobile,CA,19,59,0,0
2768,2024-04-25 08:00:00,73.52,fuel,pos,CA,43,148,0,0
2769,2024-04-25 09:00:00,102.32,electronics,web,CA,76,239,0,0
2770,2024-04-25 10:00:00,101.47,fuel,pos,CA,18,39,0,0
2771,2024-04-25 11:00:00,52.81,grocery,pos,GB,48,78,0,0
2772,2024-04-25 12:00:00,104.09,restaurant,web,CA,55,218,0,0
2773,2024-04-25 13:00:00,19.38,restaurant,mobile,CA,39,91,0,0
2774,2024-04-25 14:00:00,75.8,ecommerce,pos,CA,83,226,0,0
2775,2024-04-25 15:00:00,94.36,ecommerce,mobile,CA,64,221,0,0
2776,2024-04-25 16:00:00,96.94,grocery,mobile,CA,18,160,0,0
2777,2024-04-25 17:00:00,98.27,grocery,pos,CA,67,169,0,0
2778,2024-04-25 18:00:00,114.44,fuel,mobile,US,53,237,0,0
2779,2024-04-25 19:00:00,163.15,grocery,pos,CA,62,69,0,0
2780,2024-04-25 20:00:00,198.71,fuel,pos,CA,53,68,0,1
2781,2024-04-25 21:00:00,61.52,electronics,pos,CA,51,87,0,0
2782,2024-04-25 22:00:00,11.71,ecommerce,pos,US,26,21,0,0
2783,2024-04-25 23:00:00,26.22,ecommerce,mobile,US,21,225,1,0
2784,2024-04-26 00:00:00,76.15,restaurant,mobile,US,80,233,1,0
2785,2024-04-26 01:00:00,88.33,restaurant,pos,CA,21,152,1,1
2786,2024-04-26 02:00:00,50.7,ecommerce,pos,CA,22,144,1,0
2787,2024-04-26 03:00:00,3.35,electronics,pos,CA,27,32,1,0
2788,2024-04-26 04:00:00,78.95,electronics,mobile,IN,61,211,1,0
2789,2024-04-26 05:00:00,136.33,travel,pos,CA,57,154,1,0
2790,2024-04-26 06:00:00,173.55,fuel,web,US,53,3,0,0
2791,2024-04-26 07:00:00,69.83,restaurant,mobile,CA,52,227,0,0
2792,2024-04-26 08:00:00,82.83,fuel,web,CA,76,231,0,0
2793,2024-04-26 09:00:00,36.6,restaurant,atm,CA,82,82,0,0
2794,2024-04-26 10:00:00,117.17,travel,pos,CA,48,121,0,0
2795,2024-04-26 11:00:00,43.64,ecommerce,atm,CA,63,116,0,0
2796,2024-04-26 12:00:00,171.58,fuel,pos,CA,66,135,0,0
2797,2024-04-26 13:00:00,40.73,restaurant,pos,CA,23,224,0,0
2798,2024-04-26 14:00:00,87.63,fuel,mobile,US,36,88,0,0
2799,2024-04-26 15:00:00,147.1,ecommerce,mobile,CA,59,144,0,0
2800,2024-04-26 16:00:00,136.55,grocery,mobile,US,47,53,0,0
2801,2024-04-26 17:00:00,362.37,restaurant,pos,CA,43,216,0,0
2802,2024-04-26 18:00:00,151.48,grocery,mobile,US,20,4,0,1
2803,2024-04-26 19:00:00,29.64,travel,pos,CA,50,173,0,0
2804,2024-04-26 20:00:00,111.41,electronics,pos,CA,67,32,0,0
2805,2024-04-26 21:00:00,39.86,fuel,pos,CA,48,234,0,0
2806,2024-04-26 22:00:00,112.75,restaurant,mobile,CA,27,226,0,0
2807,2024-04-26 23:00:00,45.02,fuel,mobile,CA,39,83,1,0
2808,2024-04-27 00:00:00,202.39,travel,web,US,80,206,1,0
2809,2024-04-27 01:00:00,70.54,travel,pos,CA,71,102,1,0
2810,2024-04-27 02:00:00,109.49,fuel,pos,CA,68,58,1,0
2811,2024-04-27 03:00:00,62.8,restaurant,pos,US,21,13,1,0
2812,2024-04-27 04:00:00,276.5,ecommerce,web,CA,54,150,1,0
2813,2024-04-27 05:00:00,91.09,ecommerce,mobile,CA,80,223,1,0
2814,2024-04-27 06:00:00,284.93,electronics,web,CA,68,44,0,0
2815,2024-04-27 07:00:00,193.27,fuel,mobile,CA,25,172,0,1
2816,2024-04-27 08:00:00,163.39,fuel,pos,CA,18,30,0,0
2817,2024-04-27 09:00:00,153.19,restaurant,pos,FR,25,151,0,0
2818,2024-04-27 10:00:00,155.44,fuel,web,CA,72,12,0,0
2819,2024-04-27 11:00:00,53.49,restaurant,mobile,CA,26,235,0,0
2820,2024-04-27 12:00:00,94.9,fuel,web,US,68,14,0,0
2821,2024-04-27 13:00:00,196.06,travel,mobile,CA,33,36,0,0
2822,2024-04-27 14:00:00,115.6,grocery,web,CA,70,45,0,0
2823,2024-04-27 15:00:00,6.47,fuel,pos,CA,76,200,0,0
2824,2024-04-27 16:00:00,115.28,grocery,pos,CA,62,24,0,0
2825,2024-04-27 17:00:00,273.37,ecommerce,mobile,CA,54,119,0,0
2826,2024-04-27 18:00:00,232.22,electronics,mobile,MX,83,131,0,0
2827,2024-04-27 19:00:00,114.42,ecommerce,pos,CA,81,78,0,0
2828,2024-04-27 20:00:00,205.63,fuel,pos,CA,53,179,0,0
2829,2024-04-27 21:00:00,87.01,restaurant,web,CA,67,203,0,0
2830,2024-04-27 22:00:00,33.35,ecommerce,web,CA,70,237,0,0
2831,2024-04-27 23:00:00,36.8,travel,pos,CA,74,183,1,0
2832,2024-04-28 00:00:00,260.66,grocery,web,CA,36,38,1,0
2833,2024-04-28 01:00:00,95.34,restaurant,pos,CA,43,92,1,0
2834,2024-04-28 02:00:00,98.1,restaurant,mobile,CA,60,87,1,0
2835,2024-04-28 03:00:00,93.01,fuel,pos,CA,75,210,1,0
2836,2024-04-28 04:00:00,291.37,travel,mobile,CA,76,20,1,0
2837,2024-04-28 05:00:00,266.34,grocery,web,CA,63,97,1,0
2838,2024-04-28 06:00:00,319.69,travel,pos,CA,57,2,0,0
2839,2024-04-28 07:00:00,105.69,ecommerce,web,CA,30,231,0,0
2840,2024-04-28 08:00:00,146.61,fuel,pos,CA,26,229,0,0
2841,2024-04-28 09:00:00,16.5,restaurant,mobile,CA,83,154,0,0
2842,2024-04-28 10:00:00,252.92,restaurant,web,US,70,2,0,0
2843,2024-04-28 11:00:00,14.9,ecommerce,pos,CA,21,195,0,0
2844,2024-04-28 12:00:00,139.51,restaurant,pos,CA,31,212,0,0
2845,2024-04-28 13:00:00,21.24,electronics,mobile,CA,25,202,0,0
2846,2024-04-28 14:00:00,67.0,fuel,pos,CA,79,42,0,0
2847,2024-04-28 15:00:00,44.65,ecommerce,web,CA,62,213,0,0
2848,2024-04-28 16:00:00,65.29,fuel,pos,CA,84,40,0,0
2849,2024-04-28 17:00:00,71.48,grocery,mobile,CA,79,137,0,0
2850,2024-04-28 18:00:00,70.66,fuel,web,CA,53,130,0,0
2851,2024-04-28 19:00:00,195.0,fuel,mobile,CA,18,156,0,0
2852,2024-04-28 20:00:00,20.56,grocery,pos,CA,77,3,0,0
2853,2024-04-28 21:00:00,139.85,ecommerce,pos,CA,30,16,0,0
2854,2024-04-28 22:00:00,229.62,fuel,pos,CA,29,132,0,0
2855,2024-04-28 23:00:00,73.81,travel,pos,CA,34,23,1,0
2856,2024-04-29 00:00:00,55.39,fuel,mobile,CA,64,222,1,0
2857,2024-04-29 01:00:00,99.25,ecommerce,web,CA,70,102,1,0
2858,2024-04-29 02:00:00,226.18,restaurant,pos,FR,84,77,1,0
2859,2024-04-29 03:00:00,137.47,grocery,mobile,CA,27,134,1,0
2860,2024-04-29 04:00:00,72.19,restaurant,pos,CA,63,202,1,0
2861,2024-04-29 05:00:00,163.55,ecommerce,pos,CA,21,55,1,1
2862,2024-04-29 06:00:00,20.79,electronics,mobile,CA,74,209,0,1
2863,2024-04-29 07:00:00,181.32,restaurant,web,CA,55,136,0,0
2864,2024-04-29 08:00:00,156.77,fuel,web,CA,29,73,0,0
2865,2024-04-29 09:00:00,92.3,fuel,pos,CA,48,98,0,0
2866,2024-04-29 10:00:00,44.53,grocery,pos,CA,19,81,0,0
2867,2024-04-29 11:00:00,40.2,fuel,pos,CA,18,235,0,0
2868,2024-04-29 12:00:00,168.13,travel,mobile,CA,42,114,0,0
2869,2024-04-29 13:00:00,230.61,travel,web,FR,22,214,0,1
2870,2024-04-29 14:00:00,62.64,restaurant,pos,CA,65,192,0,0
2871,2024-04-29 15:00:00,161.25,ecommerce,mobile,US,31,67,0,0
2872,2024-04-29 16:00:00,67.83,grocery,web,MX,69,41,0,0
2873,2024-04-29 17:00:00,67.38,electronics,mobile,MX,38,40,0,0
2874,2024-04-29 18:00:00,117.2,restaurant,pos,CA,42,221,0,0
2875,2024-04-29 19:00:00,38.13,ecommerce,pos,CA,84,103,0,0
2876,2024-04-29 20:00:00,35.71,grocery,pos,CA,67,155,0,0
2877,2024-04-29 21:00:00,59.9,grocery,pos,CA,50,39,0,0
2878,2024-04-29 22:00:00,146.3,restaurant,mobile,CA,34,53,0,0
2879,2024-04-29 23:00:00,103.14,ecommerce,mobile,CA,51,40,1,0
2880,2024-04-30 00:00:00,81.44,ecommerce,web,CA,43,52,1,0
2881,2024-04-30 01:00:00,70.86,fuel,mobile,CA,59,37,1,0
2882,2024-04-30 02:00:00,65.38,electronics,pos,CA,48,67,1,0
2883,2024-04-30 03:00:00,161.19,travel,mobile,CA,68,147,1,0
2884,2024-04-30 04:00:00,127.28,fuel,mobile,CA,53,162,1,0
2885,2024-04-30 05:00:00,75.02,grocery,web,CA,30,206,1,0
2886,2024-04-30 06:00:00,72.64,electronics,pos,US,30,85,0,0
2887,2024-04-30 07:00:00,244.95,electronics,mobile,CA,49,66,0,0
2888,2024-04-30 08:00:00,85.35,ecommerce,pos,FR,22,138,0,0
2889,2024-04-30 09:00:00,154.47,electronics,mobile,CA,29,52,0,0
2890,2024-04-30 10:00:00,132.71,restaurant,pos,MX,76,170,0,0
2891,2024-04-30 11:00:00,71.75,electronics,web,CA,58,188,0,0
2892,2024-04-30 12:00:00,189.14,grocery,web,FR,54,209,0,0
2893,2024-04-30 13:00:00,139.39,restaurant,pos,CA,65,2,0,0
2894,2024-04-30 14:00:00,165.74,restaurant,pos,CA,60,219,0,0
2895,2024-04-30 15:00:00,473.36,fuel,pos,CA,58,129,0,0
2896,2024-04-30 16:00:00,67.57,electronics,web,CA,73,178,0,0
2897,2024-04-30 17:00:00,275.22,ecommerce,mobile,CA,28,164,0,0
2898,2024-04-30 18:00:00,94.13,fuel,pos,CA,26,97,0,0
2899,2024-04-30 19:00:00,145.86,ecommerce,mobile,CA,45,22,0,0
2900,2024-04-30 20:00:00,115.9,electronics,pos,GB,39,113,0,0
2901,2024-04-30 21:00:00,81.82,fuel,mobile,CA,23,227,0,0
2902,2024-04-30 22:00:00,68.72,electronics,mobile,CA,43,226,0,1
2903,2024-04-30 23:00:00,149.66,grocery,pos,CA,33,82,1,0
2904,2024-05-01 00:00:00,16.55,fuel,mobile,CA,31,164,1,0
2905,2024-05-01 01:00:00,187.55,ecommerce,web,CA,52,121,1,0
2906,2024-05-01 02:00:00,82.54,grocery,pos,US,59,3,1,0
2907,2024-05-01 03:00:00,18.29,travel,mobile,CA,70,172,1,0
2908,2024-05-01 04:00:00,79.5,ecommerce,pos,CA,39,118,1,0
2909,2024-05-01 05:00:00,233.14,electronics,pos,CA,70,144,1,0
2910,2024-05-01 06:00:00,71.82,ecommerce,web,CA,83,139,0,0
2911,2024-05-01 07:00:00,152.26,travel,mobile,CA,30,10,0,0
2912,2024-05-01 08:00:00,54.21,ecommerce,mobile,CA,28,179,0,1
2913,2024-05-01 09:00:00,188.21,grocery,pos,CA,29,170,0,0
2914,2024-05-01 10:00:00,181.7,restaurant,atm,FR,70,213,0,1
2915,2024-05-01 11:00:00,286.37,ecommerce,mobile,CA,26,25,0,0
2916,2024-05-01 12:00:00,104.2,fuel,mobile,CA,34,227,0,0
2917,2024-05-01 13:00:00,180.18,travel,pos,CA,78,120,0,0
2918,2024-05-01 14:00:00,128.83,ecommerce,mobile,CA,27,6,0,0
2919,2024-05-01 15:00:00,236.63,travel,mobile,CA,55,110,0,0
2920,2024-05-01 16:00:00,55.31,restaurant,pos,CA,56,172,0,0
2921,2024-05-01 17:00:00,187.05,grocery,atm,CA,47,8,0,0
2922,2024-05-01 18:00:00,102.48,fuel,pos,CA,51,162,0,0
2923,2024-05-01 19:00:00,114.22,electronics,pos,FR,50,41,0,1
2924,2024-05-01 20:00:00,128.26,ecommerce,mobile,CA,49,110,0,0
2925,2024-05-01 21:00:00,142.7,grocery,atm,US,29,1,0,0
2926,2024-05-01 22:00:00,109.54,travel,pos,CA,82,131,0,0
2927,2024-05-01 23:00:00,139.32,restaurant,pos,CA,27,52,1,0
2928,2024-05-02 00:00:00,262.03,travel,mobile,CA,36,102,1,0
2929,2024-05-02 01:00:00,208.69,restaurant,mobile,CA,40,219,1,0
2930,2024-05-02 02:00:00,198.22,restaurant,web,CA,74,77,1,0
2931,2024-05-02 03:00:00,79.0,grocery,web,CA,76,171,1,0
2932,2024-05-02 04:00:00,39.97,ecommerce,mobile,CA,71,47,1,0
2933,2024-05-02 05:00:00,205.98,electronics,pos,CA,19,114,1,0
2934,2024-05-02 06:00:00,198.84,ecommerce,atm,CA,65,83,0,0
2935,2024-05-02 07:00:00,252.54,fuel,pos,CA,23,19,0,0
2936,2024-05-02 08:00:00,65.64,ecommerce,web,US,60,70,0,0
2937,2024-05-02 09:00:00,99.34,restaurant,web,CA,34,47,0,0
2938,2024-05-02 10:00:00,27.55,restaurant,web,FR,53,117,0,0
2939,2024-05-02 11:00:00,84.68,fuel,mobile,CA,41,78,0,0
2940,2024-05-02 12:00:00,209.69,travel,atm,CA,78,5,0,0
2941,2024-05-02 13:00:00,78.02,restaurant,mobile,CA,46,64,0,0
2942,2024-05-02 14:00:00,177.64,fuel,mobile,CA,75,107,0,0
2943,2024-05-02 15:00:00,102.85,restaurant,pos,US,83,173,0,0
2944,2024-05-02 16:00:00,149.17,electronics,mobile,CA,70,192,0,0
2945,2024-05-02 17:00:00,16.71,restaurant,pos,CA,26,173,0,0
2946,2024-05-02 18:00:00,127.67,grocery,pos,CA,59,36,0,0
2947,2024-05-02 19:00:00,149.2,fuel,pos,CA,56,137,0,0
2948,2024-05-02 20:00:00,103.18,ecommerce,mobile,FR,57,151,0,0
2949,2024-05-02 21:00:00,26.74,fuel,atm,US,76,160,0,0
2950,2024-05-02 22:00:00,228.54,travel,mobile,CA,61,221,0,0
2951,2024-05-02 23:00:00,189.97,restaurant,pos,CA,82,173,1,0
2952,2024-05-03 00:00:00,162.0,fuel,pos,GB,28,156,1,0
2953,2024-05-03 01:00:00,256.89,electronics,web,CA,22,232,1,0
2954,2024-05-03 02:00:00,34.6,fuel,pos,MX,66,180,1,0
2955,2024-05-03 03:00:00,277.26,electronics,pos,CA,68,11,1,0
2956,2024-05-03 04:00:00,203.9,restaurant,mobile,CA,53,147,1,0
2957,2024-05-03 05:00:00,98.71,ecommerce,atm,CA,33,64,1,0
2958,2024-05-03 06:00:00,222.21,restaurant,web,CA,24,65,0,0
2959,2024-05-03 07:00:00,20.43,travel,pos,CA,61,73,0,0
2960,2024-05-03 08:00:00,45.79,grocery,mobile,CA,43,57,0,0
2961,2024-05-03 09:00:00,65.23,ecommerce,mobile,CA,53,66,0,0
2962,2024-05-03 10:00:00,72.39,ecommerce,mobile,CA,70,132,0,0
2963,2024-05-03 11:00:00,24.91,grocery,pos,CA,61,157,0,0
2964,2024-05-03 12:00:00,230.08,fuel,web,CA,29,4,0,0
2965,2024-05-03 13:00:00,96.7,restaurant,atm,CA,40,124,0,0
2966,2024-05-03 14:00:00,151.73,fuel,pos,CA,47,129,0,0
2967,2024-05-03 15:00:00,68.67,fuel,mobile,FR,80,92,0,0
2968,2024-05-03 16:00:00,43.85,restaurant,pos,CA,20,18,0,1
2969,2024-05-03 17:00:00,144.31,travel,web,CA,51,238,0,0
2970,2024-05-03 18:00:00,52.1,ecommerce,mobile,CA,66,141,0,0
2971,2024-05-03 19:00:00,113.82,electronics,web,CA,61,232,0,0
2972,2024-05-03 20:00:00,3.15,grocery,mobile,US,58,70,0,0
2973,2024-05-03 21:00:00,298.85,ecommerce,web,CA,65,177,0,0
2974,2024-05-03 22:00:00,202.02,fuel,atm,CA,25,235,0,0
2975,2024-05-03 23:00:00,129.52,grocery,web,CA,24,175,1,0
2976,2024-05-04 00:00:00,233.73,electronics,pos,CA,54,103,1,0
2977,2024-05-04 01:00:00,43.83,ecommerce,web,CA,72,86,1,0
2978,2024-05-04 02:00:00,168.91,ecommerce,mobile,CA,67,30,1,0
2979,2024-05-04 03:00:00,137.98,travel,mobile,CA,38,155,1,0
2980,2024-05-04 04:00:00,143.76,ecommerce,web,CA,51,200,1,0
2981,2024-05-04 05:00:00,234.51,ecommerce,web,CA,66,107,1,0
2982,2024-05-04 06:00:00,185.92,electronics,mobile,CA,44,156,0,0
2983,2024-05-04 07:00:00,145.99,electronics,mobile,CA,25,130,0,1
2984,2024-05-04 08:00:00,28.94,grocery,mobile,CA,51,20,0,0
2985,2024-05-04 09:00:00,33.6,fuel,mobile,CA,35,203,0,0
2986,2024-05-04 10:00:00,108.96,electronics,web,CA,68,78,0,0
2987,2024-05-04 11:00:00,128.4,grocery,pos,MX,29,152,0,0
2988,2024-05-04 12:00:00,18.28,ecommerce,pos,CA,68,77,0,0
2989,2024-05-04 13:00:00,337.05,grocery,atm,CA,80,72,0,0
2990,2024-05-04 14:00:00,256.48,grocery,pos,CA,57,172,0,0
2991,2024-05-04 15:00:00,174.19,grocery,web,FR,39,149,0,0
2992,2024-05-04 16:00:00,126.48,restaurant,mobile,CA,25,150,0,0
2993,2024-05-04 17:00:00,100.9,grocery,pos,CA,45,73,0,0
2994,2024-05-04 18:00:00,34.33,electronics,mobile,GB,67,186,0,1
2995,2024-05-04 19:00:00,126.97,restaurant,mobile,CA,64,106,0,0
2996,2024-05-04 20:00:00,143.2,fuel,atm,CA,73,128,0,0
2997,2024-05-04 21:00:00,8.24,grocery,pos,CA,49,107,0,0
2998,2024-05-04 22:00:00,150.08,travel,pos,US,28,11,0,0
2999,2024-05-04 23:00:00,106.03,ecommerce,mobile,CA,38,80,1,0
3000,2024-05-05 00:00:00,51.7,ecommerce,pos,US,43,181,1,0
3001,2024-05-05 01:00:00,42.57,restaurant,web,CA,31,9,1,0
3002,2024-05-05 02:00:00,82.78,ecommerce,mobile,MX,31,195,1,0
3003,2024-05-05 03:00:00,289.89,ecommerce,pos,CA,20,100,1,0
3004,2024-05-05 04:00:00,170.09,restaurant,mobile,CA,74,52,1,0
3005,2024-05-05 05:00:00,0.19,ecommerce,mobile,CA,24,115,1,0
3006,2024-05-05 06:00:00,163.74,grocery,pos,CA,56,234,0,0
3007,2024-05-05 07:00:00,19.26,fuel,pos,CA,74,141,0,0
3008,2024-05-05 08:00:00,217.44,restaurant,pos,CA,82,129,0,0
3009,2024-05-05 09:00:00,77.6,travel,pos,CA,42,172,0,0
3010,2024-05-05 10:00:00,111.57,restaurant,mobile,CA,48,75,0,0
3011,2024-05-05 11:00:00,239.32,electronics,pos,IN,27,152,0,0
3012,2024-05-05 12:00:00,4.16,travel,pos,CA,26,133,0,0
3013,2024-05-05 13:00:00,5.74,electronics,mobile,CA,25,194,0,0
3014,2024-05-05 14:00:00,67.48,restaurant,web,CA,36,209,0,0
3015,2024-05-05 15:00:00,213.45,electronics,pos,MX,47,209,0,0
3016,2024-05-05 16:00:00,16.74,travel,atm,US,26,148,0,0
3017,2024-05-05 17:00:00,134.89,grocery,pos,GB,64,192,0,0
3018,2024-05-05 18:00:00,79.4,restaurant,mobile,CA,63,143,0,0
3019,2024-05-05 19:00:00,169.66,restaurant,mobile,MX,18,68,0,0
3020,2024-05-05 20:00:00,228.02,ecommerce,mobile,CA,20,54,0,0
3021,2024-05-05 21:00:00,78.32,restaurant,mobile,CA,51,11,0,0
3022,2024-05-05 22:00:00,82.97,restaurant,web,US,42,151,0,0
3023,2024-05-05 23:00:00,223.85,grocery,mobile,CA,47,129,1,0
3024,2024-05-06 00:00:00,48.28,ecommerce,mobile,MX,18,170,1,0
3025,2024-05-06 01:00:00,85.03,fuel,pos,CA,35,47,1,0
3026,2024-05-06 02:00:00,137.14,electronics,web,CA,50,115,1,0
3027,2024-05-06 03:00:00,160.43,travel,mobile,CA,26,196,1,0
3028,2024-05-06 04:00:00,74.12,fuel,web,CA,24,38,1,1
3029,2024-05-06 05:00:00,123.1,ecommerce,mobile,CA,47,130,1,0
3030,2024-05-06 06:00:00,103.95,grocery,web,CA,30,45,0,0
3031,2024-05-06 07:00:00,60.76,travel,web,GB,30,155,0,0
3032,2024-05-06 08:00:00,160.82,electronics,pos,GB,59,226,0,1
3033,2024-05-06 09:00:00,31.59,restaurant,pos,CA,80,205,0,0
3034,2024-05-06 10:00:00,125.31,restaurant,web,CA,53,239,0,0
3035,2024-05-06 11:00:00,160.22,fuel,web,CA,52,61,0,0
3036,2024-05-06 12:00:00,89.17,electronics,web,CA,63,82,0,0
3037,2024-05-06 13:00:00,135.34,ecommerce,mobile,CA,62,11,0,0
3038,2024-05-06 14:00:00,33.35,electronics,mobile,CA,73,197,0,0
3039,2024-05-06 15:00:00,101.4,grocery,mobile,CA,22,157,0,0
3040,2024-05-06 16:00:00,174.92,fuel,pos,US,61,25,0,0
3041,2024-05-06 17:00:00,134.13,fuel,web,CA,45,78,0,1
3042,2024-05-06 18:00:00,67.21,grocery,pos,CA,59,182,0,0
3043,2024-05-06 19:00:00,140.18,electronics,web,CA,48,176,0,0
3044,2024-05-06 20:00:00,184.31,grocery,pos,CA,24,174,0,0
3045,2024-05-06 21:00:00,64.49,travel,pos,CA,24,41,0,0
3046,2024-05-06 22:00:00,224.32,grocery,pos,CA,21,230,0,0
3047,2024-05-06 23:00:00,89.74,electronics,pos,CA,49,41,1,0
3048,2024-05-07 00:00:00,158.29,grocery,web,CA,45,189,1,0
3049,2024-05-07 01:00:00,227.75,ecommerce,atm,CA,73,101,1,0
3050,2024-05-07 02:00:00,3.45,restaurant,pos,CA,21,139,1,0
3051,2024-05-07 03:00:00,56.15,grocery,mobile,US,25,172,1,0
3052,2024-05-07 04:00:00,94.03,restaurant,web,CA,31,32,1,0
3053,2024-05-07 05:00:00,49.46,grocery,pos,CA,47,49,1,0
3054,2024-05-07 06:00:00,276.14,electronics,pos,CA,20,6,0,0
3055,2024-05-07 07:00:00,42.89,travel,pos,CA,19,57,0,0
3056,2024-05-07 08:00:00,70.0,travel,mobile,CA,27,6,0,0
3057,2024-05-07 09:00:00,138.4,restaurant,pos,CA,33,47,0,0
3058,2024-05-07 10:00:00,11.81,electronics,pos,CA,39,63,0,0
3059,2024-05-07 11:00:00,84.39,electronics,pos,CA,52,177,0,0
3060,2024-05-07 12:00:00,148.57,electronics,web,CA,66,150,0,0
3061,2024-05-07 13:00:00,90.04,ecommerce,mobile,US,19,67,0,0
3062,2024-05-07 14:00:00,111.6,fuel,pos,CA,83,147,0,0
3063,2024-05-07 15:00:00,72.36,grocery,web,CA,36,183,0,0
3064,2024-05-07 16:00:00,16.3,electronics,web,CA,21,162,0,0
3065,2024-05-07 17:00:00,148.94,electronics,pos,CA,58,41,0,0
3066,2024-05-07 18:00:00,277.94,electronics,pos,CA,73,105,0,0
3067,2024-05-07 19:00:00,121.66,travel,web,CA,72,7,0,0
3068,2024-05-07 20:00:00,140.27,electronics,web,CA,48,57,0,0
3069,2024-05-07 21:00:00,182.35,grocery,mobile,CA,39,16,0,0
3070,2024-05-07 22:00:00,5.76,electronics,mobile,CA,65,59,0,0
3071,2024-05-07 23:00:00,273.23,grocery,pos,CA,21,166,1,0
3072,2024-05-08 00:00:00,138.21,ecommerce,pos,US,38,137,1,0
3073,2024-05-08 01:00:00,266.87,fuel,web,CA,58,205,1,0
3074,2024-05-08 02:00:00,54.03,travel,mobile,CA,62,34,1,0
3075,2024-05-08 03:00:00,283.63,grocery,pos,IN,25,46,1,0
3076,2024-05-08 04:00:00,189.76,restaurant,mobile,CA,26,165,1,1
3077,2024-05-08 05:00:00,169.77,ecommerce,web,CA,35,43,1,1
3078,2024-05-08 06:00:00,141.06,fuel,pos,US,48,47,0,0
3079,2024-05-08 07:00:00,97.63,fuel,mobile,US,52,134,0,0
3080,2024-05-08 08:00:00,228.05,fuel,pos,CA,47,166,0,0
3081,2024-05-08 09:00:00,132.63,grocery,web,CA,35,112,0,0
3082,2024-05-08 10:00:00,57.04,ecommerce,web,CA,58,123,0,0
3083,2024-05-08 11:00:00,19.45,electronics,pos,CA,41,61,0,0
3084,2024-05-08 12:00:00,103.27,restaurant,mobile,CA,65,132,0,0
3085,2024-05-08 13:00:00,147.9,ecommerce,mobile,US,31,133,0,0
3086,2024-05-08 14:00:00,114.91,ecommerce,pos,CA,36,70,0,0
3087,2024-05-08 15:00:00,229.71,ecommerce,pos,CA,77,60,0,0
3088,2024-05-08 16:00:00,55.6,grocery,pos,CA,39,205,0,0
3089,2024-05-08 17:00:00,132.92,restaurant,mobile,CA,47,238,0,0
3090,2024-05-08 18:00:00,43.62,grocery,pos,CA,32,88,0,0
3091,2024-05-08 19:00:00,188.37,restaurant,web,GB,38,92,0,0
3092,2024-05-08 20:00:00,111.5,restaurant,pos,CA,43,77,0,0
3093,2024-05-08 21:00:00,157.76,grocery,pos,CA,29,106,0,0
3094,2024-05-08 22:00:00,42.25,restaurant,mobile,CA,24,184,0,0
3095,2024-05-08 23:00:00,235.15,ecommerce,mobile,US,52,82,1,0
3096,2024-05-09 00:00:00,213.76,grocery,web,US,19,187,1,0
3097,2024-05-09 01:00:00,172.52,restaurant,mobile,CA,37,7,1,0
3098,2024-05-09 02:00:00,108.34,fuel,web,CA,64,196,1,0
3099,2024-05-09 03:00:00,172.19,grocery,pos,US,29,31,1,0
3100,2024-05-09 04:00:00,56.38,travel,pos,CA,70,216,1,0
3101,2024-05-09 05:00:00,197.0,grocery,pos,CA,34,214,1,0
3102,2024-05-09 06:00:00,268.45,grocery,mobile,FR,35,85,0,1
3103,2024-05-09 07:00:00,216.35,grocery,mobile,US,41,48,0,0
3104,2024-05-09 08:00:00,54.34,restaurant,pos,US,54,42,0,0
3105,2024-05-09 09:00:00,152.53,grocery,pos,CA,47,90,0,0
3106,2024-05-09 10:00:00,3.62,travel,pos,CA,69,30,0,0
3107,2024-05-09 11:00:00,171.52,electronics,mobile,FR,40,117,0,0
3108,2024-05-09 12:00:00,160.55,grocery,mobile,CA,54,126,0,0
3109,2024-05-09 13:00:00,48.28,fuel,pos,CA,41,51,0,0
3110,2024-05-09 14:00:00,15.44,travel,mobile,CA,67,163,0,0
3111,2024-05-09 15:00:00,94.52,electronics,mobile,CA,37,190,0,1
3112,2024-05-09 16:00:00,92.92,restaurant,pos,CA,64,51,0,0
3113,2024-05-09 17:00:00,11.15,grocery,web,MX,35,215,0,0
3114,2024-05-09 18:00:00,155.01,electronics,web,CA,43,120,0,1
3115,2024-05-09 19:00:00,142.63,fuel,pos,CA,60,109,0,0
3116,2024-05-09 20:00:00,102.52,travel,web,CA,64,232,0,0
3117,2024-05-09 21:00:00,51.98,travel,pos,MX,60,178,0,0
3118,2024-05-09 22:00:00,214.38,restaurant,web,CA,49,158,0,0
3119,2024-05-09 23:00:00,268.99,restaurant,mobile,CA,24,147,1,0
3120,2024-05-10 00:00:00,76.48,restaurant,web,CA,49,224,1,0
3121,2024-05-10 01:00:00,64.9,electronics,pos,CA,82,50,1,0
3122,2024-05-10 02:00:00,164.21,grocery,pos,CA,75,182,1,0
3123,2024-05-10 03:00:00,87.78,ecommerce,web,CA,70,83,1,0
3124,2024-05-10 04:00:00,107.45,travel,pos,IN,51,86,1,0
3125,2024-05-10 05:00:00,186.57,ecommerce,web,CA,73,132,1,0
3126,2024-05-10 06:00:00,51.84,travel,pos,CA,83,237,0,0
3127,2024-05-10 07:00:00,238.65,restaurant,mobile,CA,49,12,0,0
3128,2024-05-10 08:00:00,126.54,grocery,mobile,CA,67,143,0,0
3129,2024-05-10 09:00:00,82.97,grocery,mobile,CA,41,143,0,0
3130,2024-05-10 10:00:00,111.97,travel,pos,IN,63,138,0,0
3131,2024-05-10 11:00:00,116.62,electronics,mobile,CA,20,118,0,1
3132,2024-05-10 12:00:00,35.81,restaurant,pos,CA,27,61,0,0
3133,2024-05-10 13:00:00,254.54,grocery,mobile,CA,23,147,0,0
3134,2024-05-10 14:00:00,123.72,grocery,pos,MX,69,181,0,0
3135,2024-05-10 15:00:00,159.87,fuel,mobile,CA,67,200,0,0
3136,2024-05-10 16:00:00,205.64,grocery,web,CA,75,57,0,0
3137,2024-05-10 17:00:00,28.1,fuel,mobile,CA,69,223,0,0
3138,2024-05-10 18:00:00,162.61,grocery,mobile,CA,30,9,0,0
3139,2024-05-10 19:00:00,95.91,grocery,pos,CA,76,29,0,0
3140,2024-05-10 20:00:00,196.21,electronics,mobile,CA,56,7,0,0
3141,2024-05-10 21:00:00,71.45,electronics,pos,CA,70,200,0,0
3142,2024-05-10 22:00:00,111.08,restaurant,atm,GB,75,105,0,0
3143,2024-05-10 23:00:00,65.75,grocery,mobile,US,37,145,1,1
3144,2024-05-11 00:00:00,158.9,restaurant,atm,CA,80,79,1,0
3145,2024-05-11 01:00:00,162.3,restaurant,pos,IN,27,144,1,0
3146,2024-05-11 02:00:00,56.31,restaurant,pos,CA,43,199,1,0
3147,2024-05-11 03:00:00,55.9,restaurant,mobile,US,36,106,1,0
3148,2024-05-11 04:00:00,110.04,travel,mobile,CA,78,83,1,0
3149,2024-05-11 05:00:00,39.3,travel,pos,CA,51,166,1,0
3150,2024-05-11 06:00:00,195.78,grocery,pos,CA,61,89,0,0
3151,2024-05-11 07:00:00,86.77,travel,pos,CA,35,76,0,0
3152,2024-05-11 08:00:00,141.63,grocery,mobile,CA,33,224,0,0
3153,2024-05-11 09:00:00,86.27,electronics,mobile,CA,43,175,0,0
3154,2024-05-11 10:00:00,26.53,ecommerce,pos,CA,82,10,0,0
3155,2024-05-11 11:00:00,26.81,fuel,pos,CA,83,152,0,0
3156,2024-05-11 12:00:00,8.63,travel,web,CA,44,50,0,0
3157,2024-05-11 13:00:00,129.85,travel,pos,CA,21,196,0,0
3158,2024-05-11 14:00:00,239.58,electronics,mobile,CA,68,126,0,0
3159,2024-05-11 15:00:00,148.19,travel,web,CA,20,43,0,0
3160,2024-05-11 16:00:00,65.41,grocery,mobile,CA,83,165,0,0
3161,2024-05-11 17:00:00,161.03,grocery,mobile,CA,33,173,0,0
3162,2024-05-11 18:00:00,78.68,ecommerce,web,GB,45,234,0,0
3163,2024-05-11 19:00:00,57.49,ecommerce,pos,CA,61,54,0,0
3164,2024-05-11 20:00:00,16.11,ecommerce,mobile,CA,35,231,0,0
3165,2024-05-11 21:00:00,37.66,grocery,pos,MX,19,43,0,1
3166,2024-05-11 22:00:00,84.91,restaurant,mobile,GB,61,196,0,0
3167,2024-05-11 23:00:00,134.22,restaurant,pos,CA,37,228,1,0
3168,2024-05-12 00:00:00,111.3,ecommerce,mobile,CA,73,37,1,0
3169,2024-05-12 01:00:00,82.56,ecommerce,pos,MX,40,217,1,1
3170,2024-05-12 02:00:00,34.88,grocery,pos,US,77,169,1,0
3171,2024-05-12 03:00:00,174.74,electronics,pos,CA,62,222,1,0
3172,2024-05-12 04:00:00,1.46,travel,atm,CA,64,128,1,0
3173,2024-05-12 05:00:00,189.84,fuel,atm,CA,54,129,1,0
3174,2024-05-12 06:00:00,29.8,restaurant,pos,CA,25,93,0,0
3175,2024-05-12 07:00:00,52.28,restaurant,pos,US,22,16,0,0
3176,2024-05-12 08:00:00,12.01,grocery,pos,CA,40,37,0,0
3177,2024-05-12 09:00:00,74.87,grocery,pos,CA,27,165,0,0
3178,2024-05-12 10:00:00,207.78,fuel,mobile,CA,44,135,0,0
3179,2024-05-12 11:00:00,166.41,fuel,web,MX,18,40,0,0
3180,2024-05-12 12:00:00,208.06,ecommerce,mobile,CA,25,179,0,0
3181,2024-05-12 13:00:00,166.99,fuel,mobile,CA,28,64,0,1
3182,2024-05-12 14:00:00,20.67,travel,web,CA,45,225,0,0
3183,2024-05-12 15:00:00,90.23,travel,mobile,CA,51,114,0,0
3184,2024-05-12 16:00:00,49.78,restaurant,pos,CA,60,22,0,0
3185,2024-05-12 17:00:00,239.75,travel,pos,CA,45,43,0,0
3186,2024-05-12 18:00:00,12.29,travel,mobile,CA,66,62,0,0
3187,2024-05-12 19:00:00,200.43,travel,pos,CA,78,182,0,1
3188,2024-05-12 20:00:00,200.37,ecommerce,pos,GB,54,155,0,0
3189,2024-05-12 21:00:00,284.67,restaurant,mobile,CA,20,29,0,0
3190,2024-05-12 22:00:00,83.13,grocery,web,CA,26,16,0,0
3191,2024-05-12 23:00:00,184.11,restaurant,web,CA,19,213,1,0
3192,2024-05-13 00:00:00,325.35,restaurant,mobile,CA,40,139,1,0
3193,2024-05-13 01:00:00,64.41,restaurant,pos,CA,68,21,1,0
3194,2024-05-13 02:00:00,18.15,fuel,atm,CA,34,137,1,0
3195,2024-05-13 03:00:00,49.2,grocery,pos,CA,42,27,1,0
3196,2024-05-13 04:00:00,184.14,fuel,web,GB,44,127,1,0
3197,2024-05-13 05:00:00,49.48,ecommerce,mobile,CA,37,231,1,1
3198,2024-05-13 06:00:00,86.49,ecommerce,web,CA,53,86,0,0
3199,2024-05-13 07:00:00,159.36,electronics,mobile,IN,45,207,0,1
3200,2024-05-13 08:00:00,136.67,electronics,mobile,CA,46,107,0,0
3201,2024-05-13 09:00:00,158.29,ecommerce,mobile,CA,59,151,0,0
3202,2024-05-13 10:00:00,140.01,ecommerce,pos,CA,75,51,0,0
3203,2024-05-13 11:00:00,235.1,fuel,web,CA,49,221,0,0
3204,2024-05-13 12:00:00,34.29,ecommerce,mobile,CA,29,231,0,0
3205,2024-05-13 13:00:00,59.07,grocery,web,CA,47,80,0,0
3206,2024-05-13 14:00:00,50.46,fuel,mobile,CA,77,131,0,0
3207,2024-05-13 15:00:00,194.72,ecommerce,web,CA,28,144,0,0
3208,2024-05-13 16:00:00,201.04,fuel,pos,CA,28,136,0,0
3209,2024-05-13 17:00:00,160.61,fuel,pos,FR,67,90,0,0
3210,2024-05-13 18:00:00,226.51,travel,atm,CA,18,170,0,0
3211,2024-05-13 19:00:00,13.98,electronics,web,CA,44,201,0,0
3212,2024-05-13 20:00:00,270.05,fuel,pos,US,49,163,0,0
3213,2024-05-13 21:00:00,257.09,restaurant,mobile,CA,23,199,0,0
3214,2024-05-13 22:00:00,186.21,fuel,web,CA,58,200,0,0
3215,2024-05-13 23:00:00,280.36,restaurant,mobile,CA,53,227,1,0
3216,2024-05-14 00:00:00,29.1,travel,pos,US,56,48,1,0
3217,2024-05-14 01:00:00,72.8,ecommerce,mobile,CA,47,54,1,0
3218,2024-05-14 02:00:00,53.82,fuel,web,IN,74,238,1,0
3219,2024-05-14 03:00:00,184.93,travel,mobile,CA,28,103,1,0
3220,2024-05-14 04:00:00,25.49,grocery,pos,CA,20,36,1,0
3221,2024-05-14 05:00:00,188.17,travel,pos,CA,65,6,1,0
3222,2024-05-14 06:00:00,243.35,electronics,pos,CA,23,199,0,0
3223,2024-05-14 07:00:00,182.57,electronics,mobile,CA,24,12,0,0
3224,2024-05-14 08:00:00,145.54,ecommerce,pos,US,61,103,0,0
3225,2024-05-14 09:00:00,31.09,restaurant,mobile,CA,78,187,0,0
3226,2024-05-14 10:00:00,43.78,ecommerce,pos,CA,71,65,0,0
3227,2024-05-14 11:00:00,232.47,restaurant,pos,FR,68,178,0,0
3228,2024-05-14 12:00:00,190.14,restaurant,pos,CA,65,171,0,0
3229,2024-05-14 13:00:00,116.49,restaurant,mobile,FR,78,171,0,0
3230,2024-05-14 14:00:00,82.39,restaurant,mobile,CA,57,177,0,0
3231,2024-05-14 15:00:00,62.32,electronics,atm,CA,20,89,0,0
3232,2024-05-14 16:00:00,23.62,electronics,mobile,US,47,204,0,0
3233,2024-05-14 17:00:00,292.03,fuel,pos,US,41,183,0,0
3234,2024-05-14 18:00:00,4.76,electronics,mobile,CA,84,91,0,0
3235,2024-05-14 19:00:00,137.05,ecommerce,web,CA,19,87,0,1
3236,2024-05-14 20:00:00,210.67,electronics,mobile,CA,61,211,0,0
3237,2024-05-14 21:00:00,7.06,ecommerce,pos,CA,57,213,0,0
3238,2024-05-14 22:00:00,136.62,grocery,mobile,US,36,178,0,0
3239,2024-05-14 23:00:00,204.41,electronics,pos,CA,80,21,1,0
3240,2024-05-15 00:00:00,121.12,ecommerce,pos,US,41,88,1,0
3241,2024-05-15 01:00:00,378.16,restaurant,pos,CA,67,13,1,1
3242,2024-05-15 02:00:00,30.17,travel,pos,CA,37,170,1,0
3243,2024-05-15 03:00:00,215.29,restaurant,web,US,74,228,1,0
3244,2024-05-15 04:00:00,104.45,fuel,mobile,CA,67,120,1,1
3245,2024-05-15 05:00:00,189.47,ecommerce,mobile,US,75,143,1,0
3246,2024-05-15 06:00:00,159.72,restaurant,pos,CA,48,178,0,0
3247,2024-05-15 07:00:00,54.02,electronics,pos,CA,54,129,0,0
3248,2024-05-15 08:00:00,140.61,electronics,pos,CA,21,51,0,0
3249,2024-05-15 09:00:00,47.21,grocery,mobile,GB,75,162,0,0
3250,2024-05-15 10:00:00,174.29,travel,pos,CA,27,42,0,0
3251,2024-05-15 11:00:00,146.83,ecommerce,web,CA,80,62,0,0
3252,2024-05-15 12:00:00,177.48,restaurant,pos,CA,53,95,0,0
3253,2024-05-15 13:00:00,215.23,travel,web,CA,72,160,0,0
3254,2024-05-15 14:00:00,153.09,grocery,pos,CA,74,100,0,0
3255,2024-05-15 15:00:00,133.33,fuel,pos,CA,60,61,0,0
3256,2024-05-15 16:00:00,40.7,travel,pos,CA,82,93,0,0
3257,2024-05-15 17:00:00,55.9,grocery,pos,CA,29,182,0,0
3258,2024-05-15 18:00:00,226.81,ecommerce,pos,US,79,202,0,0
3259,2024-05-15 19:00:00,249.27,fuel,web,US,41,186,0,0
3260,2024-05-15 20:00:00,98.57,electronics,pos,CA,19,213,0,0
3261,2024-05-15 21:00:00,124.14,grocery,pos,CA,64,228,0,0
3262,2024-05-15 22:00:00,38.58,electronics,pos,CA,73,152,0,0
3263,2024-05-15 23:00:00,225.55,fuel,mobile,CA,33,155,1,0
3264,2024-05-16 00:00:00,179.89,grocery,web,IN,51,21,1,0
3265,2024-05-16 01:00:00,294.71,grocery,mobile,CA,35,18,1,0
3266,2024-05-16 02:00:00,40.95,fuel,pos,CA,46,55,1,0
3267,2024-05-16 03:00:00,85.98,ecommerce,pos,US,71,68,1,0
3268,2024-05-16 04:00:00,140.83,grocery,pos,CA,68,47,1,0
3269,2024-05-16 05:00:00,178.18,fuel,web,CA,31,54,1,1
3270,2024-05-16 06:00:00,100.59,travel,web,CA,75,18,0,0
3271,2024-05-16 07:00:00,41.43,electronics,mobile,CA,52,128,0,0
3272,2024-05-16 08:00:00,199.33,grocery,mobile,CA,26,201,0,0
3273,2024-05-16 09:00:00,184.9,travel,web,CA,54,192,0,0
3274,2024-05-16 10:00:00,37.54,grocery,web,CA,29,49,0,0
3275,2024-05-16 11:00:00,241.99,ecommerce,pos,US,28,94,0,0
3276,2024-05-16 12:00:00,225.32,fuel,pos,CA,44,163,0,0
3277,2024-05-16 13:00:00,132.09,grocery,mobile,CA,60,237,0,1
3278,2024-05-16 14:00:00,127.16,fuel,pos,CA,67,222,0,0
3279,2024-05-16 15:00:00,169.87,restaurant,atm,CA,37,167,0,0
3280,2024-05-16 16:00:00,42.45,grocery,web,CA,30,238,0,0
3281,2024-05-16 17:00:00,122.7,ecommerce,web,CA,64,186,0,0
3282,2024-05-16 18:00:00,73.71,ecommerce,pos,CA,25,57,0,0
3283,2024-05-16 19:00:00,198.88,travel,mobile,CA,81,6,0,0
3284,2024-05-16 20:00:00,20.53,ecommerce,web,CA,61,206,0,0
3285,2024-05-16 21:00:00,255.31,fuel,pos,GB,29,238,0,0
3286,2024-05-16 22:00:00,90.29,restaurant,pos,CA,21,221,0,0
3287,2024-05-16 23:00:00,100.95,ecommerce,pos,MX,57,224,1,0
3288,2024-05-17 00:00:00,63.5,grocery,web,CA,36,78,1,0
3289,2024-05-17 01:00:00,94.08,ecommerce,pos,CA,71,20,1,0
3290,2024-05-17 02:00:00,247.67,restaurant,mobile,CA,18,50,1,0
3291,2024-05-17 03:00:00,103.9,fuel,mobile,GB,30,9,1,0
3292,2024-05-17 04:00:00,234.93,grocery,pos,US,67,204,1,0
3293,2024-05-17 05:00:00,150.42,travel,mobile,IN,70,142,1,0
3294,2024-05-17 06:00:00,11.37,travel,pos,US,59,120,0,0
3295,2024-05-17 07:00:00,23.22,travel,mobile,CA,42,151,0,0
3296,2024-05-17 08:00:00,270.88,grocery,pos,FR,61,48,0,0
3297,2024-05-17 09:00:00,34.9,travel,pos,IN,78,226,0,0
3298,2024-05-17 10:00:00,16.2,ecommerce,pos,CA,38,80,0,0
3299,2024-05-17 11:00:00,222.36,grocery,mobile,GB,68,210,0,0
3300,2024-05-17 12:00:00,150.47,grocery,pos,CA,69,56,0,0
3301,2024-05-17 13:00:00,35.59,grocery,pos,GB,80,233,0,0
3302,2024-05-17 14:00:00,139.5,electronics,pos,GB,71,121,0,0
3303,2024-05-17 15:00:00,27.68,fuel,pos,GB,27,40,0,0
3304,2024-05-17 16:00:00,219.07,electronics,mobile,MX,76,97,0,0
3305,2024-05-17 17:00:00,215.52,electronics,web,CA,25,197,0,0
3306,2024-05-17 18:00:00,167.88,electronics,mobile,CA,68,167,0,0
3307,2024-05-17 19:00:00,152.55,fuel,pos,CA,22,202,0,0
3308,2024-05-17 20:00:00,278.51,electronics,pos,CA,59,86,0,0
3309,2024-05-17 21:00:00,119.97,travel,mobile,CA,29,43,0,0
3310,2024-05-17 22:00:00,13.63,grocery,mobile,CA,41,236,0,0
3311,2024-05-17 23:00:00,160.45,grocery,pos,CA,62,225,1,0
3312,2024-05-18 00:00:00,307.74,ecommerce,web,CA,70,122,1,0
3313,2024-05-18 01:00:00,28.67,restaurant,mobile,US,70,159,1,0
3314,2024-05-18 02:00:00,87.47,travel,pos,CA,34,70,1,0
3315,2024-05-18 03:00:00,157.48,fuel,mobile,CA,82,100,1,0
3316,2024-05-18 04:00:00,115.15,restaurant,pos,CA,75,131,1,0
3317,2024-05-18 05:00:00,31.59,grocery,mobile,CA,54,132,1,0
3318,2024-05-18 06:00:00,220.97,electronics,web,CA,59,155,0,0
3319,2024-05-18 07:00:00,328.8,ecommerce,pos,CA,57,230,0,0
3320,2024-05-18 08:00:00,137.65,ecommerce,web,CA,40,89,0,0
3321,2024-05-18 09:00:00,38.63,grocery,atm,CA,40,229,0,0
3322,2024-05-18 10:00:00,19.41,travel,mobile,CA,66,27,0,0
3323,2024-05-18 11:00:00,143.22,restaurant,pos,CA,24,105,0,0
3324,2024-05-18 12:00:00,219.35,ecommerce,web,US,54,100,0,0
3325,2024-05-18 13:00:00,162.77,grocery,web,CA,33,238,0,0
3326,2024-05-18 14:00:00,119.78,travel,pos,CA,55,175,0,0
3327,2024-05-18 15:00:00,66.97,grocery,pos,US,57,60,0,0
3328,2024-05-18 16:00:00,21.71,grocery,web,CA,46,36,0,0
3329,2024-05-18 17:00:00,195.13,travel,web,CA,34,118,0,0
3330,2024-05-18 18:00:00,202.24,travel,pos,CA,37,174,0,0
3331,2024-05-18 19:00:00,19.12,travel,mobile,CA,42,61,0,0
3332,2024-05-18 20:00:00,263.09,grocery,web,CA,77,170,0,0
3333,2024-05-18 21:00:00,171.67,ecommerce,pos,US,55,7,0,0
3334,2024-05-18 22:00:00,245.96,fuel,pos,CA,80,158,0,0
3335,2024-05-18 23:00:00,0.79,fuel,web,CA,56,50,1,0
3336,2024-05-19 00:00:00,2.92,grocery,mobile,CA,81,116,1,0
3337,2024-05-19 01:00:00,106.59,grocery,mobile,CA,38,175,1,0
3338,2024-05-19 02:00:00,165.25,ecommerce,pos,CA,49,221,1,0
3339,2024-05-19 03:00:00,281.67,travel,web,CA,45,168,1,0
3340,2024-05-19 04:00:00,183.55,grocery,mobile,CA,29,128,1,0
3341,2024-05-19 05:00:00,98.16,electronics,pos,CA,40,233,1,0
3342,2024-05-19 06:00:00,27.63,travel,pos,MX,32,5,0,0
3343,2024-05-19 07:00:00,230.7,grocery,mobile,CA,29,70,0,0
3344,2024-05-19 08:00:00,33.18,electronics,pos,MX,21,186,0,0
3345,2024-05-19 09:00:00,266.56,restaurant,pos,MX,52,172,0,0
3346,2024-05-19 10:00:00,94.41,ecommerce,pos,CA,78,199,0,0
3347,2024-05-19 11:00:00,263.15,electronics,pos,CA,44,231,0,0
3348,2024-05-19 12:00:00,181.1,grocery,web,CA,50,32,0,1
3349,2024-05-19 13:00:00,107.67,fuel,pos,IN,30,79,0,0
3350,2024-05-19 14:00:00,73.25,grocery,mobile,CA,54,115,0,0
3351,2024-05-19 15:00:00,89.32,fuel,web,FR,61,77,0,0
3352,2024-05-19 16:00:00,158.55,ecommerce,web,CA,19,210,0,0
3353,2024-05-19 17:00:00,126.94,ecommerce,pos,MX,55,74,0,0
3354,2024-05-19 18:00:00,66.56,travel,mobile,CA,54,168,0,0
3355,2024-05-19 19:00:00,105.09,travel,web,MX,76,57,0,0
3356,2024-05-19 20:00:00,127.07,fuel,mobile,CA,35,11,0,0
3357,2024-05-19 21:00:00,71.59,fuel,mobile,CA,65,168,0,0
3358,2024-05-19 22:00:00,161.24,ecommerce,mobile,CA,83,104,0,0
3359,2024-05-19 23:00:00,31.83,electronics,web,CA,66,175,1,0
3360,2024-05-20 00:00:00,16.2,fuel,mobile,CA,75,130,1,0
3361,2024-05-20 01:00:00,31.86,fuel,web,CA,52,219,1,0
3362,2024-05-20 02:00:00,41.45,electronics,pos,CA,75,180,1,0
3363,2024-05-20 03:00:00,1.99,travel,pos,CA,24,118,1,0
3364,2024-05-20 04:00:00,56.19,travel,mobile,CA,26,120,1,0
3365,2024-05-20 05:00:00,295.79,fuel,pos,CA,21,237,1,0
3366,2024-05-20 06:00:00,72.67,travel,mobile,US,49,236,0,1
3367,2024-05-20 07:00:00,136.0,travel,pos,CA,22,200,0,0
3368,2024-05-20 08:00:00,156.04,restaurant,web,CA,73,49,0,0
3369,2024-05-20 09:00:00,131.8,travel,mobile,CA,73,187,0,0
3370,2024-05-20 10:00:00,113.03,ecommerce,pos,GB,61,38,0,0
3371,2024-05-20 11:00:00,12.42,grocery,mobile,CA,30,16,0,0
3372,2024-05-20 12:00:00,250.58,fuel,mobile,US,21,120,0,0
3373,2024-05-20 13:00:00,282.65,fuel,web,CA,69,88,0,0
3374,2024-05-20 14:00:00,31.44,ecommerce,web,US,32,215,0,0
3375,2024-05-20 15:00:00,27.84,grocery,pos,CA,18,119,0,0
3376,2024-05-20 16:00:00,94.82,grocery,web,US,82,78,0,0
3377,2024-05-20 17:00:00,33.19,ecommerce,pos,CA,28,27,0,1
3378,2024-05-20 18:00:00,165.54,electronics,pos,CA,78,74,0,0
3379,2024-05-20 19:00:00,54.46,electronics,mobile,CA,80,123,0,0
3380,2024-05-20 20:00:00,314.86,grocery,web,GB,55,156,0,0
3381,2024-05-20 21:00:00,227.15,electronics,mobile,CA,62,217,0,0
3382,2024-05-20 22:00:00,139.13,electronics,web,MX,21,194,0,0
3383,2024-05-20 23:00:00,212.43,electronics,pos,CA,65,45,1,1
3384,2024-05-21 00:00:00,219.53,grocery,web,CA,26,161,1,0
3385,2024-05-21 01:00:00,69.24,electronics,mobile,CA,64,128,1,0
3386,2024-05-21 02:00:00,46.54,fuel,pos,CA,77,60,1,0
3387,2024-05-21 03:00:00,127.03,restaurant,mobile,US,69,178,1,0
3388,2024-05-21 04:00:00,197.55,grocery,web,CA,50,126,1,0
3389,2024-05-21 05:00:00,132.52,ecommerce,pos,CA,75,174,1,0
3390,2024-05-21 06:00:00,21.93,electronics,web,CA,65,35,0,0
3391,2024-05-21 07:00:00,47.75,travel,pos,CA,22,239,0,0
3392,2024-05-21 08:00:00,113.34,grocery,pos,CA,44,41,0,0
3393,2024-05-21 09:00:00,113.19,ecommerce,mobile,IN,58,186,0,0
3394,2024-05-21 10:00:00,297.53,restaurant,mobile,CA,18,205,0,0
3395,2024-05-21 11:00:00,4.74,fuel,mobile,US,68,183,0,0
3396,2024-05-21 12:00:00,165.5,ecommerce,mobile,CA,33,133,0,0
3397,2024-05-21 13:00:00,254.02,electronics,mobile,CA,49,5,0,0
3398,2024-05-21 14:00:00,324.43,travel,mobile,US,64,150,0,1
3399,2024-05-21 15:00:00,83.6,electronics,pos,CA,40,34,0,0
3400,2024-05-21 16:00:00,164.23,ecommerce,web,CA,32,193,0,0
3401,2024-05-21 17:00:00,171.28,grocery,pos,CA,43,187,0,0
3402,2024-05-21 18:00:00,137.59,travel,web,CA,54,145,0,0
3403,2024-05-21 19:00:00,111.1,travel,mobile,US,72,51,0,0
3404,2024-05-21 20:00:00,159.24,ecommerce,pos,CA,19,177,0,0
3405,2024-05-21 21:00:00,107.9,restaurant,web,US,36,137,0,0
3406,2024-05-21 22:00:00,181.39,restaurant,web,CA,49,202,0,0
3407,2024-05-21 23:00:00,131.36,electronics,pos,CA,72,125,1,0
3408,2024-05-22 00:00:00,99.98,ecommerce,pos,CA,73,143,1,0
3409,2024-05-22 01:00:00,304.22,travel,web,GB,46,109,1,0
3410,2024-05-22 02:00:00,59.26,ecommerce,pos,FR,53,157,1,1
3411,2024-05-22 03:00:00,83.72,travel,web,CA,70,181,1,0
3412,2024-05-22 04:00:00,299.24,electronics,web,CA,56,153,1,0
3413,2024-05-22 05:00:00,45.11,grocery,web,CA,28,85,1,0
3414,2024-05-22 06:00:00,70.49,grocery,pos,US,47,209,0,0
3415,2024-05-22 07:00:00,106.77,ecommerce,web,US,70,219,0,0
3416,2024-05-22 08:00:00,195.67,travel,pos,CA,25,28,0,0
3417,2024-05-22 09:00:00,138.7,grocery,mobile,CA,37,151,0,0
3418,2024-05-22 10:00:00,3.66,travel,pos,CA,29,103,0,0
3419,2024-05-22 11:00:00,72.1,electronics,mobile,CA,84,100,0,1
3420,2024-05-22 12:00:00,65.34,ecommerce,mobile,US,67,3,0,0
3421,2024-05-22 13:00:00,113.05,travel,mobile,CA,29,33,0,0
3422,2024-05-22 14:00:00,158.33,ecommerce,pos,US,71,199,0,0
3423,2024-05-22 15:00:00,157.64,travel,pos,CA,71,69,0,0
3424,2024-05-22 16:00:00,39.84,restaurant,web,CA,36,90,0,0
3425,2024-05-22 17:00:00,215.75,restaurant,pos,CA,31,17,0,0
3426,2024-05-22 18:00:00,142.73,travel,mobile,CA,69,81,0,0
3427,2024-05-22 19:00:00,244.61,electronics,pos,CA,39,111,0,0
3428,2024-05-22 20:00:00,159.98,ecommerce,atm,CA,21,67,0,0
3429,2024-05-22 21:00:00,219.12,fuel,mobile,MX,76,67,0,0
3430,2024-05-22 22:00:00,161.99,travel,pos,CA,51,34,0,0
3431,2024-05-22 23:00:00,241.16,travel,mobile,US,81,8,1,1
3432,2024-05-23 00:00:00,167.0,restaurant,pos,IN,35,45,1,0
3433,2024-05-23 01:00:00,111.19,grocery,pos,CA,48,60,1,0
3434,2024-05-23 02:00:00,324.52,restaurant,pos,CA,59,184,1,0
3435,2024-05-23 03:00:00,200.01,ecommerce,mobile,CA,20,70,1,1
3436,2024-05-23 04:00:00,171.64,restaurant,web,CA,72,101,1,0
3437,2024-05-23 05:00:00,5.13,fuel,mobile,CA,27,109,1,0
3438,2024-05-23 06:00:00,4.05,electronics,pos,CA,39,150,0,0
3439,2024-05-23 07:00:00,146.34,fuel,web,CA,40,161,0,0
3440,2024-05-23 08:00:00,133.1,electronics,pos,FR,30,178,0,0
3441,2024-05-23 09:00:00,64.73,fuel,pos,CA,57,199,0,0
3442,2024-05-23 10:00:00,132.69,restaurant,pos,FR,30,232,0,0
3443,2024-05-23 11:00:00,262.98,fuel,web,CA,68,211,0,0
3444,2024-05-23 12:00:00,182.59,restaurant,mobile,US,81,112,0,0
3445,2024-05-23 13:00:00,17.31,restaurant,pos,CA,30,174,0,0
3446,2024-05-23 14:00:00,109.96,ecommerce,atm,CA,46,52,0,0
3447,2024-05-23 15:00:00,47.55,restaurant,pos,CA,64,119,0,0
3448,2024-05-23 16:00:00,85.11,grocery,web,CA,43,74,0,0
3449,2024-05-23 17:00:00,82.77,fuel,pos,CA,40,215,0,0
3450,2024-05-23 18:00:00,77.01,travel,pos,GB,73,66,0,0
3451,2024-05-23 19:00:00,7.04,travel,mobile,CA,36,149,0,0
3452,2024-05-23 20:00:00,108.51,travel,mobile,CA,67,152,0,1
3453,2024-05-23 21:00:00,69.55,grocery,mobile,CA,52,176,0,0
3454,2024-05-23 22:00:00,143.65,restaurant,mobile,CA,66,121,0,0
3455,2024-05-23 23:00:00,304.77,fuel,mobile,CA,63,13,1,0
3456,2024-05-24 00:00:00,217.99,electronics,web,FR,70,64,1,0
3457,2024-05-24 01:00:00,86.13,electronics,mobile,CA,48,5,1,0
3458,2024-05-24 02:00:00,121.69,ecommerce,pos,CA,39,146,1,0
3459,2024-05-24 03:00:00,14.55,grocery,web,CA,84,116,1,0
3460,2024-05-24 04:00:00,272.62,fuel,mobile,US,25,203,1,0
3461,2024-05-24 05:00:00,290.76,restaurant,pos,CA,36,37,1,0
3462,2024-05-24 06:00:00,134.1,travel,mobile,CA,48,54,0,0
3463,2024-05-24 07:00:00,212.12,grocery,pos,CA,49,32,0,0
3464,2024-05-24 08:00:00,135.78,grocery,mobile,US,72,28,0,0
3465,2024-05-24 09:00:00,0.31,fuel,pos,CA,48,86,0,0
3466,2024-05-24 10:00:00,82.94,restaurant,pos,CA,84,45,0,0
3467,2024-05-24 11:00:00,131.87,ecommerce,pos,CA,68,28,0,0
3468,2024-05-24 12:00:00,79.09,restaurant,mobile,FR,44,65,0,0
3469,2024-05-24 13:00:00,100.32,ecommerce,pos,CA,65,70,0,0
3470,2024-05-24 14:00:00,111.77,ecommerce,web,US,60,203,0,0
3471,2024-05-24 15:00:00,112.72,travel,web,CA,68,42,0,0
3472,2024-05-24 16:00:00,124.7,travel,pos,CA,67,161,0,0
3473,2024-05-24 17:00:00,24.55,fuel,atm,US,78,16,0,0
3474,2024-05-24 18:00:00,55.47,restaurant,pos,CA,58,141,0,0
3475,2024-05-24 19:00:00,4.39,ecommerce,web,CA,68,149,0,1
3476,2024-05-24 20:00:00,208.0,fuel,web,CA,41,59,0,0
3477,2024-05-24 21:00:00,69.51,ecommerce,pos,CA,47,47,0,0
3478,2024-05-24 22:00:00,223.82,grocery,pos,GB,69,167,0,0
3479,2024-05-24 23:00:00,244.77,electronics,mobile,GB,67,110,1,0
3480,2024-05-25 00:00:00,92.8,electronics,mobile,CA,74,126,1,1
3481,2024-05-25 01:00:00,114.28,ecommerce,pos,GB,79,216,1,0
3482,2024-05-25 02:00:00,87.48,fuel,pos,FR,70,43,1,0
3483,2024-05-25 03:00:00,114.22,travel,atm,US,48,155,1,0
3484,2024-05-25 04:00:00,29.05,restaurant,pos,CA,47,109,1,0
3485,2024-05-25 05:00:00,73.63,ecommerce,web,CA,27,165,1,0
3486,2024-05-25 06:00:00,257.72,ecommerce,web,FR,61,114,0,0
3487,2024-05-25 07:00:00,179.84,restaurant,pos,CA,23,3,0,0
3488,2024-05-25 08:00:00,36.79,travel,mobile,US,44,76,0,1
3489,2024-05-25 09:00:00,23.78,ecommerce,mobile,CA,37,7,0,0
3490,2024-05-25 10:00:00,90.57,grocery,web,CA,37,186,0,0
3491,2024-05-25 11:00:00,100.79,travel,mobile,CA,29,20,0,0
3492,2024-05-25 12:00:00,164.66,grocery,web,CA,66,79,0,0
3493,2024-05-25 13:00:00,71.82,electronics,web,GB,69,65,0,1
3494,2024-05-25 14:00:00,166.03,restaurant,pos,CA,27,115,0,0
3495,2024-05-25 15:00:00,294.16,travel,mobile,CA,22,202,0,0
3496,2024-05-25 16:00:00,193.4,travel,pos,CA,81,142,0,0
3497,2024-05-25 17:00:00,115.67,fuel,pos,CA,75,207,0,0
3498,2024-05-25 18:00:00,103.52,fuel,mobile,CA,25,98,0,0
3499,2024-05-25 19:00:00,87.9,restaurant,mobile,IN,47,49,0,0
3500,2024-05-25 20:00:00,226.26,travel,atm,US,34,217,0,0
3501,2024-05-25 21:00:00,63.54,electronics,pos,CA,84,223,0,1
3502,2024-05-25 22:00:00,124.07,ecommerce,mobile,GB,38,74,0,0
3503,2024-05-25 23:00:00,124.61,restaurant,web,FR,33,37,1,0
3504,2024-05-26 00:00:00,74.84,restaurant,atm,CA,44,134,1,0
3505,2024-05-26 01:00:00,3.52,fuel,mobile,CA,23,6,1,0
3506,2024-05-26 02:00:00,149.07,electronics,atm,CA,59,28,1,0
3507,2024-05-26 03:00:00,114.51,restaurant,atm,CA,33,102,1,0
3508,2024-05-26 04:00:00,165.02,electronics,pos,CA,62,121,1,0
3509,2024-05-26 05:00:00,71.98,restaurant,mobile,CA,20,206,1,0
3510,2024-05-26 06:00:00,229.87,fuel,pos,CA,57,141,0,0
3511,2024-05-26 07:00:00,41.09,ecommerce,mobile,MX,37,13,0,0
3512,2024-05-26 08:00:00,274.08,fuel,atm,US,24,123,0,0
3513,2024-05-26 09:00:00,37.29,restaurant,pos,CA,76,10,0,0
3514,2024-05-26 10:00:00,159.13,electronics,web,US,28,80,0,0
3515,2024-05-26 11:00:00,162.79,grocery,mobile,US,69,167,0,0
3516,2024-05-26 12:00:00,48.4,fuel,pos,CA,20,99,0,0
3517,2024-05-26 13:00:00,158.2,electronics,pos,CA,38,207,0,0
3518,2024-05-26 14:00:00,235.16,fuel,pos,CA,70,151,0,0
3519,2024-05-26 15:00:00,79.51,restaurant,pos,CA,47,37,0,0
3520,2024-05-26 16:00:00,165.25,electronics,mobile,CA,28,121,0,0
3521,2024-05-26 17:00:00,104.39,ecommerce,web,CA,42,8,0,0
3522,2024-05-26 18:00:00,33.09,electronics,pos,CA,67,218,0,0
3523,2024-05-26 19:00:00,266.62,travel,atm,CA,26,188,0,0
3524,2024-05-26 20:00:00,67.64,grocery,mobile,FR,62,86,0,0
3525,2024-05-26 21:00:00,14.35,restaurant,web,CA,46,5,0,0
3526,2024-05-26 22:00:00,102.19,electronics,pos,CA,79,122,0,0
3527,2024-05-26 23:00:00,306.11,restaurant,mobile,US,32,226,1,0
3528,2024-05-27 00:00:00,44.85,fuel,pos,CA,36,27,1,0
3529,2024-05-27 01:00:00,25.38,fuel,mobile,CA,32,124,1,1
3530,2024-05-27 02:00:00,254.77,electronics,mobile,GB,56,147,1,0
3531,2024-05-27 03:00:00,287.19,travel,pos,US,52,171,1,0
3532,2024-05-27 04:00:00,110.69,electronics,mobile,CA,30,43,1,0
3533,2024-05-27 05:00:00,8.49,ecommerce,web,CA,33,35,1,0
3534,2024-05-27 06:00:00,308.63,travel,pos,CA,84,237,0,0
3535,2024-05-27 07:00:00,263.5,restaurant,atm,CA,72,212,0,0
3536,2024-05-27 08:00:00,181.11,electronics,web,CA,82,55,0,0
3537,2024-05-27 09:00:00,46.88,restaurant,mobile,CA,52,61,0,0
3538,2024-05-27 10:00:00,115.59,grocery,mobile,MX,33,47,0,0
3539,2024-05-27 11:00:00,105.57,travel,pos,CA,18,102,0,0
3540,2024-05-27 12:00:00,149.78,electronics,atm,CA,67,77,0,0
3541,2024-05-27 13:00:00,250.59,grocery,web,CA,31,56,0,1
3542,2024-05-27 14:00:00,199.15,electronics,pos,US,79,82,0,0
3543,2024-05-27 15:00:00,23.04,ecommerce,mobile,GB,24,146,0,0
3544,2024-05-27 16:00:00,243.88,fuel,web,CA,40,193,0,0
3545,2024-05-27 17:00:00,148.18,restaurant,mobile,CA,80,224,0,0
3546,2024-05-27 18:00:00,181.84,electronics,mobile,CA,46,53,0,0
3547,2024-05-27 19:00:00,251.99,travel,pos,US,39,89,0,0
3548,2024-05-27 20:00:00,19.96,electronics,pos,CA,23,85,0,0
3549,2024-05-27 21:00:00,116.78,electronics,pos,CA,46,219,0,0
3550,2024-05-27 22:00:00,72.17,electronics,mobile,CA,19,139,0,0
3551,2024-05-27 23:00:00,21.11,electronics,pos,CA,81,112,1,0
3552,2024-05-28 00:00:00,151.2,travel,pos,CA,53,129,1,0
3553,2024-05-28 01:00:00,346.04,travel,pos,FR,37,211,1,1
3554,2024-05-28 02:00:00,45.61,electronics,pos,CA,72,96,1,0
3555,2024-05-28 03:00:00,117.09,fuel,mobile,CA,54,8,1,1
3556,2024-05-28 04:00:00,177.65,electronics,atm,GB,69,147,1,0
3557,2024-05-28 05:00:00,131.08,restaurant,pos,MX,39,183,1,1
3558,2024-05-28 06:00:00,109.82,restaurant,web,CA,32,16,0,0
3559,2024-05-28 07:00:00,3.07,travel,mobile,CA,64,227,0,0
3560,2024-05-28 08:00:00,140.95,restaurant,web,GB,69,66,0,0
3561,2024-05-28 09:00:00,51.89,restaurant,mobile,IN,56,12,0,0
3562,2024-05-28 10:00:00,77.09,ecommerce,web,CA,19,93,0,0
3563,2024-05-28 11:00:00,227.51,electronics,pos,MX,62,74,0,0
3564,2024-05-28 12:00:00,206.25,electronics,atm,CA,41,190,0,0
3565,2024-05-28 13:00:00,124.65,electronics,web,CA,78,86,0,0
3566,2024-05-28 14:00:00,140.62,electronics,pos,CA,82,98,0,0
3567,2024-05-28 15:00:00,216.69,grocery,pos,US,70,186,0,0
3568,2024-05-28 16:00:00,140.19,electronics,atm,CA,38,21,0,0
3569,2024-05-28 17:00:00,201.36,travel,mobile,CA,84,37,0,0
3570,2024-05-28 18:00:00,93.23,travel,web,CA,18,5,0,0
3571,2024-05-28 19:00:00,238.08,grocery,mobile,CA,76,198,0,0
3572,2024-05-28 20:00:00,148.87,electronics,web,FR,64,160,0,1
3573,2024-05-28 21:00:00,137.46,fuel,pos,CA,35,67,0,0
3574,2024-05-28 22:00:00,5.69,electronics,mobile,CA,50,10,0,0
3575,2024-05-28 23:00:00,145.83,travel,mobile,US,32,197,1,0
3576,2024-05-29 00:00:00,45.12,ecommerce,web,CA,41,88,1,0
3577,2024-05-29 01:00:00,62.55,restaurant,pos,IN,53,84,1,0
3578,2024-05-29 02:00:00,46.62,ecommerce,pos,CA,77,62,1,0
3579,2024-05-29 03:00:00,24.04,fuel,mobile,CA,51,37,1,0
3580,2024-05-29 04:00:00,311.23,electronics,mobile,CA,68,223,1,1
3581,2024-05-29 05:00:00,239.82,grocery,mobile,CA,57,175,1,0
3582,2024-05-29 06:00:00,292.83,electronics,mobile,CA,39,209,0,0
3583,2024-05-29 07:00:00,9.94,fuel,mobile,CA,33,49,0,0
3584,2024-05-29 08:00:00,126.41,fuel,mobile,GB,59,24,0,0
3585,2024-05-29 09:00:00,3.58,restaurant,pos,CA,33,82,0,0
3586,2024-05-29 10:00:00,57.39,fuel,pos,CA,22,154,0,0
3587,2024-05-29 11:00:00,37.37,ecommerce,web,CA,23,106,0,0
3588,2024-05-29 12:00:00,231.56,restaurant,pos,CA,59,55,0,0
3589,2024-05-29 13:00:00,84.34,electronics,mobile,CA,47,7,0,0
3590,2024-05-29 14:00:00,216.15,electronics,mobile,US,49,235,0,0
3591,2024-05-29 15:00:00,174.37,grocery,web,CA,70,206,0,0
3592,2024-05-29 16:00:00,327.33,fuel,mobile,CA,36,169,0,0
3593,2024-05-29 17:00:00,13.15,fuel,web,CA,68,130,0,0
3594,2024-05-29 18:00:00,233.33,travel,web,CA,45,158,0,0
3595,2024-05-29 19:00:00,223.18,restaurant,web,CA,64,209,0,0
3596,2024-05-29 20:00:00,32.4,travel,pos,CA,18,123,0,0
3597,2024-05-29 21:00:00,210.64,restaurant,pos,CA,74,20,0,0
3598,2024-05-29 22:00:00,150.25,ecommerce,web,CA,39,56,0,0
3599,2024-05-29 23:00:00,99.53,restaurant,mobile,CA,75,202,1,0
3600,2024-05-30 00:00:00,45.85,electronics,web,CA,30,24,1,0
3601,2024-05-30 01:00:00,55.28,grocery,pos,US,56,108,1,0
3602,2024-05-30 02:00:00,304.48,restaurant,pos,CA,44,140,1,0
3603,2024-05-30 03:00:00,120.06,restaurant,atm,CA,56,91,1,0
3604,2024-05-30 04:00:00,190.39,restaurant,web,CA,29,15,1,0
3605,2024-05-30 05:00:00,48.82,grocery,mobile,CA,41,73,1,0
3606,2024-05-30 06:00:00,49.81,fuel,web,CA,35,210,0,0
3607,2024-05-30 07:00:00,217.38,grocery,web,CA,32,176,0,0
3608,2024-05-30 08:00:00,1.46,fuel,mobile,CA,77,61,0,0
3609,2024-05-30 09:00:00,82.63,electronics,pos,CA,33,199,0,0
3610,2024-05-30 10:00:00,123.06,grocery,mobile,CA,64,28,0,0
3611,2024-05-30 11:00:00,130.02,fuel,web,CA,41,110,0,0
3612,2024-05-30 12:00:00,103.88,electronics,mobile,US,62,228,0,0
3613,2024-05-30 13:00:00,155.62,electronics,mobile,CA,36,3,0,0
3614,2024-05-30 14:00:00,182.36,fuel,pos,CA,58,236,0,0
3615,2024-05-30 15:00:00,186.12,fuel,web,CA,48,16,0,1
3616,2024-05-30 16:00:00,31.28,ecommerce,pos,CA,33,164,0,0
3617,2024-05-30 17:00:00,94.43,electronics,pos,CA,40,132,0,0
3618,2024-05-30 18:00:00,227.53,fuel,mobile,CA,40,227,0,0
3619,2024-05-30 19:00:00,200.52,electronics,pos,US,58,9,0,0
3620,2024-05-30 20:00:00,3.56,grocery,web,CA,35,110,0,0
3621,2024-05-30 21:00:00,151.63,travel,pos,CA,53,12,0,0
3622,2024-05-30 22:00:00,58.04,travel,pos,CA,29,74,0,0
3623,2024-05-30 23:00:00,124.22,restaurant,pos,US,68,238,1,0
3624,2024-05-31 00:00:00,290.8,fuel,pos,CA,49,44,1,1
3625,2024-05-31 01:00:00,34.69,fuel,mobile,CA,53,108,1,0
3626,2024-05-31 02:00:00,44.91,electronics,web,CA,57,194,1,0
3627,2024-05-31 03:00:00,188.76,restaurant,mobile,CA,55,147,1,0
3628,2024-05-31 04:00:00,18.85,fuel,pos,FR,71,13,1,0
3629,2024-05-31 05:00:00,63.05,electronics,mobile,CA,21,234,1,0
3630,2024-05-31 06:00:00,173.68,fuel,mobile,CA,63,183,0,0
3631,2024-05-31 07:00:00,62.91,electronics,pos,CA,80,225,0,0
3632,2024-05-31 08:00:00,98.76,fuel,mobile,CA,67,65,0,0
3633,2024-05-31 09:00:00,186.98,ecommerce,mobile,CA,47,92,0,0
3634,2024-05-31 10:00:00,157.94,electronics,web,CA,33,104,0,0
3635,2024-05-31 11:00:00,144.01,ecommerce,mobile,CA,69,198,0,0
3636,2024-05-31 12:00:00,89.48,ecommerce,web,CA,21,116,0,0
3637,2024-05-31 13:00:00,153.31,ecommerce,pos,CA,43,131,0,0
3638,2024-05-31 14:00:00,108.86,ecommerce,web,CA,46,109,0,1
3639,2024-05-31 15:00:00,161.2,grocery,mobile,CA,28,153,0,0
3640,2024-05-31 16:00:00,75.28,restaurant,pos,CA,41,121,0,0
3641,2024-05-31 17:00:00,103.57,travel,web,CA,68,108,0,0
3642,2024-05-31 18:00:00,30.9,grocery,web,CA,59,180,0,0
3643,2024-05-31 19:00:00,116.85,fuel,mobile,US,56,16,0,0
3644,2024-05-31 20:00:00,47.01,fuel,mobile,CA,24,43,0,1
3645,2024-05-31 21:00:00,19.74,restaurant,pos,CA,35,56,0,0
3646,2024-05-31 22:00:00,143.28,travel,mobile,CA,20,196,0,0
3647,2024-05-31 23:00:00,139.15,travel,web,CA,80,136,1,0
3648,2024-06-01 00:00:00,190.46,travel,web,CA,37,103,1,0
3649,2024-06-01 01:00:00,81.2,ecommerce,web,US,34,208,1,0
3650,2024-06-01 02:00:00,156.72,grocery,mobile,GB,76,172,1,0
3651,2024-06-01 03:00:00,169.57,fuel,mobile,CA,71,166,1,0
3652,2024-06-01 04:00:00,160.03,grocery,web,CA,30,151,1,0
3653,2024-06-01 05:00:00,45.69,grocery,web,CA,59,6,1,0
3654,2024-06-01 06:00:00,133.44,grocery,pos,CA,61,43,0,0
3655,2024-06-01 07:00:00,152.77,travel,pos,CA,84,44,0,0
3656,2024-06-01 08:00:00,120.65,restaurant,atm,CA,37,208,0,0
3657,2024-06-01 09:00:00,67.78,restaurant,web,US,64,118,0,0
3658,2024-06-01 10:00:00,134.44,travel,web,CA,41,80,0,0
3659,2024-06-01 11:00:00,319.13,fuel,mobile,CA,68,23,0,0
3660,2024-06-01 12:00:00,87.6,fuel,pos,CA,35,144,0,0
3661,2024-06-01 13:00:00,54.47,fuel,mobile,CA,40,228,0,0
3662,2024-06-01 14:00:00,153.6,restaurant,mobile,CA,18,204,0,0
3663,2024-06-01 15:00:00,148.11,restaurant,mobile,CA,83,229,0,0
3664,2024-06-01 16:00:00,227.35,grocery,pos,CA,22,9,0,1
3665,2024-06-01 17:00:00,6.79,travel,web,MX,35,210,0,0
3666,2024-06-01 18:00:00,185.82,ecommerce,pos,CA,52,137,0,0
3667,2024-06-01 19:00:00,173.14,grocery,web,CA,42,213,0,0
3668,2024-06-01 20:00:00,107.21,electronics,mobile,US,41,186,0,0
3669,2024-06-01 21:00:00,150.48,restaurant,pos,CA,30,193,0,0
3670,2024-06-01 22:00:00,212.65,grocery,mobile,CA,38,59,0,0
3671,2024-06-01 23:00:00,198.51,travel,web,CA,56,151,1,0
3672,2024-06-02 00:00:00,17.13,electronics,mobile,CA,51,69,1,0
3673,2024-06-02 01:00:00,193.81,grocery,web,CA,36,147,1,0
3674,2024-06-02 02:00:00,114.18,travel,pos,US,45,35,1,0
3675,2024-06-02 03:00:00,126.56,travel,pos,CA,28,97,1,0
3676,2024-06-02 04:00:00,126.59,restaurant,mobile,IN,66,183,1,0
3677,2024-06-02 05:00:00,106.48,ecommerce,web,CA,52,110,1,0
3678,2024-06-02 06:00:00,227.25,grocery,web,IN,74,210,0,0
3679,2024-06-02 07:00:00,112.47,travel,pos,CA,45,40,0,0
3680,2024-06-02 08:00:00,19.24,fuel,pos,CA,83,142,0,0
3681,2024-06-02 09:00:00,84.58,travel,mobile,CA,82,84,0,0
3682,2024-06-02 10:00:00,136.08,ecommerce,mobile,US,39,116,0,0
3683,2024-06-02 11:00:00,230.63,travel,pos,MX,68,13,0,1
3684,2024-06-02 12:00:00,174.28,restaurant,web,CA,26,53,0,0
3685,2024-06-02 13:00:00,43.45,grocery,pos,CA,53,80,0,0
3686,2024-06-02 14:00:00,343.67,restaurant,atm,MX,71,233,0,0
3687,2024-06-02 15:00:00,143.83,grocery,web,MX,55,95,0,0
3688,2024-06-02 16:00:00,234.79,electronics,mobile,CA,83,39,0,0
3689,2024-06-02 17:00:00,106.35,grocery,mobile,CA,60,227,0,0
3690,2024-06-02 18:00:00,168.0,electronics,mobile,CA,22,84,0,0
3691,2024-06-02 19:00:00,195.55,restaurant,mobile,CA,54,121,0,0
3692,2024-06-02 20:00:00,229.64,fuel,pos,FR,75,65,0,0
3693,2024-06-02 21:00:00,215.16,ecommerce,atm,CA,80,184,0,0
3694,2024-06-02 22:00:00,198.5,fuel,mobile,CA,68,40,0,0
3695,2024-06-02 23:00:00,91.64,electronics,pos,MX,60,174,1,0
3696,2024-06-03 00:00:00,68.54,travel,mobile,CA,84,205,1,0
3697,2024-06-03 01:00:00,149.93,travel,mobile,MX,84,135,1,0
3698,2024-06-03 02:00:00,203.98,fuel,mobile,CA,82,45,1,0
3699,2024-06-03 03:00:00,99.96,travel,pos,US,79,22,1,0
3700,2024-06-03 04:00:00,215.87,electronics,web,CA,80,135,1,0
3701,2024-06-03 05:00:00,250.74,restaurant,pos,CA,47,122,1,0
3702,2024-06-03 06:00:00,37.53,ecommerce,mobile,CA,55,212,0,0
3703,2024-06-03 07:00:00,44.68,grocery,atm,CA,68,52,0,0
3704,2024-06-03 08:00:00,107.37,electronics,mobile,CA,55,229,0,0
3705,2024-06-03 09:00:00,147.69,electronics,web,CA,84,100,0,0
3706,2024-06-03 10:00:00,72.79,grocery,mobile,CA,65,68,0,0
3707,2024-06-03 11:00:00,241.7,grocery,pos,CA,29,198,0,0
3708,2024-06-03 12:00:00,158.17,ecommerce,web,CA,37,238,0,0
3709,2024-06-03 13:00:00,123.55,ecommerce,mobile,US,19,67,0,1
3710,2024-06-03 14:00:00,9.23,ecommerce,pos,CA,72,3,0,0
3711,2024-06-03 15:00:00,1.58,travel,pos,US,23,58,0,0
3712,2024-06-03 16:00:00,145.29,electronics,mobile,CA,79,120,0,0
3713,2024-06-03 17:00:00,71.93,restaurant,web,US,66,195,0,1
3714,2024-06-03 18:00:00,211.14,grocery,mobile,CA,71,100,0,0
3715,2024-06-03 19:00:00,105.77,electronics,pos,CA,27,182,0,0
3716,2024-06-03 20:00:00,411.88,electronics,pos,CA,41,9,0,0
3717,2024-06-03 21:00:00,327.71,ecommerce,web,CA,46,182,0,0
3718,2024-06-03 22:00:00,103.67,ecommerce,mobile,CA,23,208,0,0
3719,2024-06-03 23:00:00,110.43,electronics,web,CA,75,179,1,0
3720,2024-06-04 00:00:00,209.6,ecommerce,mobile,CA,74,16,1,0
3721,2024-06-04 01:00:00,273.29,travel,web,CA,20,12,1,0
3722,2024-06-04 02:00:00,27.42,grocery,mobile,CA,41,102,1,0
3723,2024-06-04 03:00:00,40.77,electronics,pos,CA,36,148,1,1
3724,2024-06-04 04:00:00,64.02,grocery,pos,CA,26,181,1,0
3725,2024-06-04 05:00:00,172.45,travel,pos,CA,47,31,1,0
3726,2024-06-04 06:00:00,164.72,ecommerce,pos,MX,61,222,0,0
3727,2024-06-04 07:00:00,216.28,fuel,pos,CA,70,21,0,0
3728,2024-06-04 08:00:00,12.03,travel,pos,GB,77,131,0,0
3729,2024-06-04 09:00:00,88.45,fuel,atm,CA,40,21,0,0
3730,2024-06-04 10:00:00,197.22,grocery,pos,US,78,92,0,0
3731,2024-06-04 11:00:00,45.46,electronics,pos,CA,24,28,0,0
3732,2024-06-04 12:00:00,61.66,ecommerce,mobile,CA,61,133,0,0
3733,2024-06-04 13:00:00,133.06,travel,web,CA,72,71,0,0
3734,2024-06-04 14:00:00,191.39,ecommerce,web,CA,56,197,0,0
3735,2024-06-04 15:00:00,109.01,fuel,web,CA,76,73,0,0
3736,2024-06-04 16:00:00,78.79,fuel,web,GB,22,175,0,0
3737,2024-06-04 17:00:00,105.66,restaurant,pos,US,59,213,0,0
3738,2024-06-04 18:00:00,86.65,electronics,pos,CA,31,148,0,0
3739,2024-06-04 19:00:00,1.32,fuel,mobile,FR,44,166,0,0
3740,2024-06-04 20:00:00,55.68,electronics,pos,IN,33,232,0,0
3741,2024-06-04 21:00:00,166.92,restaurant,pos,CA,19,116,0,0
3742,2024-06-04 22:00:00,148.95,travel,web,MX,36,165,0,0
3743,2024-06-04 23:00:00,135.13,restaurant,pos,CA,40,58,1,0
3744,2024-06-05 00:00:00,30.44,electronics,web,CA,58,145,1,0
3745,2024-06-05 01:00:00,103.66,fuel,mobile,CA,31,42,1,0
3746,2024-06-05 02:00:00,75.94,grocery,mobile,US,64,220,1,0
3747,2024-06-05 03:00:00,136.06,electronics,mobile,CA,80,223,1,0
3748,2024-06-05 04:00:00,248.6,ecommerce,pos,CA,25,97,1,0
3749,2024-06-05 05:00:00,12.67,grocery,atm,CA,44,160,1,0
3750,2024-06-05 06:00:00,67.27,electronics,pos,CA,57,62,0,0
3751,2024-06-05 07:00:00,149.62,ecommerce,pos,CA,45,96,0,0
3752,2024-06-05 08:00:00,232.76,restaurant,web,CA,78,112,0,0
3753,2024-06-05 09:00:00,79.66,grocery,mobile,CA,55,120,0,0
3754,2024-06-05 10:00:00,57.7,electronics,pos,CA,41,87,0,0
3755,2024-06-05 11:00:00,57.2,travel,web,CA,45,149,0,0
3756,2024-06-05 12:00:00,129.31,restaurant,mobile,US,58,217,0,1
3757,2024-06-05 13:00:00,303.79,ecommerce,pos,IN,35,161,0,0
3758,2024-06-05 14:00:00,144.96,travel,mobile,CA,66,195,0,0
3759,2024-06-05 15:00:00,117.99,fuel,pos,CA,43,134,0,0
3760,2024-06-05 16:00:00,148.99,restaurant,web,FR,20,113,0,0
3761,2024-06-05 17:00:00,119.0,restaurant,pos,CA,55,92,0,0
3762,2024-06-05 18:00:00,46.83,electronics,web,CA,31,66,0,0
3763,2024-06-05 19:00:00,194.1,electronics,pos,CA,18,32,0,1
3764,2024-06-05 20:00:00,140.32,ecommerce,mobile,CA,28,64,0,0
3765,2024-06-05 21:00:00,121.59,restaurant,atm,CA,57,154,0,0
3766,2024-06-05 22:00:00,32.22,electronics,mobile,CA,21,190,0,0
3767,2024-06-05 23:00:00,237.32,fuel,pos,CA,51,5,1,0
3768,2024-06-06 00:00:00,179.82,electronics,pos,CA,82,139,1,0
3769,2024-06-06 01:00:00,70.24,restaurant,web,US,73,128,1,0
3770,2024-06-06 02:00:00,210.16,grocery,mobile,CA,27,74,1,0
3771,2024-06-06 03:00:00,75.22,travel,atm,CA,81,207,1,1
3772,2024-06-06 04:00:00,49.62,restaurant,mobile,CA,30,210,1,0
3773,2024-06-06 05:00:00,51.63,fuel,web,CA,39,177,1,0
3774,2024-06-06 06:00:00,39.4,restaurant,pos,CA,73,206,0,0
3775,2024-06-06 07:00:00,162.44,fuel,mobile,CA,82,92,0,0
3776,2024-06-06 08:00:00,44.8,restaurant,pos,CA,30,222,0,0
3777,2024-06-06 09:00:00,9.44,travel,pos,CA,18,190,0,0
3778,2024-06-06 10:00:00,66.8,travel,mobile,CA,55,60,0,0
3779,2024-06-06 11:00:00,112.25,fuel,web,FR,75,205,0,0
3780,2024-06-06 12:00:00,106.47,restaurant,pos,IN,42,212,0,0
3781,2024-06-06 13:00:00,90.6,travel,pos,US,59,2,0,0
3782,2024-06-06 14:00:00,26.17,ecommerce,pos,IN,50,89,0,0
3783,2024-06-06 15:00:00,14.5,restaurant,web,CA,74,236,0,0
3784,2024-06-06 16:00:00,161.79,travel,pos,IN,54,187,0,0
3785,2024-06-06 17:00:00,70.45,grocery,mobile,CA,74,107,0,0
3786,2024-06-06 18:00:00,148.47,grocery,pos,CA,79,115,0,0
3787,2024-06-06 19:00:00,40.33,ecommerce,web,CA,20,76,0,0
3788,2024-06-06 20:00:00,136.3,travel,pos,FR,47,153,0,0
3789,2024-06-06 21:00:00,237.3,grocery,pos,CA,84,196,0,0
3790,2024-06-06 22:00:00,172.75,restaurant,mobile,CA,80,170,0,0
3791,2024-06-06 23:00:00,82.88,electronics,mobile,IN,40,76,1,0
3792,2024-06-07 00:00:00,143.15,travel,pos,CA,83,199,1,0
3793,2024-06-07 01:00:00,98.34,ecommerce,web,CA,78,183,1,0
3794,2024-06-07 02:00:00,120.71,travel,mobile,CA,19,166,1,0
3795,2024-06-07 03:00:00,90.7,fuel,pos,MX,44,232,1,0
3796,2024-06-07 04:00:00,105.21,fuel,pos,IN,65,224,1,0
3797,2024-06-07 05:00:00,139.09,grocery,web,FR,80,171,1,0
3798,2024-06-07 06:00:00,30.6,fuel,web,CA,22,198,0,0
3799,2024-06-07 07:00:00,28.57,ecommerce,pos,CA,18,181,0,0
3800,2024-06-07 08:00:00,4.97,grocery,pos,CA,39,219,0,0
3801,2024-06-07 09:00:00,24.02,ecommerce,web,CA,41,227,0,0
3802,2024-06-07 10:00:00,10.44,restaurant,atm,CA,76,128,0,0
3803,2024-06-07 11:00:00,134.35,ecommerce,web,CA,67,21,0,0
3804,2024-06-07 12:00:00,39.65,fuel,pos,US,40,148,0,0
3805,2024-06-07 13:00:00,166.23,restaurant,web,FR,35,19,0,0
3806,2024-06-07 14:00:00,123.12,fuel,pos,CA,39,161,0,0
3807,2024-06-07 15:00:00,57.17,ecommerce,pos,CA,61,63,0,0
3808,2024-06-07 16:00:00,178.95,fuel,web,CA,61,196,0,0
3809,2024-06-07 17:00:00,192.97,fuel,mobile,CA,54,188,0,1
3810,2024-06-07 18:00:00,30.55,fuel,mobile,CA,24,19,0,0
3811,2024-06-07 19:00:00,157.82,travel,pos,CA,41,113,0,0
3812,2024-06-07 20:00:00,42.92,restaurant,mobile,FR,58,156,0,0
3813,2024-06-07 21:00:00,128.79,restaurant,pos,CA,35,22,0,0
3814,2024-06-07 22:00:00,6.2,restaurant,pos,CA,77,51,0,1
3815,2024-06-07 23:00:00,41.38,ecommerce,mobile,CA,69,88,1,0
3816,2024-06-08 00:00:00,85.55,electronics,mobile,CA,66,123,1,0
3817,2024-06-08 01:00:00,108.86,ecommerce,pos,CA,84,238,1,0
3818,2024-06-08 02:00:00,84.21,restaurant,pos,MX,62,63,1,0
3819,2024-06-08 03:00:00,13.44,grocery,pos,CA,26,62,1,0
3820,2024-06-08 04:00:00,84.01,fuel,web,MX,43,222,1,0
3821,2024-06-08 05:00:00,144.24,fuel,mobile,CA,43,157,1,0
3822,2024-06-08 06:00:00,115.96,electronics,pos,CA,47,74,0,0
3823,2024-06-08 07:00:00,136.43,grocery,web,US,44,32,0,0
3824,2024-06-08 08:00:00,59.69,travel,pos,CA,21,201,0,0
3825,2024-06-08 09:00:00,225.45,ecommerce,pos,CA,68,153,0,0
3826,2024-06-08 10:00:00,14.14,travel,mobile,CA,27,144,0,0
3827,2024-06-08 11:00:00,163.88,grocery,mobile,CA,53,15,0,0
3828,2024-06-08 12:00:00,226.37,electronics,pos,CA,63,187,0,0
3829,2024-06-08 13:00:00,163.28,grocery,pos,GB,23,48,0,0
3830,2024-06-08 14:00:00,101.77,electronics,pos,MX,20,18,0,0
3831,2024-06-08 15:00:00,72.45,travel,web,CA,67,23,0,0
3832,2024-06-08 16:00:00,213.25,travel,pos,US,59,55,0,0
3833,2024-06-08 17:00:00,8.07,grocery,web,GB,71,42,0,0
3834,2024-06-08 18:00:00,32.69,grocery,pos,CA,56,131,0,0
3835,2024-06-08 19:00:00,84.22,fuel,pos,CA,72,199,0,0
3836,2024-06-08 20:00:00,231.39,electronics,mobile,CA,28,103,0,0
3837,2024-06-08 21:00:00,154.18,fuel,pos,CA,47,52,0,0
3838,2024-06-08 22:00:00,32.88,ecommerce,mobile,CA,73,11,0,0
3839,2024-06-08 23:00:00,92.07,ecommerce,web,CA,46,55,1,0
3840,2024-06-09 00:00:00,64.71,grocery,mobile,FR,34,88,1,0
3841,2024-06-09 01:00:00,56.12,travel,pos,CA,50,227,1,0
3842,2024-06-09 02:00:00,208.1,ecommerce,mobile,MX,38,114,1,0
3843,2024-06-09 03:00:00,3.46,ecommerce,pos,CA,27,25,1,0
3844,2024-06-09 04:00:00,264.79,fuel,atm,CA,56,92,1,0
3845,2024-06-09 05:00:00,194.54,fuel,mobile,CA,64,204,1,0
3846,2024-06-09 06:00:00,218.18,ecommerce,pos,FR,69,87,0,0
3847,2024-06-09 07:00:00,78.34,grocery,pos,CA,58,81,0,0
3848,2024-06-09 08:00:00,106.51,fuel,mobile,CA,64,169,0,0
3849,2024-06-09 09:00:00,8.98,ecommerce,mobile,CA,60,165,0,0
3850,2024-06-09 10:00:00,72.78,travel,mobile,CA,54,210,0,1
3851,2024-06-09 11:00:00,164.43,fuel,mobile,CA,81,183,0,0
3852,2024-06-09 12:00:00,236.65,ecommerce,mobile,CA,77,9,0,0
3853,2024-06-09 13:00:00,20.36,electronics,web,MX,42,237,0,0
3854,2024-06-09 14:00:00,87.1,fuel,pos,CA,39,99,0,0
3855,2024-06-09 15:00:00,106.38,electronics,pos,CA,60,36,0,0
3856,2024-06-09 16:00:00,5.62,fuel,web,GB,53,57,0,0
3857,2024-06-09 17:00:00,173.22,fuel,web,CA,63,63,0,0
3858,2024-06-09 18:00:00,54.84,restaurant,web,MX,39,82,0,0
3859,2024-06-09 19:00:00,102.41,restaurant,pos,CA,52,20,0,0
3860,2024-06-09 20:00:00,79.32,electronics,web,MX,64,213,0,0
3861,2024-06-09 21:00:00,48.96,grocery,pos,CA,50,47,0,0
3862,2024-06-09 22:00:00,119.37,ecommerce,web,CA,30,20,0,1
3863,2024-06-09 23:00:00,100.6,grocery,web,CA,73,6,1,0
3864,2024-06-10 00:00:00,86.53,grocery,pos,CA,84,73,1,0
3865,2024-06-10 01:00:00,54.44,restaurant,mobile,CA,30,107,1,0
3866,2024-06-10 02:00:00,148.76,ecommerce,web,US,67,93,1,0
3867,2024-06-10 03:00:00,268.83,restaurant,mobile,CA,74,29,1,0
3868,2024-06-10 04:00:00,132.59,restaurant,pos,FR,45,205,1,0
3869,2024-06-10 05:00:00,209.65,restaurant,pos,CA,82,100,1,0
3870,2024-06-10 06:00:00,5.12,travel,pos,CA,41,219,0,0
3871,2024-06-10 07:00:00,134.2,grocery,pos,CA,84,111,0,0
3872,2024-06-10 08:00:00,21.24,grocery,pos,CA,24,121,0,0
3873,2024-06-10 09:00:00,12.92,grocery,pos,CA,41,49,0,0
3874,2024-06-10 10:00:00,53.46,travel,mobile,US,26,108,0,0
3875,2024-06-10 11:00:00,227.27,fuel,mobile,CA,32,134,0,0
3876,2024-06-10 12:00:00,205.5,electronics,mobile,CA,73,39,0,0
3877,2024-06-10 13:00:00,141.87,electronics,atm,CA,34,32,0,0
3878,2024-06-10 14:00:00,17.94,travel,web,CA,36,177,0,0
3879,2024-06-10 15:00:00,102.33,grocery,web,US,26,43,0,0
3880,2024-06-10 16:00:00,147.15,electronics,pos,CA,81,108,0,0
3881,2024-06-10 17:00:00,135.8,travel,pos,CA,74,28,0,0
3882,2024-06-10 18:00:00,45.94,restaurant,mobile,CA,55,45,0,0
3883,2024-06-10 19:00:00,39.87,ecommerce,mobile,CA,25,65,0,0
3884,2024-06-10 20:00:00,114.23,electronics,mobile,CA,23,50,0,0
3885,2024-06-10 21:00:00,168.27,ecommerce,mobile,CA,66,54,0,0
3886,2024-06-10 22:00:00,77.65,grocery,pos,US,62,51,0,0
3887,2024-06-10 23:00:00,105.41,electronics,web,CA,38,43,1,0
3888,2024-06-11 00:00:00,132.87,travel,web,CA,51,64,1,0
3889,2024-06-11 01:00:00,196.47,fuel,atm,US,29,223,1,1
3890,2024-06-11 02:00:00,182.36,electronics,mobile,CA,56,30,1,0
3891,2024-06-11 03:00:00,172.43,electronics,web,US,23,210,1,0
3892,2024-06-11 04:00:00,48.01,electronics,pos,CA,49,221,1,0
3893,2024-06-11 05:00:00,51.72,electronics,pos,CA,77,170,1,0
3894,2024-06-11 06:00:00,84.63,travel,pos,CA,25,166,0,0
3895,2024-06-11 07:00:00,210.15,travel,mobile,CA,55,87,0,0
3896,2024-06-11 08:00:00,245.41,fuel,pos,US,36,214,0,0
3897,2024-06-11 09:00:00,183.95,travel,pos,CA,72,66,0,0
3898,2024-06-11 10:00:00,158.64,travel,pos,IN,26,69,0,0
3899,2024-06-11 11:00:00,154.17,grocery,mobile,US,69,234,0,0
3900,2024-06-11 12:00:00,69.95,grocery,web,CA,45,15,0,0
3901,2024-06-11 13:00:00,108.29,ecommerce,web,IN,79,189,0,0
3902,2024-06-11 14:00:00,270.22,fuel,pos,CA,65,224,0,0
3903,2024-06-11 15:00:00,35.17,grocery,pos,CA,56,110,0,0
3904,2024-06-11 16:00:00,265.33,fuel,pos,CA,70,134,0,0
3905,2024-06-11 17:00:00,91.02,fuel,mobile,CA,80,206,0,0
3906,2024-06-11 18:00:00,239.29,electronics,mobile,FR,36,24,0,1
3907,2024-06-11 19:00:00,6.61,restaurant,web,IN,50,121,0,0
3908,2024-06-11 20:00:00,172.73,restaurant,pos,GB,81,85,0,0
3909,2024-06-11 21:00:00,53.69,restaurant,mobile,FR,43,142,0,0
3910,2024-06-11 22:00:00,7.37,fuel,mobile,CA,62,140,0,0
3911,2024-06-11 23:00:00,139.67,electronics,pos,CA,18,183,1,0
3912,2024-06-12 00:00:00,210.85,ecommerce,pos,CA,83,68,1,0
3913,2024-06-12 01:00:00,43.96,ecommerce,mobile,US,52,122,1,0
3914,2024-06-12 02:00:00,14.91,restaurant,web,CA,62,44,1,0
3915,2024-06-12 03:00:00,111.73,ecommerce,atm,US,50,85,1,0
3916,2024-06-12 04:00:00,112.13,electronics,mobile,FR,48,209,1,1
3917,2024-06-12 05:00:00,169.35,restaurant,pos,CA,81,221,1,0
3918,2024-06-12 06:00:00,205.46,electronics,mobile,CA,32,179,0,0
3919,2024-06-12 07:00:00,114.65,ecommerce,pos,CA,63,208,0,1
3920,2024-06-12 08:00:00,287.0,restaurant,mobile,US,65,210,0,0
3921,2024-06-12 09:00:00,140.18,electronics,web,US,57,166,0,0
3922,2024-06-12 10:00:00,88.82,travel,web,CA,18,41,0,0
3923,2024-06-12 11:00:00,25.04,travel,mobile,US,37,122,0,0
3924,2024-06-12 12:00:00,96.36,electronics,mobile,CA,39,44,0,0
3925,2024-06-12 13:00:00,89.73,electronics,mobile,CA,71,75,0,0
3926,2024-06-12 14:00:00,206.43,grocery,pos,CA,82,224,0,0
3927,2024-06-12 15:00:00,161.62,grocery,pos,CA,32,92,0,0
3928,2024-06-12 16:00:00,13.86,fuel,web,CA,78,16,0,0
3929,2024-06-12 17:00:00,135.5,restaurant,atm,MX,31,226,0,0
3930,2024-06-12 18:00:00,180.44,fuel,pos,IN,66,178,0,0
3931,2024-06-12 19:00:00,257.52,fuel,pos,CA,23,222,0,0
3932,2024-06-12 20:00:00,199.88,ecommerce,web,GB,58,166,0,0
3933,2024-06-12 21:00:00,188.48,travel,web,CA,48,86,0,0
3934,2024-06-12 22:00:00,125.41,ecommerce,mobile,IN,81,133,0,0
3935,2024-06-12 23:00:00,154.95,restaurant,mobile,CA,68,137,1,0
3936,2024-06-13 00:00:00,232.46,electronics,atm,CA,76,77,1,0
3937,2024-06-13 01:00:00,0.05,grocery,mobile,CA,72,39,1,0
3938,2024-06-13 02:00:00,88.55,restaurant,pos,US,66,87,1,0
3939,2024-06-13 03:00:00,50.47,electronics,web,CA,57,155,1,0
3940,2024-06-13 04:00:00,154.12,restaurant,mobile,CA,32,160,1,0
3941,2024-06-13 05:00:00,230.72,electronics,atm,CA,82,64,1,0
3942,2024-06-13 06:00:00,66.27,grocery,pos,CA,24,223,0,0
3943,2024-06-13 07:00:00,95.13,electronics,pos,CA,79,161,0,0
3944,2024-06-13 08:00:00,82.9,fuel,pos,CA,71,106,0,0
3945,2024-06-13 09:00:00,202.21,restaurant,web,CA,69,90,0,1
3946,2024-06-13 10:00:00,168.39,grocery,pos,CA,68,146,0,0
3947,2024-06-13 11:00:00,158.54,electronics,mobile,CA,21,204,0,0
3948,2024-06-13 12:00:00,94.8,fuel,mobile,CA,18,67,0,0
3949,2024-06-13 13:00:00,4.89,fuel,web,CA,83,5,0,0
3950,2024-06-13 14:00:00,166.38,travel,web,CA,52,206,0,0
3951,2024-06-13 15:00:00,44.91,fuel,mobile,CA,27,59,0,0
3952,2024-06-13 16:00:00,316.57,ecommerce,web,CA,84,239,0,0
3953,2024-06-13 17:00:00,171.35,grocery,pos,CA,82,76,0,0
3954,2024-06-13 18:00:00,67.74,grocery,pos,CA,68,4,0,0
3955,2024-06-13 19:00:00,64.98,grocery,web,CA,47,16,0,1
3956,2024-06-13 20:00:00,111.64,electronics,pos,CA,56,75,0,0
3957,2024-06-13 21:00:00,98.44,restaurant,web,CA,27,100,0,0
3958,2024-06-13 22:00:00,220.52,electronics,atm,CA,61,230,0,0
3959,2024-06-13 23:00:00,136.78,ecommerce,mobile,CA,49,121,1,0
3960,2024-06-14 00:00:00,54.15,restaurant,pos,CA,61,176,1,0
3961,2024-06-14 01:00:00,290.14,fuel,pos,CA,80,66,1,0
3962,2024-06-14 02:00:00,124.44,electronics,mobile,CA,78,205,1,0
3963,2024-06-14 03:00:00,189.2,restaurant,mobile,FR,82,136,1,0
3964,2024-06-14 04:00:00,65.26,fuel,web,CA,58,172,1,1
3965,2024-06-14 05:00:00,152.68,restaurant,pos,CA,29,21,1,0
3966,2024-06-14 06:00:00,148.0,fuel,mobile,CA,19,26,0,0
3967,2024-06-14 07:00:00,50.07,restaurant,pos,CA,77,230,0,0
3968,2024-06-14 08:00:00,301.37,electronics,pos,CA,42,163,0,0
3969,2024-06-14 09:00:00,236.16,electronics,pos,CA,78,143,0,0
3970,2024-06-14 10:00:00,84.25,ecommerce,web,CA,39,168,0,0
3971,2024-06-14 11:00:00,20.8,travel,pos,US,73,30,0,0
3972,2024-06-14 12:00:00,151.28,grocery,pos,CA,38,66,0,0
3973,2024-06-14 13:00:00,127.8,electronics,pos,CA,72,80,0,0
3974,2024-06-14 14:00:00,152.01,electronics,web,CA,57,13,0,0
3975,2024-06-14 15:00:00,137.24,fuel,web,CA,68,1,0,0
3976,2024-06-14 16:00:00,165.56,travel,pos,CA,39,171,0,0
3977,2024-06-14 17:00:00,250.26,electronics,mobile,CA,45,156,0,0
3978,2024-06-14 18:00:00,171.13,restaurant,web,CA,21,129,0,0
3979,2024-06-14 19:00:00,25.53,travel,pos,CA,43,168,0,0
3980,2024-06-14 20:00:00,242.63,grocery,pos,CA,77,162,0,0
3981,2024-06-14 21:00:00,267.66,restaurant,mobile,CA,40,141,0,0
3982,2024-06-14 22:00:00,403.69,fuel,pos,US,58,61,0,0
3983,2024-06-14 23:00:00,18.89,ecommerce,pos,IN,75,117,1,0
3984,2024-06-15 00:00:00,141.86,restaurant,web,GB,25,66,1,0
3985,2024-06-15 01:00:00,67.39,grocery,web,CA,68,123,1,1
3986,2024-06-15 02:00:00,169.78,restaurant,mobile,CA,78,4,1,0
3987,2024-06-15 03:00:00,70.66,travel,mobile,CA,18,217,1,0
3988,2024-06-15 04:00:00,293.11,travel,atm,CA,47,226,1,0
3989,2024-06-15 05:00:00,50.28,grocery,pos,CA,34,141,1,0
3990,2024-06-15 06:00:00,32.03,travel,pos,CA,40,36,0,0
3991,2024-06-15 07:00:00,77.59,restaurant,atm,CA,41,96,0,0
3992,2024-06-15 08:00:00,57.79,ecommerce,web,CA,69,189,0,0
3993,2024-06-15 09:00:00,187.6,restaurant,mobile,CA,75,186,0,0
3994,2024-06-15 10:00:00,65.86,ecommerce,pos,CA,39,85,0,0
3995,2024-06-15 11:00:00,122.56,travel,pos,CA,76,218,0,0
3996,2024-06-15 12:00:00,67.0,restaurant,pos,CA,61,143,0,0
3997,2024-06-15 13:00:00,91.17,travel,web,CA,54,221,0,1
3998,2024-06-15 14:00:00,267.9,ecommerce,pos,CA,51,90,0,0
3999,2024-06-15 15:00:00,152.46,travel,web,CA,74,85,0,0
4000,2024-06-15 16:00:00,42.29,electronics,web,US,74,12,0,1
4001,2024-06-15 17:00:00,117.19,fuel,pos,CA,57,76,0,0
4002,2024-06-15 18:00:00,121.62,restaurant,pos,CA,37,69,0,0
4003,2024-06-15 19:00:00,162.54,electronics,pos,CA,34,189,0,0
4004,2024-06-15 20:00:00,3.02,travel,pos,GB,69,42,0,0
4005,2024-06-15 21:00:00,173.33,travel,pos,CA,21,218,0,0
4006,2024-06-15 22:00:00,123.4,fuel,pos,CA,80,160,0,0
4007,2024-06-15 23:00:00,63.31,travel,web,CA,67,130,1,0
4008,2024-06-16 00:00:00,76.06,fuel,mobile,FR,67,8,1,0
4009,2024-06-16 01:00:00,177.0,restaurant,pos,CA,33,219,1,0
4010,2024-06-16 02:00:00,122.04,ecommerce,mobile,CA,78,229,1,1
4011,2024-06-16 03:00:00,6.5,fuel,mobile,CA,61,54,1,0
4012,2024-06-16 04:00:00,31.35,fuel,mobile,CA,35,136,1,0
4013,2024-06-16 05:00:00,137.88,electronics,pos,CA,67,88,1,1
4014,2024-06-16 06:00:00,112.88,travel,web,CA,47,141,0,0
4015,2024-06-16 07:00:00,67.88,restaurant,mobile,US,66,29,0,1
4016,2024-06-16 08:00:00,76.72,ecommerce,atm,CA,38,13,0,0
4017,2024-06-16 09:00:00,182.66,grocery,atm,CA,39,58,0,1
4018,2024-06-16 10:00:00,73.41,fuel,pos,CA,64,63,0,0
4019,2024-06-16 11:00:00,112.07,grocery,web,CA,42,87,0,0
4020,2024-06-16 12:00:00,315.29,travel,mobile,CA,73,175,0,0
4021,2024-06-16 13:00:00,8.13,fuel,mobile,CA,81,207,0,0
4022,2024-06-16 14:00:00,46.67,grocery,web,CA,45,216,0,0
4023,2024-06-16 15:00:00,190.52,electronics,pos,CA,50,235,0,1
4024,2024-06-16 16:00:00,58.92,grocery,pos,FR,83,87,0,0
4025,2024-06-16 17:00:00,91.36,electronics,web,US,21,74,0,0
4026,2024-06-16 18:00:00,49.7,ecommerce,mobile,CA,29,38,0,0
4027,2024-06-16 19:00:00,96.62,travel,atm,CA,34,69,0,0
4028,2024-06-16 20:00:00,263.87,restaurant,mobile,FR,53,69,0,0
4029,2024-06-16 21:00:00,192.19,grocery,pos,CA,33,223,0,0
4030,2024-06-16 22:00:00,197.6,fuel,mobile,CA,40,168,0,0
4031,2024-06-16 23:00:00,7.46,travel,pos,CA,26,129,1,0
4032,2024-06-17 00:00:00,16.4,grocery,mobile,CA,72,130,1,1
4033,2024-06-17 01:00:00,135.52,fuel,mobile,FR,81,113,1,0
4034,2024-06-17 02:00:00,47.16,fuel,pos,MX,64,29,1,0
4035,2024-06-17 03:00:00,206.1,restaurant,pos,CA,84,122,1,0
4036,2024-06-17 04:00:00,166.53,restaurant,pos,CA,27,7,1,0
4037,2024-06-17 05:00:00,100.06,fuel,pos,CA,21,221,1,0
4038,2024-06-17 06:00:00,117.99,restaurant,mobile,CA,47,185,0,0
4039,2024-06-17 07:00:00,58.0,fuel,pos,CA,28,55,0,1
4040,2024-06-17 08:00:00,138.43,grocery,pos,FR,68,201,0,0
4041,2024-06-17 09:00:00,188.93,ecommerce,pos,CA,36,164,0,0
4042,2024-06-17 10:00:00,25.43,restaurant,mobile,CA,30,7,0,0
4043,2024-06-17 11:00:00,146.97,electronics,pos,CA,74,92,0,0
4044,2024-06-17 12:00:00,203.92,electronics,pos,IN,20,10,0,0
4045,2024-06-17 13:00:00,82.64,electronics,mobile,CA,55,80,0,0
4046,2024-06-17 14:00:00,183.06,ecommerce,pos,CA,44,74,0,0
4047,2024-06-17 15:00:00,373.32,fuel,pos,CA,27,167,0,0
4048,2024-06-17 16:00:00,110.61,fuel,mobile,CA,70,58,0,0
4049,2024-06-17 17:00:00,155.4,travel,pos,CA,44,90,0,0
4050,2024-06-17 18:00:00,53.57,electronics,mobile,GB,24,98,0,1
4051,2024-06-17 19:00:00,136.31,electronics,web,CA,30,226,0,0
4052,2024-06-17 20:00:00,161.42,fuel,web,CA,77,40,0,0
4053,2024-06-17 21:00:00,137.54,electronics,pos,US,31,142,0,0
4054,2024-06-17 22:00:00,28.23,fuel,mobile,US,61,210,0,0
4055,2024-06-17 23:00:00,138.57,fuel,web,CA,45,129,1,0
4056,2024-06-18 00:00:00,251.6,restaurant,pos,CA,40,145,1,0
4057,2024-06-18 01:00:00,160.38,fuel,pos,FR,29,49,1,0
4058,2024-06-18 02:00:00,206.58,grocery,web,CA,41,86,1,1
4059,2024-06-18 03:00:00,98.67,grocery,mobile,CA,68,229,1,0
4060,2024-06-18 04:00:00,187.49,grocery,mobile,CA,39,144,1,0
4061,2024-06-18 05:00:00,145.13,grocery,mobile,CA,79,135,1,0
4062,2024-06-18 06:00:00,34.42,ecommerce,web,CA,43,143,0,0
4063,2024-06-18 07:00:00,148.67,travel,pos,CA,75,115,0,0
4064,2024-06-18 08:00:00,30.75,travel,mobile,CA,32,21,0,0
4065,2024-06-18 09:00:00,63.04,fuel,atm,CA,23,66,0,0
4066,2024-06-18 10:00:00,137.04,electronics,web,GB,19,187,0,0
4067,2024-06-18 11:00:00,146.75,grocery,pos,MX,48,176,0,0
4068,2024-06-18 12:00:00,12.97,travel,pos,US,41,89,0,1
4069,2024-06-18 13:00:00,214.86,travel,pos,CA,52,201,0,0
4070,2024-06-18 14:00:00,171.48,grocery,web,CA,64,212,0,0
4071,2024-06-18 15:00:00,56.57,ecommerce,mobile,GB,48,178,0,1
4072,2024-06-18 16:00:00,18.38,ecommerce,pos,US,19,138,0,0
4073,2024-06-18 17:00:00,106.96,travel,pos,US,76,52,0,0
4074,2024-06-18 18:00:00,79.87,ecommerce,web,CA,80,213,0,0
4075,2024-06-18 19:00:00,130.18,restaurant,mobile,CA,34,196,0,0
4076,2024-06-18 20:00:00,87.32,grocery,web,CA,71,158,0,0
4077,2024-06-18 21:00:00,60.67,travel,pos,CA,38,34,0,0
4078,2024-06-18 22:00:00,85.05,grocery,pos,CA,39,94,0,0
4079,2024-06-18 23:00:00,92.49,ecommerce,web,CA,72,206,1,0
4080,2024-06-19 00:00:00,177.03,grocery,mobile,CA,46,86,1,0
4081,2024-06-19 01:00:00,57.16,ecommerce,pos,US,38,65,1,0
4082,2024-06-19 02:00:00,271.08,ecommerce,web,CA,19,60,1,0
4083,2024-06-19 03:00:00,52.05,grocery,web,CA,59,136,1,0
4084,2024-06-19 04:00:00,238.01,ecommerce,web,CA,69,75,1,0
4085,2024-06-19 05:00:00,99.81,restaurant,pos,FR,55,193,1,1
4086,2024-06-19 06:00:00,197.36,fuel,mobile,CA,20,69,0,0
4087,2024-06-19 07:00:00,127.18,grocery,web,US,42,185,0,0
4088,2024-06-19 08:00:00,222.56,fuel,mobile,CA,79,45,0,0
4089,2024-06-19 09:00:00,85.14,grocery,web,CA,32,49,0,0
4090,2024-06-19 10:00:00,21.12,ecommerce,atm,CA,27,202,0,0
4091,2024-06-19 11:00:00,247.85,ecommerce,web,GB,61,62,0,1
4092,2024-06-19 12:00:00,109.79,travel,web,CA,58,167,0,0
4093,2024-06-19 13:00:00,139.94,restaurant,pos,CA,37,205,0,0
4094,2024-06-19 14:00:00,231.13,travel,pos,CA,54,149,0,0
4095,2024-06-19 15:00:00,27.12,fuel,pos,CA,56,228,0,0
4096,2024-06-19 16:00:00,173.59,ecommerce,atm,FR,25,121,0,0
4097,2024-06-19 17:00:00,66.91,travel,mobile,CA,60,53,0,1
4098,2024-06-19 18:00:00,108.1,ecommerce,pos,CA,27,173,0,0
4099,2024-06-19 19:00:00,126.51,grocery,pos,CA,58,97,0,0
4100,2024-06-19 20:00:00,15.02,travel,pos,CA,21,121,0,0
4101,2024-06-19 21:00:00,49.9,fuel,mobile,CA,21,235,0,0
4102,2024-06-19 22:00:00,241.6,travel,pos,CA,41,156,0,0
4103,2024-06-19 23:00:00,199.76,ecommerce,web,CA,38,53,1,0
4104,2024-06-20 00:00:00,114.36,electronics,mobile,CA,27,9,1,0
4105,2024-06-20 01:00:00,141.88,electronics,web,US,63,237,1,0
4106,2024-06-20 02:00:00,93.52,restaurant,mobile,CA,61,75,1,0
4107,2024-06-20 03:00:00,242.09,ecommerce,web,CA,50,104,1,0
4108,2024-06-20 04:00:00,101.97,grocery,mobile,CA,53,93,1,0
4109,2024-06-20 05:00:00,140.87,travel,web,CA,42,124,1,0
4110,2024-06-20 06:00:00,223.14,electronics,pos,CA,30,122,0,0
4111,2024-06-20 07:00:00,50.04,grocery,atm,CA,56,199,0,0
4112,2024-06-20 08:00:00,260.29,ecommerce,web,MX,55,61,0,0
4113,2024-06-20 09:00:00,17.74,grocery,pos,GB,47,155,0,0
4114,2024-06-20 10:00:00,266.67,ecommerce,pos,US,31,124,0,0
4115,2024-06-20 11:00:00,86.46,restaurant,pos,CA,67,150,0,0
4116,2024-06-20 12:00:00,98.16,travel,mobile,CA,18,95,0,0
4117,2024-06-20 13:00:00,50.1,grocery,pos,IN,78,30,0,0
4118,2024-06-20 14:00:00,79.07,travel,mobile,CA,20,92,0,0
4119,2024-06-20 15:00:00,26.42,grocery,pos,CA,67,84,0,0
4120,2024-06-20 16:00:00,65.31,ecommerce,pos,CA,78,15,0,0
4121,2024-06-20 17:00:00,107.64,ecommerce,mobile,CA,53,143,0,0
4122,2024-06-20 18:00:00,206.2,grocery,web,CA,21,53,0,0
4123,2024-06-20 19:00:00,138.68,restaurant,mobile,GB,60,204,0,0
4124,2024-06-20 20:00:00,147.69,ecommerce,web,CA,31,209,0,0
4125,2024-06-20 21:00:00,21.4,fuel,pos,CA,84,23,0,0
4126,2024-06-20 22:00:00,40.73,fuel,web,CA,24,70,0,0
4127,2024-06-20 23:00:00,281.89,travel,pos,CA,25,109,1,0
4128,2024-06-21 00:00:00,53.83,fuel,pos,CA,61,144,1,0
4129,2024-06-21 01:00:00,269.06,fuel,pos,CA,81,219,1,0
4130,2024-06-21 02:00:00,98.12,restaurant,mobile,CA,24,87,1,0
4131,2024-06-21 03:00:00,120.21,restaurant,pos,CA,65,193,1,0
4132,2024-06-21 04:00:00,216.33,electronics,pos,CA,79,173,1,0
4133,2024-06-21 05:00:00,234.47,electronics,pos,CA,42,7,1,0
4134,2024-06-21 06:00:00,110.03,restaurant,pos,CA,81,173,0,0
4135,2024-06-21 07:00:00,85.06,electronics,pos,CA,35,39,0,0
4136,2024-06-21 08:00:00,114.97,restaurant,pos,CA,21,104,0,0
4137,2024-06-21 09:00:00,150.42,electronics,pos,CA,34,50,0,0
4138,2024-06-21 10:00:00,200.22,ecommerce,pos,CA,64,177,0,0
4139,2024-06-21 11:00:00,120.38,restaurant,pos,CA,62,48,0,0
4140,2024-06-21 12:00:00,175.7,travel,mobile,CA,75,49,0,0
4141,2024-06-21 13:00:00,267.45,travel,mobile,US,20,168,0,0
4142,2024-06-21 14:00:00,154.32,restaurant,web,CA,29,167,0,0
4143,2024-06-21 15:00:00,148.05,fuel,mobile,CA,34,185,0,0
4144,2024-06-21 16:00:00,16.7,travel,pos,GB,39,82,0,0
4145,2024-06-21 17:00:00,116.77,fuel,pos,CA,56,63,0,0
4146,2024-06-21 18:00:00,154.95,travel,mobile,CA,56,228,0,0
4147,2024-06-21 19:00:00,111.47,grocery,web,CA,33,184,0,0
4148,2024-06-21 20:00:00,73.67,grocery,atm,CA,68,214,0,0
4149,2024-06-21 21:00:00,141.92,restaurant,mobile,CA,46,130,0,0
4150,2024-06-21 22:00:00,114.56,travel,pos,CA,58,112,0,0
4151,2024-06-21 23:00:00,221.5,ecommerce,atm,CA,74,154,1,1
4152,2024-06-22 00:00:00,127.75,fuel,mobile,CA,45,96,1,0
4153,2024-06-22 01:00:00,52.78,travel,pos,CA,38,151,1,0
4154,2024-06-22 02:00:00,209.11,restaurant,atm,CA,21,121,1,0
4155,2024-06-22 03:00:00,100.46,fuel,pos,CA,32,232,1,0
4156,2024-06-22 04:00:00,167.39,electronics,mobile,CA,70,238,1,0
4157,2024-06-22 05:00:00,77.03,restaurant,pos,CA,63,18,1,0
4158,2024-06-22 06:00:00,61.52,travel,pos,CA,24,211,0,0
4159,2024-06-22 07:00:00,127.58,ecommerce,web,CA,35,88,0,0
4160,2024-06-22 08:00:00,121.15,electronics,pos,CA,38,68,0,0
4161,2024-06-22 09:00:00,163.18,restaurant,mobile,CA,25,60,0,0
4162,2024-06-22 10:00:00,95.82,travel,web,CA,76,238,0,0
4163,2024-06-22 11:00:00,45.27,grocery,pos,CA,37,130,0,0
4164,2024-06-22 12:00:00,81.05,travel,pos,US,84,94,0,0
4165,2024-06-22 13:00:00,191.44,grocery,web,GB,72,49,0,0
4166,2024-06-22 14:00:00,93.24,grocery,mobile,US,79,166,0,0
4167,2024-06-22 15:00:00,97.83,restaurant,web,CA,35,159,0,0
4168,2024-06-22 16:00:00,208.77,travel,web,IN,73,168,0,0
4169,2024-06-22 17:00:00,55.92,travel,web,CA,39,80,0,0
4170,2024-06-22 18:00:00,18.85,grocery,pos,CA,25,127,0,0
4171,2024-06-22 19:00:00,105.54,fuel,web,FR,28,53,0,0
4172,2024-06-22 20:00:00,76.42,electronics,atm,US,29,64,0,0
4173,2024-06-22 21:00:00,33.04,ecommerce,mobile,CA,65,33,0,0
4174,2024-06-22 22:00:00,104.22,travel,web,US,80,58,0,1
4175,2024-06-22 23:00:00,164.24,electronics,web,CA,44,50,1,0
4176,2024-06-23 00:00:00,119.16,electronics,web,CA,52,64,1,0
4177,2024-06-23 01:00:00,147.63,fuel,mobile,CA,19,131,1,0
4178,2024-06-23 02:00:00,283.21,electronics,web,IN,25,125,1,1
4179,2024-06-23 03:00:00,89.14,travel,mobile,CA,37,61,1,0
4180,2024-06-23 04:00:00,145.05,restaurant,pos,US,25,124,1,0
4181,2024-06-23 05:00:00,74.17,restaurant,web,CA,80,210,1,0
4182,2024-06-23 06:00:00,43.83,electronics,mobile,US,48,138,0,0
4183,2024-06-23 07:00:00,67.36,travel,pos,CA,49,66,0,0
4184,2024-06-23 08:00:00,76.91,travel,atm,CA,30,179,0,0
4185,2024-06-23 09:00:00,152.35,grocery,pos,US,43,222,0,0
4186,2024-06-23 10:00:00,331.42,fuel,pos,CA,46,30,0,0
4187,2024-06-23 11:00:00,55.56,ecommerce,web,CA,35,25,0,0
4188,2024-06-23 12:00:00,82.5,grocery,mobile,CA,29,171,0,0
4189,2024-06-23 13:00:00,114.32,ecommerce,mobile,CA,19,120,0,0
4190,2024-06-23 14:00:00,155.62,travel,pos,CA,59,88,0,0
4191,2024-06-23 15:00:00,143.72,restaurant,pos,CA,24,192,0,0
4192,2024-06-23 16:00:00,235.57,grocery,web,CA,64,187,0,0
4193,2024-06-23 17:00:00,98.38,electronics,pos,US,71,190,0,0
4194,2024-06-23 18:00:00,94.82,electronics,web,GB,32,227,0,0
4195,2024-06-23 19:00:00,75.37,ecommerce,web,CA,75,10,0,0
4196,2024-06-23 20:00:00,218.76,travel,web,CA,50,192,0,0
4197,2024-06-23 21:00:00,20.91,restaurant,pos,US,84,94,0,0
4198,2024-06-23 22:00:00,150.69,ecommerce,pos,CA,80,126,0,0
4199,2024-06-23 23:00:00,171.41,restaurant,pos,US,65,188,1,0
4200,2024-06-24 00:00:00,141.93,fuel,pos,CA,83,218,1,0
4201,2024-06-24 01:00:00,21.88,restaurant,web,CA,82,99,1,0
4202,2024-06-24 02:00:00,31.3,electronics,mobile,CA,53,88,1,0
4203,2024-06-24 03:00:00,32.72,grocery,pos,CA,34,20,1,0
4204,2024-06-24 04:00:00,129.95,grocery,pos,MX,19,117,1,0
4205,2024-06-24 05:00:00,63.63,grocery,pos,CA,50,103,1,0
4206,2024-06-24 06:00:00,164.47,restaurant,mobile,CA,23,177,0,0
4207,2024-06-24 07:00:00,136.92,electronics,pos,CA,60,232,0,0
4208,2024-06-24 08:00:00,42.88,restaurant,atm,CA,28,99,0,0
4209,2024-06-24 09:00:00,18.66,travel,pos,CA,22,231,0,0
4210,2024-06-24 10:00:00,96.93,electronics,pos,CA,47,123,0,0
4211,2024-06-24 11:00:00,71.58,electronics,pos,CA,27,74,0,0
4212,2024-06-24 12:00:00,191.81,restaurant,web,CA,41,155,0,1
4213,2024-06-24 13:00:00,47.34,restaurant,web,CA,76,51,0,0
4214,2024-06-24 14:00:00,124.09,grocery,web,CA,84,185,0,0
4215,2024-06-24 15:00:00,170.25,electronics,pos,CA,78,79,0,0
4216,2024-06-24 16:00:00,287.1,grocery,pos,US,43,207,0,0
4217,2024-06-24 17:00:00,76.64,travel,pos,CA,56,165,0,0
4218,2024-06-24 18:00:00,149.2,fuel,web,CA,20,227,0,1
4219,2024-06-24 19:00:00,42.35,grocery,pos,CA,55,3,0,0
4220,2024-06-24 20:00:00,95.28,restaurant,mobile,CA,59,157,0,0
4221,2024-06-24 21:00:00,196.03,ecommerce,pos,FR,65,196,0,0
4222,2024-06-24 22:00:00,119.5,fuel,pos,CA,30,175,0,0
4223,2024-06-24 23:00:00,226.07,travel,web,US,73,80,1,0
4224,2024-06-25 00:00:00,3.61,restaurant,pos,CA,76,69,1,0
4225,2024-06-25 01:00:00,166.79,fuel,web,CA,80,21,1,0
4226,2024-06-25 02:00:00,288.19,restaurant,pos,FR,60,232,1,0
4227,2024-06-25 03:00:00,157.77,grocery,pos,CA,74,42,1,0
4228,2024-06-25 04:00:00,144.89,restaurant,mobile,CA,38,118,1,1
4229,2024-06-25 05:00:00,120.77,travel,pos,CA,71,21,1,0
4230,2024-06-25 06:00:00,21.38,ecommerce,web,IN,70,130,0,0
4231,2024-06-25 07:00:00,242.0,grocery,mobile,CA,62,206,0,0
4232,2024-06-25 08:00:00,65.02,grocery,pos,CA,53,197,0,0
4233,2024-06-25 09:00:00,165.4,travel,mobile,CA,80,135,0,0
4234,2024-06-25 10:00:00,20.67,travel,pos,GB,18,203,0,1
4235,2024-06-25 11:00:00,13.85,fuel,web,CA,84,35,0,0
4236,2024-06-25 12:00:00,249.16,ecommerce,mobile,MX,50,30,0,0
4237,2024-06-25 13:00:00,88.74,restaurant,mobile,GB,49,172,0,0
4238,2024-06-25 14:00:00,250.79,fuel,web,CA,75,174,0,0
4239,2024-06-25 15:00:00,112.96,restaurant,web,CA,43,55,0,0
4240,2024-06-25 16:00:00,45.77,restaurant,web,CA,78,1,0,0
4241,2024-06-25 17:00:00,200.29,restaurant,pos,CA,34,125,0,0
4242,2024-06-25 18:00:00,66.91,fuel,mobile,CA,46,182,0,0
4243,2024-06-25 19:00:00,182.88,grocery,pos,CA,80,208,0,0
4244,2024-06-25 20:00:00,122.27,travel,web,CA,23,111,0,0
4245,2024-06-25 21:00:00,18.88,grocery,web,IN,76,129,0,0
4246,2024-06-25 22:00:00,134.79,ecommerce,mobile,CA,38,63,0,0
4247,2024-06-25 23:00:00,317.66,fuel,web,US,62,183,1,0
4248,2024-06-26 00:00:00,164.37,ecommerce,mobile,CA,62,86,1,0
4249,2024-06-26 01:00:00,114.82,travel,pos,CA,52,77,1,0
4250,2024-06-26 02:00:00,216.78,travel,pos,CA,69,122,1,0
4251,2024-06-26 03:00:00,138.96,electronics,web,CA,63,155,1,0
4252,2024-06-26 04:00:00,138.86,ecommerce,web,CA,83,15,1,0
4253,2024-06-26 05:00:00,21.75,grocery,web,CA,74,127,1,0
4254,2024-06-26 06:00:00,141.05,ecommerce,mobile,CA,59,209,0,0
4255,2024-06-26 07:00:00,213.19,fuel,pos,US,33,137,0,0
4256,2024-06-26 08:00:00,44.75,travel,web,CA,22,69,0,0
4257,2024-06-26 09:00:00,248.2,travel,pos,GB,18,59,0,0
4258,2024-06-26 10:00:00,111.75,ecommerce,pos,US,39,151,0,0
4259,2024-06-26 11:00:00,40.1,ecommerce,pos,CA,65,108,0,0
4260,2024-06-26 12:00:00,209.79,restaurant,mobile,CA,43,113,0,0
4261,2024-06-26 13:00:00,94.19,ecommerce,web,CA,51,107,0,0
4262,2024-06-26 14:00:00,188.36,restaurant,pos,CA,75,139,0,0
4263,2024-06-26 15:00:00,93.74,fuel,web,CA,24,24,0,0
4264,2024-06-26 16:00:00,114.62,fuel,pos,FR,42,72,0,0
4265,2024-06-26 17:00:00,164.42,grocery,mobile,CA,74,111,0,0
4266,2024-06-26 18:00:00,146.18,ecommerce,web,US,29,226,0,0
4267,2024-06-26 19:00:00,59.6,grocery,pos,CA,48,182,0,0
4268,2024-06-26 20:00:00,19.09,electronics,atm,CA,44,106,0,0
4269,2024-06-26 21:00:00,203.65,fuel,pos,US,51,159,0,0
4270,2024-06-26 22:00:00,108.11,travel,mobile,CA,51,150,0,0
4271,2024-06-26 23:00:00,72.86,restaurant,web,MX,54,14,1,1
4272,2024-06-27 00:00:00,2.27,electronics,pos,CA,75,5,1,0
4273,2024-06-27 01:00:00,22.82,travel,mobile,MX,77,127,1,0
4274,2024-06-27 02:00:00,61.96,electronics,pos,US,43,17,1,1
4275,2024-06-27 03:00:00,110.88,grocery,mobile,CA,62,82,1,0
4276,2024-06-27 04:00:00,66.14,grocery,pos,MX,62,211,1,0
4277,2024-06-27 05:00:00,33.01,restaurant,pos,CA,49,71,1,0
4278,2024-06-27 06:00:00,113.87,fuel,web,CA,40,90,0,0
4279,2024-06-27 07:00:00,152.76,restaurant,pos,CA,82,217,0,0
4280,2024-06-27 08:00:00,308.39,travel,web,CA,56,210,0,0
4281,2024-06-27 09:00:00,16.07,electronics,mobile,CA,84,172,0,0
4282,2024-06-27 10:00:00,224.34,restaurant,mobile,MX,62,79,0,0
4283,2024-06-27 11:00:00,207.58,ecommerce,pos,CA,84,93,0,0
4284,2024-06-27 12:00:00,49.88,ecommerce,mobile,GB,80,238,0,0
4285,2024-06-27 13:00:00,138.29,fuel,mobile,GB,71,234,0,0
4286,2024-06-27 14:00:00,78.81,restaurant,pos,CA,44,177,0,0
4287,2024-06-27 15:00:00,136.71,travel,web,GB,53,65,0,0
4288,2024-06-27 16:00:00,255.82,ecommerce,pos,US,22,132,0,0
4289,2024-06-27 17:00:00,174.5,fuel,mobile,CA,84,9,0,0
4290,2024-06-27 18:00:00,165.77,restaurant,mobile,CA,68,36,0,0
4291,2024-06-27 19:00:00,81.27,fuel,mobile,CA,49,179,0,0
4292,2024-06-27 20:00:00,13.57,travel,mobile,CA,38,122,0,0
4293,2024-06-27 21:00:00,101.24,ecommerce,pos,CA,34,160,0,0
4294,2024-06-27 22:00:00,228.59,ecommerce,pos,CA,43,88,0,0
4295,2024-06-27 23:00:00,17.45,ecommerce,pos,CA,39,121,1,0
4296,2024-06-28 00:00:00,25.04,grocery,pos,FR,58,229,1,0
4297,2024-06-28 01:00:00,131.36,ecommerce,web,CA,76,146,1,0
4298,2024-06-28 02:00:00,31.38,electronics,mobile,CA,27,143,1,0
4299,2024-06-28 03:00:00,48.67,grocery,pos,CA,22,20,1,0
4300,2024-06-28 04:00:00,81.88,restaurant,web,CA,72,58,1,0
4301,2024-06-28 05:00:00,2.91,grocery,mobile,CA,43,40,1,0
4302,2024-06-28 06:00:00,32.33,grocery,pos,CA,21,66,0,0
4303,2024-06-28 07:00:00,183.31,grocery,pos,FR,44,89,0,0
4304,2024-06-28 08:00:00,2.34,fuel,web,CA,75,141,0,0
4305,2024-06-28 09:00:00,23.81,electronics,web,CA,20,219,0,0
4306,2024-06-28 10:00:00,63.3,travel,mobile,CA,67,13,0,0
4307,2024-06-28 11:00:00,185.88,ecommerce,pos,GB,43,62,0,0
4308,2024-06-28 12:00:00,102.28,grocery,mobile,CA,35,156,0,0
4309,2024-06-28 13:00:00,78.19,travel,web,CA,24,46,0,0
4310,2024-06-28 14:00:00,123.99,fuel,pos,US,62,143,0,0
4311,2024-06-28 15:00:00,37.11,travel,pos,CA,30,93,0,0
4312,2024-06-28 16:00:00,164.52,grocery,pos,CA,23,213,0,0
4313,2024-06-28 17:00:00,154.51,restaurant,pos,CA,52,172,0,0
4314,2024-06-28 18:00:00,83.16,electronics,pos,CA,70,223,0,0
4315,2024-06-28 19:00:00,210.53,travel,web,CA,59,23,0,0
4316,2024-06-28 20:00:00,18.53,grocery,web,CA,21,101,0,0
4317,2024-06-28 21:00:00,221.51,grocery,web,US,77,67,0,0
4318,2024-06-28 22:00:00,133.9,ecommerce,pos,CA,62,114,0,0
4319,2024-06-28 23:00:00,89.71,restaurant,web,CA,83,227,1,0
4320,2024-06-29 00:00:00,118.21,ecommerce,web,FR,39,206,1,0
4321,2024-06-29 01:00:00,110.35,restaurant,mobile,FR,29,66,1,0
4322,2024-06-29 02:00:00,229.83,electronics,mobile,IN,68,50,1,0
4323,2024-06-29 03:00:00,23.1,ecommerce,mobile,CA,34,141,1,0
4324,2024-06-29 04:00:00,51.37,electronics,mobile,CA,53,2,1,0
4325,2024-06-29 05:00:00,213.27,fuel,pos,MX,66,204,1,0
4326,2024-06-29 06:00:00,66.4,fuel,pos,CA,33,219,0,0
4327,2024-06-29 07:00:00,201.05,restaurant,mobile,CA,61,34,0,0
4328,2024-06-29 08:00:00,272.95,restaurant,web,CA,39,40,0,0
4329,2024-06-29 09:00:00,83.84,ecommerce,web,CA,25,69,0,0
4330,2024-06-29 10:00:00,181.32,fuel,mobile,CA,35,189,0,0
4331,2024-06-29 11:00:00,16.17,travel,web,US,55,153,0,0
4332,2024-06-29 12:00:00,187.93,travel,pos,CA,46,203,0,0
4333,2024-06-29 13:00:00,137.95,travel,pos,CA,19,77,0,0
4334,2024-06-29 14:00:00,162.57,fuel,pos,CA,76,191,0,0
4335,2024-06-29 15:00:00,61.9,travel,mobile,CA,59,28,0,0
4336,2024-06-29 16:00:00,29.5,electronics,web,IN,38,213,0,1
4337,2024-06-29 17:00:00,165.29,grocery,mobile,FR,19,113,0,0
4338,2024-06-29 18:00:00,65.71,restaurant,mobile,CA,22,56,0,0
4339,2024-06-29 19:00:00,91.44,ecommerce,pos,FR,34,112,0,0
4340,2024-06-29 20:00:00,204.71,electronics,pos,CA,41,154,0,0
4341,2024-06-29 21:00:00,137.27,travel,web,CA,25,155,0,0
4342,2024-06-29 22:00:00,295.35,grocery,mobile,CA,47,26,0,0
4343,2024-06-29 23:00:00,212.26,ecommerce,pos,GB,67,15,1,0
4344,2024-06-30 00:00:00,61.15,electronics,mobile,CA,39,50,1,0
4345,2024-06-30 01:00:00,122.46,ecommerce,pos,CA,76,134,1,1
4346,2024-06-30 02:00:00,115.74,restaurant,pos,CA,41,68,1,0
4347,2024-06-30 03:00:00,22.4,fuel,mobile,CA,43,132,1,0
4348,2024-06-30 04:00:00,35.36,travel,pos,CA,78,158,1,0
4349,2024-06-30 05:00:00,69.53,electronics,mobile,CA,25,77,1,0
4350,2024-06-30 06:00:00,63.26,electronics,pos,US,29,9,0,0
4351,2024-06-30 07:00:00,124.27,grocery,mobile,CA,31,170,0,0
4352,2024-06-30 08:00:00,97.58,grocery,mobile,CA,47,14,0,0
4353,2024-06-30 09:00:00,30.56,grocery,mobile,US,72,220,0,0
4354,2024-06-30 10:00:00,156.38,ecommerce,pos,CA,78,40,0,0
4355,2024-06-30 11:00:00,184.43,travel,pos,US,79,131,0,0
4356,2024-06-30 12:00:00,140.43,ecommerce,web,IN,48,169,0,0
4357,2024-06-30 13:00:00,90.83,travel,pos,IN,44,221,0,0
4358,2024-06-30 14:00:00,173.23,electronics,web,CA,18,33,0,0
4359,2024-06-30 15:00:00,181.22,ecommerce,web,CA,58,79,0,0
4360,2024-06-30 16:00:00,147.67,ecommerce,pos,CA,31,239,0,0
4361,2024-06-30 17:00:00,45.78,ecommerce,mobile,CA,67,60,0,0
4362,2024-06-30 18:00:00,144.89,fuel,mobile,IN,59,64,0,1
4363,2024-06-30 19:00:00,227.59,restaurant,atm,CA,57,62,0,0
4364,2024-06-30 20:00:00,66.3,travel,pos,CA,31,231,0,0
4365,2024-06-30 21:00:00,308.81,travel,pos,US,28,79,0,0
4366,2024-06-30 22:00:00,72.69,ecommerce,pos,CA,80,135,0,0
4367,2024-06-30 23:00:00,122.92,fuel,pos,CA,66,237,1,0
4368,2024-07-01 00:00:00,59.48,ecommerce,pos,GB,54,76,1,0
4369,2024-07-01 01:00:00,140.09,travel,atm,CA,27,50,1,0
4370,2024-07-01 02:00:00,36.8,restaurant,pos,CA,71,39,1,0
4371,2024-07-01 03:00:00,70.86,restaurant,pos,CA,24,199,1,0
4372,2024-07-01 04:00:00,21.71,electronics,pos,US,29,175,1,0
4373,2024-07-01 05:00:00,132.18,fuel,pos,CA,72,105,1,0
4374,2024-07-01 06:00:00,209.5,restaurant,pos,CA,53,70,0,0
4375,2024-07-01 07:00:00,178.14,fuel,web,CA,24,26,0,0
4376,2024-07-01 08:00:00,93.45,ecommerce,web,CA,41,58,0,0
4377,2024-07-01 09:00:00,303.79,electronics,pos,CA,51,73,0,0
4378,2024-07-01 10:00:00,146.58,travel,pos,CA,82,179,0,0
4379,2024-07-01 11:00:00,50.12,restaurant,web,CA,46,216,0,0
4380,2024-07-01 12:00:00,134.14,restaurant,pos,US,43,52,0,0
4381,2024-07-01 13:00:00,135.86,grocery,pos,US,82,222,0,0
4382,2024-07-01 14:00:00,59.98,travel,mobile,CA,62,144,0,0
4383,2024-07-01 15:00:00,137.81,restaurant,web,US,34,48,0,0
4384,2024-07-01 16:00:00,65.33,restaurant,web,CA,53,27,0,1
4385,2024-07-01 17:00:00,83.61,travel,mobile,GB,80,161,0,0
4386,2024-07-01 18:00:00,58.23,electronics,web,MX,40,151,0,1
4387,2024-07-01 19:00:00,8.94,fuel,mobile,CA,83,173,0,0
4388,2024-07-01 20:00:00,133.13,travel,mobile,CA,59,211,0,0
4389,2024-07-01 21:00:00,172.68,fuel,pos,CA,60,100,0,0
4390,2024-07-01 22:00:00,166.34,electronics,mobile,CA,72,211,0,0
4391,2024-07-01 23:00:00,193.79,electronics,pos,CA,73,22,1,0
4392,2024-07-02 00:00:00,149.19,ecommerce,pos,CA,48,42,1,0
4393,2024-07-02 01:00:00,72.05,grocery,mobile,US,73,109,1,0
4394,2024-07-02 02:00:00,195.57,electronics,mobile,US,65,33,1,0
4395,2024-07-02 03:00:00,2.18,electronics,mobile,CA,69,109,1,0
4396,2024-07-02 04:00:00,38.94,fuel,pos,CA,18,138,1,0
4397,2024-07-02 05:00:00,33.22,electronics,web,CA,19,47,1,0
4398,2024-07-02 06:00:00,217.21,travel,web,MX,59,96,0,1
4399,2024-07-02 07:00:00,204.85,ecommerce,pos,CA,26,125,0,0
4400,2024-07-02 08:00:00,163.86,ecommerce,atm,CA,48,79,0,0
4401,2024-07-02 09:00:00,216.47,travel,pos,CA,19,39,0,0
4402,2024-07-02 10:00:00,40.86,restaurant,pos,CA,41,122,0,0
4403,2024-07-02 11:00:00,151.37,electronics,pos,FR,60,46,0,0
4404,2024-07-02 12:00:00,108.73,grocery,pos,CA,60,72,0,0
4405,2024-07-02 13:00:00,196.22,electronics,mobile,GB,68,51,0,0
4406,2024-07-02 14:00:00,109.63,ecommerce,pos,CA,63,25,0,0
4407,2024-07-02 15:00:00,85.36,grocery,mobile,US,18,82,0,0
4408,2024-07-02 16:00:00,168.68,restaurant,pos,CA,84,143,0,0
4409,2024-07-02 17:00:00,198.86,fuel,web,CA,18,58,0,0
4410,2024-07-02 18:00:00,59.85,fuel,mobile,CA,80,187,0,0
4411,2024-07-02 19:00:00,114.5,electronics,pos,CA,79,26,0,0
4412,2024-07-02 20:00:00,24.74,electronics,web,CA,78,41,0,0
4413,2024-07-02 21:00:00,104.83,grocery,mobile,CA,57,44,0,0
4414,2024-07-02 22:00:00,138.04,grocery,web,GB,46,85,0,1
4415,2024-07-02 23:00:00,174.8,restaurant,web,CA,52,22,1,0
4416,2024-07-03 00:00:00,143.59,electronics,mobile,CA,28,110,1,0
4417,2024-07-03 01:00:00,55.46,ecommerce,atm,FR,28,226,1,0
4418,2024-07-03 02:00:00,88.42,fuel,pos,CA,80,37,1,0
4419,2024-07-03 03:00:00,79.65,restaurant,mobile,CA,73,118,1,0
4420,2024-07-03 04:00:00,243.27,grocery,pos,GB,24,101,1,0
4421,2024-07-03 05:00:00,22.26,ecommerce,pos,IN,68,142,1,0
4422,2024-07-03 06:00:00,232.99,electronics,pos,CA,56,4,0,0
4423,2024-07-03 07:00:00,205.13,travel,atm,US,59,24,0,0
4424,2024-07-03 08:00:00,38.95,grocery,web,CA,70,194,0,0
4425,2024-07-03 09:00:00,18.05,restaurant,pos,CA,38,191,0,0
4426,2024-07-03 10:00:00,151.53,travel,pos,CA,47,65,0,1
4427,2024-07-03 11:00:00,44.01,ecommerce,mobile,CA,18,66,0,1
4428,2024-07-03 12:00:00,129.22,fuel,pos,CA,41,13,0,0
4429,2024-07-03 13:00:00,76.55,ecommerce,pos,CA,23,27,0,0
4430,2024-07-03 14:00:00,40.3,fuel,mobile,CA,23,116,0,0
4431,2024-07-03 15:00:00,80.74,ecommerce,web,CA,79,81,0,0
4432,2024-07-03 16:00:00,140.4,grocery,pos,CA,52,121,0,0
4433,2024-07-03 17:00:00,69.46,grocery,web,GB,52,109,0,0
4434,2024-07-03 18:00:00,70.22,restaurant,mobile,CA,65,145,0,0
4435,2024-07-03 19:00:00,182.63,travel,mobile,MX,60,69,0,0
4436,2024-07-03 20:00:00,225.61,ecommerce,pos,FR,52,216,0,0
4437,2024-07-03 21:00:00,95.47,ecommerce,pos,CA,22,57,0,0
4438,2024-07-03 22:00:00,89.35,travel,pos,US,48,72,0,0
4439,2024-07-03 23:00:00,165.01,electronics,web,CA,48,108,1,0
4440,2024-07-04 00:00:00,2.12,restaurant,mobile,FR,25,73,1,0
4441,2024-07-04 01:00:00,140.08,ecommerce,pos,CA,23,18,1,0
4442,2024-07-04 02:00:00,169.67,restaurant,mobile,CA,70,16,1,0
4443,2024-07-04 03:00:00,181.22,ecommerce,mobile,CA,61,179,1,0
4444,2024-07-04 04:00:00,54.31,ecommerce,mobile,CA,66,96,1,0
4445,2024-07-04 05:00:00,51.48,electronics,mobile,CA,25,40,1,0
4446,2024-07-04 06:00:00,40.96,grocery,web,US,81,39,0,0
4447,2024-07-04 07:00:00,128.99,restaurant,pos,CA,21,56,0,0
4448,2024-07-04 08:00:00,163.27,travel,mobile,CA,49,117,0,0
4449,2024-07-04 09:00:00,254.7,restaurant,mobile,CA,70,233,0,0
4450,2024-07-04 10:00:00,75.45,electronics,pos,MX,84,54,0,0
4451,2024-07-04 11:00:00,75.22,fuel,mobile,CA,80,172,0,0
4452,2024-07-04 12:00:00,223.47,fuel,pos,US,77,46,0,0
4453,2024-07-04 13:00:00,146.69,electronics,pos,GB,50,160,0,0
4454,2024-07-04 14:00:00,234.09,electronics,pos,CA,39,234,0,0
4455,2024-07-04 15:00:00,145.99,grocery,atm,US,48,176,0,0
4456,2024-07-04 16:00:00,15.86,restaurant,web,CA,41,189,0,0
4457,2024-07-04 17:00:00,0.02,restaurant,pos,US,20,194,0,0
4458,2024-07-04 18:00:00,19.64,fuel,atm,CA,50,166,0,0
4459,2024-07-04 19:00:00,179.58,travel,mobile,FR,43,43,0,0
4460,2024-07-04 20:00:00,226.97,restaurant,mobile,CA,68,4,0,1
4461,2024-07-04 21:00:00,286.44,ecommerce,pos,CA,47,5,0,0
4462,2024-07-04 22:00:00,195.88,ecommerce,pos,CA,52,229,0,0
4463,2024-07-04 23:00:00,224.66,grocery,web,CA,42,113,1,0
4464,2024-07-05 00:00:00,67.8,grocery,mobile,CA,45,58,1,0
4465,2024-07-05 01:00:00,15.92,fuel,web,CA,43,37,1,0
4466,2024-07-05 02:00:00,196.51,travel,web,GB,25,154,1,1
4467,2024-07-05 03:00:00,157.59,travel,mobile,CA,32,235,1,0
4468,2024-07-05 04:00:00,129.67,electronics,pos,CA,66,9,1,0
4469,2024-07-05 05:00:00,154.86,grocery,mobile,CA,25,15,1,1
4470,2024-07-05 06:00:00,149.09,restaurant,pos,CA,72,88,0,0
4471,2024-07-05 07:00:00,235.54,ecommerce,pos,GB,75,216,0,0
4472,2024-07-05 08:00:00,236.55,restaurant,pos,CA,20,99,0,0
4473,2024-07-05 09:00:00,168.98,ecommerce,mobile,CA,26,105,0,0
4474,2024-07-05 10:00:00,196.12,fuel,mobile,CA,31,217,0,0
4475,2024-07-05 11:00:00,166.27,ecommerce,pos,CA,37,154,0,0
4476,2024-07-05 12:00:00,78.49,restaurant,pos,US,21,191,0,0
4477,2024-07-05 13:00:00,188.09,restaurant,pos,CA,41,215,0,0
4478,2024-07-05 14:00:00,5.5,travel,mobile,IN,45,198,0,0
4479,2024-07-05 15:00:00,214.85,travel,mobile,CA,48,105,0,0
4480,2024-07-05 16:00:00,12.49,grocery,atm,US,84,27,0,0
4481,2024-07-05 17:00:00,145.72,restaurant,mobile,IN,81,182,0,0
4482,2024-07-05 18:00:00,43.94,fuel,pos,CA,34,83,0,0
4483,2024-07-05 19:00:00,169.81,ecommerce,pos,US,23,159,0,0
4484,2024-07-05 20:00:00,116.95,grocery,web,CA,77,230,0,0
4485,2024-07-05 21:00:00,23.53,electronics,pos,CA,28,235,0,0
4486,2024-07-05 22:00:00,157.86,electronics,pos,CA,55,32,0,0
4487,2024-07-05 23:00:00,67.99,ecommerce,pos,CA,51,130,1,0
4488,2024-07-06 00:00:00,199.3,ecommerce,mobile,CA,64,18,1,0
4489,2024-07-06 01:00:00,120.12,ecommerce,web,CA,49,28,1,0
4490,2024-07-06 02:00:00,155.59,travel,pos,GB,74,71,1,0
4491,2024-07-06 03:00:00,33.82,ecommerce,web,FR,63,215,1,0
4492,2024-07-06 04:00:00,66.96,electronics,pos,CA,52,117,1,0
4493,2024-07-06 05:00:00,78.72,ecommerce,mobile,CA,39,100,1,0
4494,2024-07-06 06:00:00,197.1,restaurant,mobile,MX,33,88,0,0
4495,2024-07-06 07:00:00,270.96,fuel,pos,MX,22,92,0,0
4496,2024-07-06 08:00:00,47.53,electronics,web,CA,43,153,0,0
4497,2024-07-06 09:00:00,216.92,fuel,web,CA,41,39,0,0
4498,2024-07-06 10:00:00,75.27,electronics,pos,MX,84,177,0,0
4499,2024-07-06 11:00:00,12.52,grocery,pos,MX,49,132,0,0
4500,2024-07-06 12:00:00,33.71,restaurant,atm,CA,40,237,0,0
4501,2024-07-06 13:00:00,1.73,electronics,pos,FR,66,52,0,0
4502,2024-07-06 14:00:00,22.52,restaurant,web,CA,79,122,0,0
4503,2024-07-06 15:00:00,157.17,electronics,mobile,IN,83,211,0,0
4504,2024-07-06 16:00:00,100.73,fuel,pos,CA,28,68,0,0
4505,2024-07-06 17:00:00,154.15,fuel,pos,CA,35,57,0,0
4506,2024-07-06 18:00:00,182.14,electronics,mobile,CA,27,13,0,0
4507,2024-07-06 19:00:00,143.91,electronics,pos,GB,77,193,0,1
4508,2024-07-06 20:00:00,179.2,travel,mobile,CA,25,63,0,1
4509,2024-07-06 21:00:00,113.74,restaurant,mobile,US,65,226,0,0
4510,2024-07-06 22:00:00,13.17,restaurant,mobile,CA,58,71,0,0
4511,2024-07-06 23:00:00,215.2,restaurant,atm,US,25,153,1,1
4512,2024-07-07 00:00:00,66.98,restaurant,mobile,CA,54,23,1,0
4513,2024-07-07 01:00:00,35.8,grocery,mobile,CA,54,30,1,0
4514,2024-07-07 02:00:00,103.99,grocery,mobile,CA,81,113,1,0
4515,2024-07-07 03:00:00,37.85,ecommerce,mobile,CA,76,189,1,0
4516,2024-07-07 04:00:00,82.43,electronics,atm,US,62,135,1,0
4517,2024-07-07 05:00:00,150.96,electronics,mobile,CA,33,54,1,0
4518,2024-07-07 06:00:00,151.35,electronics,pos,CA,43,109,0,0
4519,2024-07-07 07:00:00,39.2,electronics,mobile,CA,48,145,0,0
4520,2024-07-07 08:00:00,76.11,restaurant,pos,CA,44,97,0,0
4521,2024-07-07 09:00:00,216.69,restaurant,pos,CA,60,60,0,0
4522,2024-07-07 10:00:00,164.68,grocery,pos,CA,32,66,0,0
4523,2024-07-07 11:00:00,306.76,fuel,mobile,CA,75,166,0,0
4524,2024-07-07 12:00:00,226.21,travel,pos,CA,66,236,0,0
4525,2024-07-07 13:00:00,222.99,restaurant,mobile,CA,42,141,0,0
4526,2024-07-07 14:00:00,4.91,restaurant,web,CA,53,52,0,0
4527,2024-07-07 15:00:00,188.75,restaurant,pos,CA,64,180,0,0
4528,2024-07-07 16:00:00,115.22,fuel,web,US,76,32,0,0
4529,2024-07-07 17:00:00,70.41,fuel,mobile,GB,69,214,0,0
4530,2024-07-07 18:00:00,135.12,grocery,mobile,CA,57,9,0,0
4531,2024-07-07 19:00:00,205.07,restaurant,pos,CA,60,17,0,0
4532,2024-07-07 20:00:00,165.07,travel,pos,CA,73,126,0,0
4533,2024-07-07 21:00:00,40.94,electronics,mobile,MX,20,82,0,0
4534,2024-07-07 22:00:00,186.82,restaurant,pos,CA,29,40,0,0
4535,2024-07-07 23:00:00,62.62,grocery,pos,MX,82,104,1,0
4536,2024-07-08 00:00:00,139.5,grocery,pos,CA,60,219,1,0
4537,2024-07-08 01:00:00,92.7,travel,mobile,CA,63,203,1,0
4538,2024-07-08 02:00:00,100.3,ecommerce,pos,CA,77,182,1,0
4539,2024-07-08 03:00:00,188.96,grocery,web,CA,78,128,1,0
4540,2024-07-08 04:00:00,26.38,fuel,atm,CA,66,182,1,0
4541,2024-07-08 05:00:00,295.07,fuel,mobile,CA,42,156,1,0
4542,2024-07-08 06:00:00,43.9,electronics,pos,US,20,200,0,0
4543,2024-07-08 07:00:00,66.21,grocery,web,GB,80,178,0,0
4544,2024-07-08 08:00:00,153.32,electronics,pos,CA,47,18,0,0
4545,2024-07-08 09:00:00,172.59,grocery,pos,CA,21,141,0,0
4546,2024-07-08 10:00:00,110.96,travel,pos,GB,38,161,0,0
4547,2024-07-08 11:00:00,114.83,restaurant,pos,CA,18,143,0,0
4548,2024-07-08 12:00:00,156.95,grocery,web,CA,77,214,0,0
4549,2024-07-08 13:00:00,99.2,ecommerce,mobile,CA,51,166,0,0
4550,2024-07-08 14:00:00,245.39,fuel,mobile,CA,20,222,0,0
4551,2024-07-08 15:00:00,195.54,travel,pos,GB,35,6,0,1
4552,2024-07-08 16:00:00,198.55,restaurant,web,CA,60,45,0,0
4553,2024-07-08 17:00:00,33.05,restaurant,pos,CA,58,187,0,0
4554,2024-07-08 18:00:00,112.86,fuel,web,CA,41,98,0,0
4555,2024-07-08 19:00:00,92.96,restaurant,pos,CA,41,119,0,0
4556,2024-07-08 20:00:00,29.5,electronics,mobile,GB,20,211,0,1
4557,2024-07-08 21:00:00,152.41,travel,mobile,CA,76,225,0,0
4558,2024-07-08 22:00:00,71.61,ecommerce,pos,CA,75,78,0,0
4559,2024-07-08 23:00:00,178.99,fuel,mobile,IN,41,48,1,0
4560,2024-07-09 00:00:00,23.68,grocery,web,CA,83,111,1,0
4561,2024-07-09 01:00:00,274.71,grocery,web,CA,57,169,1,0
4562,2024-07-09 02:00:00,39.33,grocery,web,CA,26,83,1,0
4563,2024-07-09 03:00:00,139.74,travel,mobile,CA,77,104,1,0
4564,2024-07-09 04:00:00,191.27,ecommerce,mobile,CA,56,207,1,0
4565,2024-07-09 05:00:00,68.64,restaurant,mobile,CA,50,74,1,0
4566,2024-07-09 06:00:00,196.72,ecommerce,web,CA,51,55,0,0
4567,2024-07-09 07:00:00,9.37,ecommerce,mobile,CA,79,61,0,0
4568,2024-07-09 08:00:00,250.69,fuel,atm,CA,78,2,0,0
4569,2024-07-09 09:00:00,121.27,travel,pos,CA,44,116,0,0
4570,2024-07-09 10:00:00,66.32,grocery,pos,CA,34,2,0,0
4571,2024-07-09 11:00:00,93.07,fuel,mobile,GB,77,213,0,0
4572,2024-07-09 12:00:00,192.8,restaurant,atm,MX,59,76,0,0
4573,2024-07-09 13:00:00,67.4,ecommerce,pos,CA,64,10,0,0
4574,2024-07-09 14:00:00,52.56,grocery,web,FR,70,76,0,0
4575,2024-07-09 15:00:00,100.06,travel,pos,CA,38,167,0,0
4576,2024-07-09 16:00:00,14.07,electronics,mobile,CA,25,2,0,0
4577,2024-07-09 17:00:00,283.85,ecommerce,mobile,US,75,121,0,0
4578,2024-07-09 18:00:00,69.02,ecommerce,web,CA,80,65,0,0
4579,2024-07-09 19:00:00,194.85,ecommerce,web,CA,76,194,0,0
4580,2024-07-09 20:00:00,138.85,ecommerce,mobile,CA,47,215,0,0
4581,2024-07-09 21:00:00,31.39,grocery,pos,CA,42,220,0,0
4582,2024-07-09 22:00:00,119.46,travel,mobile,CA,73,81,0,0
4583,2024-07-09 23:00:00,190.56,fuel,pos,CA,51,180,1,0
4584,2024-07-10 00:00:00,103.06,grocery,web,CA,67,232,1,0
4585,2024-07-10 01:00:00,227.38,travel,web,CA,19,85,1,0
4586,2024-07-10 02:00:00,211.94,fuel,web,CA,70,44,1,0
4587,2024-07-10 03:00:00,202.7,ecommerce,mobile,CA,58,34,1,0
4588,2024-07-10 04:00:00,78.63,travel,atm,CA,40,73,1,0
4589,2024-07-10 05:00:00,22.81,ecommerce,mobile,CA,78,209,1,0
4590,2024-07-10 06:00:00,64.78,travel,pos,MX,48,106,0,0
4591,2024-07-10 07:00:00,137.66,restaurant,pos,CA,83,173,0,0
4592,2024-07-10 08:00:00,169.12,electronics,web,US,19,160,0,0
4593,2024-07-10 09:00:00,75.44,ecommerce,mobile,GB,77,5,0,0
4594,2024-07-10 10:00:00,119.27,ecommerce,web,IN,40,206,0,0
4595,2024-07-10 11:00:00,134.23,ecommerce,atm,CA,74,110,0,0
4596,2024-07-10 12:00:00,95.02,restaurant,atm,CA,52,239,0,0
4597,2024-07-10 13:00:00,236.21,grocery,web,CA,18,217,0,0
4598,2024-07-10 14:00:00,157.96,fuel,mobile,CA,65,214,0,0
4599,2024-07-10 15:00:00,237.92,ecommerce,atm,CA,66,191,0,0
4600,2024-07-10 16:00:00,100.56,ecommerce,mobile,CA,57,69,0,0
4601,2024-07-10 17:00:00,204.37,grocery,mobile,CA,79,54,0,0
4602,2024-07-10 18:00:00,267.16,grocery,mobile,CA,32,38,0,0
4603,2024-07-10 19:00:00,238.05,electronics,pos,CA,47,137,0,0
4604,2024-07-10 20:00:00,21.71,travel,web,IN,38,61,0,0
4605,2024-07-10 21:00:00,97.17,ecommerce,pos,IN,25,95,0,0
4606,2024-07-10 22:00:00,88.94,travel,pos,CA,24,233,0,0
4607,2024-07-10 23:00:00,164.03,grocery,mobile,CA,51,21,1,0
4608,2024-07-11 00:00:00,181.77,grocery,web,FR,81,36,1,0
4609,2024-07-11 01:00:00,44.5,electronics,pos,CA,59,1,1,1
4610,2024-07-11 02:00:00,126.11,fuel,pos,CA,70,150,1,1
4611,2024-07-11 03:00:00,61.79,restaurant,atm,CA,27,215,1,1
4612,2024-07-11 04:00:00,249.78,restaurant,mobile,CA,75,215,1,0
4613,2024-07-11 05:00:00,73.89,restaurant,pos,US,21,143,1,0
4614,2024-07-11 06:00:00,125.03,grocery,atm,MX,25,46,0,0
4615,2024-07-11 07:00:00,92.13,ecommerce,pos,CA,29,65,0,0
4616,2024-07-11 08:00:00,223.14,electronics,mobile,GB,42,6,0,1
4617,2024-07-11 09:00:00,135.38,fuel,mobile,CA,44,168,0,0
4618,2024-07-11 10:00:00,118.51,restaurant,mobile,CA,19,163,0,0
4619,2024-07-11 11:00:00,110.48,electronics,mobile,CA,72,81,0,1
4620,2024-07-11 12:00:00,79.17,grocery,pos,CA,75,189,0,0
4621,2024-07-11 13:00:00,275.36,restaurant,web,US,50,151,0,0
4622,2024-07-11 14:00:00,40.14,fuel,pos,MX,66,148,0,0
4623,2024-07-11 15:00:00,189.46,travel,web,CA,22,28,0,1
4624,2024-07-11 16:00:00,152.06,fuel,web,CA,64,165,0,1
4625,2024-07-11 17:00:00,233.54,ecommerce,pos,CA,41,210,0,0
4626,2024-07-11 18:00:00,59.95,restaurant,web,GB,61,135,0,0
4627,2024-07-11 19:00:00,54.03,restaurant,pos,CA,31,49,0,0
4628,2024-07-11 20:00:00,218.65,travel,web,CA,53,239,0,0
4629,2024-07-11 21:00:00,158.28,travel,mobile,CA,68,212,0,0
4630,2024-07-11 22:00:00,19.04,restaurant,web,CA,23,24,0,0
4631,2024-07-11 23:00:00,71.46,ecommerce,atm,CA,34,80,1,0
4632,2024-07-12 00:00:00,154.77,travel,pos,FR,68,13,1,0
4633,2024-07-12 01:00:00,195.4,grocery,web,CA,69,92,1,0
4634,2024-07-12 02:00:00,58.87,restaurant,web,CA,29,135,1,0
4635,2024-07-12 03:00:00,142.28,fuel,pos,MX,18,15,1,0
4636,2024-07-12 04:00:00,167.09,fuel,pos,MX,28,87,1,0
4637,2024-07-12 05:00:00,10.17,ecommerce,mobile,CA,33,151,1,0
4638,2024-07-12 06:00:00,61.56,grocery,web,CA,26,124,0,0
4639,2024-07-12 07:00:00,134.91,travel,web,IN,25,223,0,0
4640,2024-07-12 08:00:00,193.26,restaurant,web,CA,42,69,0,0
4641,2024-07-12 09:00:00,131.58,fuel,mobile,GB,57,91,0,0
4642,2024-07-12 10:00:00,99.69,fuel,pos,CA,84,236,0,0
4643,2024-07-12 11:00:00,245.01,fuel,mobile,CA,40,60,0,0
4644,2024-07-12 12:00:00,177.36,fuel,pos,CA,79,10,0,0
4645,2024-07-12 13:00:00,265.47,electronics,web,MX,40,51,0,0
4646,2024-07-12 14:00:00,5.35,ecommerce,pos,IN,61,64,0,0
4647,2024-07-12 15:00:00,116.89,travel,mobile,CA,73,106,0,0
4648,2024-07-12 16:00:00,25.5,restaurant,mobile,CA,40,199,0,0
4649,2024-07-12 17:00:00,99.36,restaurant,web,CA,26,56,0,0
4650,2024-07-12 18:00:00,97.62,restaurant,pos,US,21,160,0,0
4651,2024-07-12 19:00:00,176.4,travel,web,US,51,151,0,0
4652,2024-07-12 20:00:00,124.1,ecommerce,pos,GB,51,182,0,0
4653,2024-07-12 21:00:00,176.11,grocery,web,CA,59,239,0,0
4654,2024-07-12 22:00:00,183.31,ecommerce,mobile,CA,20,201,0,0
4655,2024-07-12 23:00:00,313.94,fuel,mobile,CA,51,221,1,0
4656,2024-07-13 00:00:00,91.62,fuel,pos,CA,60,91,1,0
4657,2024-07-13 01:00:00,35.31,ecommerce,atm,CA,84,230,1,0
4658,2024-07-13 02:00:00,142.15,ecommerce,mobile,FR,54,85,1,1
4659,2024-07-13 03:00:00,47.79,travel,web,CA,29,107,1,0
4660,2024-07-13 04:00:00,253.38,travel,web,CA,33,198,1,0
4661,2024-07-13 05:00:00,94.51,electronics,mobile,MX,79,218,1,1
4662,2024-07-13 06:00:00,69.1,restaurant,web,MX,34,212,0,0
4663,2024-07-13 07:00:00,77.58,electronics,web,CA,32,189,0,0
4664,2024-07-13 08:00:00,184.66,restaurant,mobile,CA,43,79,0,0
4665,2024-07-13 09:00:00,105.8,fuel,pos,CA,62,109,0,1
4666,2024-07-13 10:00:00,62.25,electronics,mobile,CA,19,102,0,0
4667,2024-07-13 11:00:00,269.88,electronics,web,US,34,148,0,0
4668,2024-07-13 12:00:00,42.94,grocery,web,CA,82,181,0,0
4669,2024-07-13 13:00:00,123.2,ecommerce,pos,CA,47,143,0,0
4670,2024-07-13 14:00:00,178.71,travel,pos,MX,61,29,0,0
4671,2024-07-13 15:00:00,26.82,electronics,web,US,77,70,0,0
4672,2024-07-13 16:00:00,163.22,travel,web,IN,18,80,0,0
4673,2024-07-13 17:00:00,25.04,restaurant,mobile,MX,36,65,0,0
4674,2024-07-13 18:00:00,194.05,electronics,pos,CA,50,190,0,0
4675,2024-07-13 19:00:00,33.36,restaurant,pos,CA,53,198,0,0
4676,2024-07-13 20:00:00,182.35,electronics,web,CA,41,16,0,0
4677,2024-07-13 21:00:00,219.52,fuel,web,CA,42,54,0,0
4678,2024-07-13 22:00:00,197.53,grocery,pos,CA,28,97,0,0
4679,2024-07-13 23:00:00,142.62,restaurant,pos,CA,26,7,1,0
4680,2024-07-14 00:00:00,99.18,ecommerce,mobile,MX,23,60,1,0
4681,2024-07-14 01:00:00,68.12,ecommerce,pos,CA,75,10,1,0
4682,2024-07-14 02:00:00,252.39,fuel,mobile,GB,46,53,1,0
4683,2024-07-14 03:00:00,57.05,fuel,pos,CA,28,8,1,0
4684,2024-07-14 04:00:00,26.66,ecommerce,mobile,CA,40,126,1,0
4685,2024-07-14 05:00:00,179.88,restaurant,pos,CA,43,85,1,0
4686,2024-07-14 06:00:00,48.35,ecommerce,mobile,CA,18,90,0,0
4687,2024-07-14 07:00:00,34.49,grocery,pos,CA,64,37,0,0
4688,2024-07-14 08:00:00,9.92,electronics,pos,CA,58,210,0,0
4689,2024-07-14 09:00:00,76.54,grocery,pos,CA,40,132,0,0
4690,2024-07-14 10:00:00,112.56,ecommerce,mobile,US,22,84,0,0
4691,2024-07-14 11:00:00,141.88,electronics,mobile,CA,67,234,0,0
4692,2024-07-14 12:00:00,205.62,ecommerce,pos,CA,26,104,0,0
4693,2024-07-14 13:00:00,167.42,grocery,pos,US,21,211,0,0
4694,2024-07-14 14:00:00,102.82,grocery,mobile,CA,82,225,0,0
4695,2024-07-14 15:00:00,102.16,restaurant,mobile,CA,74,23,0,0
4696,2024-07-14 16:00:00,165.91,restaurant,web,CA,42,137,0,0
4697,2024-07-14 17:00:00,234.53,grocery,mobile,CA,75,166,0,0
4698,2024-07-14 18:00:00,131.37,electronics,pos,CA,23,45,0,0
4699,2024-07-14 19:00:00,77.78,restaurant,pos,CA,31,173,0,0
4700,2024-07-14 20:00:00,30.64,restaurant,pos,CA,80,146,0,0
4701,2024-07-14 21:00:00,10.07,travel,mobile,CA,82,46,0,0
4702,2024-07-14 22:00:00,179.96,travel,web,GB,69,2,0,0
4703,2024-07-14 23:00:00,172.02,restaurant,pos,CA,82,176,1,0
4704,2024-07-15 00:00:00,171.96,ecommerce,pos,GB,25,17,1,0
4705,2024-07-15 01:00:00,108.42,electronics,web,CA,25,118,1,1
4706,2024-07-15 02:00:00,246.62,fuel,pos,US,31,16,1,0
4707,2024-07-15 03:00:00,76.43,restaurant,pos,US,41,110,1,0
4708,2024-07-15 04:00:00,205.97,travel,mobile,CA,81,173,1,0
4709,2024-07-15 05:00:00,116.51,electronics,pos,FR,42,48,1,0
4710,2024-07-15 06:00:00,65.25,electronics,pos,CA,23,152,0,0
4711,2024-07-15 07:00:00,173.33,travel,mobile,CA,18,95,0,0
4712,2024-07-15 08:00:00,156.87,electronics,mobile,CA,50,193,0,0
4713,2024-07-15 09:00:00,152.13,electronics,web,IN,31,92,0,0
4714,2024-07-15 10:00:00,127.32,travel,pos,GB,80,161,0,1
4715,2024-07-15 11:00:00,116.59,grocery,mobile,CA,73,106,0,0
4716,2024-07-15 12:00:00,334.95,restaurant,web,CA,79,229,0,0
4717,2024-07-15 13:00:00,226.58,ecommerce,pos,CA,45,103,0,0
4718,2024-07-15 14:00:00,185.05,fuel,web,CA,46,132,0,0
4719,2024-07-15 15:00:00,130.06,ecommerce,mobile,CA,40,1,0,0
4720,2024-07-15 16:00:00,210.64,grocery,web,CA,61,33,0,1
4721,2024-07-15 17:00:00,166.62,grocery,mobile,CA,55,202,0,0
4722,2024-07-15 18:00:00,122.36,electronics,web,GB,66,190,0,0
4723,2024-07-15 19:00:00,92.68,ecommerce,mobile,CA,60,131,0,0
4724,2024-07-15 20:00:00,112.72,grocery,web,US,27,101,0,0
4725,2024-07-15 21:00:00,165.34,ecommerce,pos,CA,44,45,0,0
4726,2024-07-15 22:00:00,138.95,grocery,web,IN,25,21,0,0
4727,2024-07-15 23:00:00,76.04,fuel,pos,CA,47,192,1,0
4728,2024-07-16 00:00:00,263.34,grocery,pos,CA,30,73,1,0
4729,2024-07-16 01:00:00,121.74,ecommerce,mobile,US,75,57,1,0
4730,2024-07-16 02:00:00,12.99,electronics,mobile,US,20,168,1,0
4731,2024-07-16 03:00:00,115.51,ecommerce,pos,CA,22,62,1,0
4732,2024-07-16 04:00:00,25.85,travel,web,CA,39,171,1,0
4733,2024-07-16 05:00:00,162.61,ecommerce,pos,CA,75,121,1,0
4734,2024-07-16 06:00:00,146.19,fuel,mobile,CA,83,216,0,0
4735,2024-07-16 07:00:00,206.21,restaurant,pos,CA,57,174,0,0
4736,2024-07-16 08:00:00,48.82,fuel,mobile,CA,22,200,0,0
4737,2024-07-16 09:00:00,123.06,fuel,web,CA,33,24,0,0
4738,2024-07-16 10:00:00,2.85,grocery,web,CA,32,152,0,0
4739,2024-07-16 11:00:00,183.13,fuel,pos,CA,35,138,0,0
4740,2024-07-16 12:00:00,166.7,ecommerce,web,US,64,99,0,0
4741,2024-07-16 13:00:00,164.62,restaurant,mobile,CA,21,68,0,0
4742,2024-07-16 14:00:00,120.15,electronics,mobile,CA,70,57,0,0
4743,2024-07-16 15:00:00,157.33,fuel,mobile,CA,75,172,0,0
4744,2024-07-16 16:00:00,264.39,ecommerce,mobile,CA,75,201,0,0
4745,2024-07-16 17:00:00,94.34,grocery,pos,CA,76,75,0,0
4746,2024-07-16 18:00:00,132.48,grocery,pos,CA,51,107,0,0
4747,2024-07-16 19:00:00,22.25,electronics,mobile,US,47,48,0,0
4748,2024-07-16 20:00:00,41.86,electronics,mobile,IN,71,77,0,0
4749,2024-07-16 21:00:00,128.8,ecommerce,mobile,MX,43,155,0,0
4750,2024-07-16 22:00:00,219.35,electronics,web,CA,20,30,0,0
4751,2024-07-16 23:00:00,96.93,electronics,pos,CA,74,46,1,0
4752,2024-07-17 00:00:00,98.77,grocery,pos,FR,54,231,1,0
4753,2024-07-17 01:00:00,83.38,ecommerce,mobile,CA,55,140,1,0
4754,2024-07-17 02:00:00,71.87,restaurant,mobile,CA,58,120,1,0
4755,2024-07-17 03:00:00,146.55,electronics,web,CA,21,60,1,1
4756,2024-07-17 04:00:00,14.75,ecommerce,pos,CA,43,147,1,0
4757,2024-07-17 05:00:00,235.28,fuel,pos,CA,56,104,1,0
4758,2024-07-17 06:00:00,60.11,grocery,pos,CA,59,68,0,0
4759,2024-07-17 07:00:00,184.97,restaurant,web,CA,28,182,0,0
4760,2024-07-17 08:00:00,5.7,grocery,atm,US,28,162,0,0
4761,2024-07-17 09:00:00,180.2,grocery,mobile,CA,71,215,0,0
4762,2024-07-17 10:00:00,180.48,travel,mobile,CA,55,118,0,0
4763,2024-07-17 11:00:00,154.58,ecommerce,web,CA,37,237,0,0
4764,2024-07-17 12:00:00,30.5,fuel,web,MX,43,218,0,0
4765,2024-07-17 13:00:00,142.46,electronics,atm,CA,31,124,0,0
4766,2024-07-17 14:00:00,13.52,fuel,web,CA,67,117,0,0
4767,2024-07-17 15:00:00,97.25,ecommerce,mobile,US,42,7,0,0
4768,2024-07-17 16:00:00,212.65,grocery,mobile,CA,72,82,0,0
4769,2024-07-17 17:00:00,191.7,travel,pos,CA,68,170,0,0
4770,2024-07-17 18:00:00,121.37,ecommerce,web,CA,27,196,0,0
4771,2024-07-17 19:00:00,32.27,restaurant,pos,FR,31,53,0,0
4772,2024-07-17 20:00:00,178.1,restaurant,pos,CA,22,136,0,0
4773,2024-07-17 21:00:00,121.74,ecommerce,pos,CA,74,150,0,0
4774,2024-07-17 22:00:00,88.83,electronics,mobile,CA,39,26,0,0
4775,2024-07-17 23:00:00,190.44,fuel,mobile,CA,46,205,1,0
4776,2024-07-18 00:00:00,117.82,fuel,pos,CA,24,191,1,0
4777,2024-07-18 01:00:00,228.22,electronics,pos,CA,35,174,1,0
4778,2024-07-18 02:00:00,21.43,travel,web,MX,48,117,1,0
4779,2024-07-18 03:00:00,165.9,grocery,web,GB,60,81,1,0
4780,2024-07-18 04:00:00,145.12,grocery,web,US,52,172,1,0
4781,2024-07-18 05:00:00,146.24,restaurant,mobile,CA,21,190,1,0
4782,2024-07-18 06:00:00,32.16,travel,web,CA,68,164,0,0
4783,2024-07-18 07:00:00,31.94,electronics,pos,CA,47,41,0,1
4784,2024-07-18 08:00:00,367.97,ecommerce,web,CA,70,111,0,0
4785,2024-07-18 09:00:00,92.5,fuel,pos,CA,31,207,0,0
4786,2024-07-18 10:00:00,185.79,ecommerce,pos,CA,53,82,0,0
4787,2024-07-18 11:00:00,61.44,fuel,pos,MX,29,155,0,0
4788,2024-07-18 12:00:00,68.13,ecommerce,web,CA,51,70,0,0
4789,2024-07-18 13:00:00,104.68,electronics,mobile,CA,43,98,0,0
4790,2024-07-18 14:00:00,96.1,electronics,mobile,CA,23,169,0,0
4791,2024-07-18 15:00:00,84.01,travel,mobile,CA,70,5,0,0
4792,2024-07-18 16:00:00,109.68,ecommerce,web,CA,32,185,0,0
4793,2024-07-18 17:00:00,143.78,ecommerce,pos,CA,36,204,0,0
4794,2024-07-18 18:00:00,106.49,travel,pos,CA,64,157,0,0
4795,2024-07-18 19:00:00,6.24,travel,mobile,US,78,122,0,0
4796,2024-07-18 20:00:00,163.76,electronics,pos,US,69,229,0,0
4797,2024-07-18 21:00:00,55.44,electronics,web,CA,35,12,0,0
4798,2024-07-18 22:00:00,64.53,restaurant,pos,CA,77,153,0,0
4799,2024-07-18 23:00:00,186.53,ecommerce,mobile,US,64,239,1,0
4800,2024-07-19 00:00:00,165.63,electronics,mobile,CA,74,162,1,0
4801,2024-07-19 01:00:00,114.83,electronics,pos,CA,50,75,1,0
4802,2024-07-19 02:00:00,5.59,ecommerce,mobile,CA,49,215,1,0
4803,2024-07-19 03:00:00,56.29,travel,pos,CA,21,24,1,0
4804,2024-07-19 04:00:00,96.35,ecommerce,web,US,58,115,1,0
4805,2024-07-19 05:00:00,23.63,grocery,pos,IN,36,113,1,0
4806,2024-07-19 06:00:00,53.49,ecommerce,pos,CA,24,210,0,0
4807,2024-07-19 07:00:00,178.71,grocery,pos,CA,43,191,0,0
4808,2024-07-19 08:00:00,248.46,ecommerce,mobile,CA,68,63,0,0
4809,2024-07-19 09:00:00,82.25,grocery,mobile,US,73,138,0,0
4810,2024-07-19 10:00:00,188.08,grocery,pos,CA,68,133,0,0
4811,2024-07-19 11:00:00,52.27,ecommerce,web,CA,25,223,0,0
4812,2024-07-19 12:00:00,179.35,restaurant,pos,CA,30,89,0,0
4813,2024-07-19 13:00:00,47.64,electronics,pos,US,49,181,0,0
4814,2024-07-19 14:00:00,147.66,fuel,mobile,CA,51,209,0,0
4815,2024-07-19 15:00:00,97.7,electronics,pos,FR,35,28,0,0
4816,2024-07-19 16:00:00,238.84,grocery,web,CA,72,193,0,0
4817,2024-07-19 17:00:00,41.3,ecommerce,web,CA,60,45,0,0
4818,2024-07-19 18:00:00,176.48,ecommerce,pos,CA,41,194,0,0
4819,2024-07-19 19:00:00,94.84,ecommerce,web,CA,38,177,0,0
4820,2024-07-19 20:00:00,105.75,ecommerce,mobile,CA,35,111,0,0
4821,2024-07-19 21:00:00,103.45,restaurant,mobile,US,31,168,0,0
4822,2024-07-19 22:00:00,43.89,fuel,pos,CA,70,194,0,0
4823,2024-07-19 23:00:00,118.73,travel,mobile,CA,36,124,1,0
4824,2024-07-20 00:00:00,114.36,grocery,mobile,US,74,91,1,0
4825,2024-07-20 01:00:00,141.71,fuel,pos,CA,81,136,1,0
4826,2024-07-20 02:00:00,127.61,electronics,pos,CA,19,27,1,0
4827,2024-07-20 03:00:00,191.82,travel,pos,CA,74,229,1,0
4828,2024-07-20 04:00:00,203.12,travel,pos,CA,51,145,1,0
4829,2024-07-20 05:00:00,25.44,ecommerce,mobile,CA,66,196,1,0
4830,2024-07-20 06:00:00,198.19,fuel,pos,CA,71,172,0,0
4831,2024-07-20 07:00:00,13.23,electronics,pos,CA,39,230,0,0
4832,2024-07-20 08:00:00,172.91,ecommerce,pos,FR,61,31,0,0
4833,2024-07-20 09:00:00,175.78,ecommerce,web,CA,52,5,0,0
4834,2024-07-20 10:00:00,52.02,restaurant,web,CA,46,60,0,0
4835,2024-07-20 11:00:00,128.37,grocery,mobile,US,23,89,0,0
4836,2024-07-20 12:00:00,77.84,travel,pos,CA,54,220,0,0
4837,2024-07-20 13:00:00,51.71,electronics,web,CA,75,147,0,0
4838,2024-07-20 14:00:00,241.58,travel,pos,CA,81,101,0,0
4839,2024-07-20 15:00:00,61.17,fuel,mobile,FR,48,42,0,0
4840,2024-07-20 16:00:00,47.43,grocery,pos,CA,67,23,0,0
4841,2024-07-20 17:00:00,126.81,ecommerce,pos,GB,77,121,0,0
4842,2024-07-20 18:00:00,181.7,grocery,pos,CA,31,228,0,0
4843,2024-07-20 19:00:00,107.25,ecommerce,pos,CA,28,109,0,0
4844,2024-07-20 20:00:00,224.97,grocery,pos,CA,44,77,0,0
4845,2024-07-20 21:00:00,167.79,ecommerce,web,CA,55,17,0,0
4846,2024-07-20 22:00:00,76.04,travel,mobile,CA,79,114,0,0
4847,2024-07-20 23:00:00,72.35,travel,pos,CA,70,222,1,0
4848,2024-07-21 00:00:00,69.43,travel,web,CA,35,58,1,0
4849,2024-07-21 01:00:00,163.14,travel,mobile,IN,69,215,1,0
4850,2024-07-21 02:00:00,116.23,grocery,pos,CA,41,177,1,0
4851,2024-07-21 03:00:00,349.41,ecommerce,pos,CA,24,131,1,1
4852,2024-07-21 04:00:00,167.79,travel,pos,US,31,205,1,0
4853,2024-07-21 05:00:00,133.4,grocery,mobile,IN,67,96,1,0
4854,2024-07-21 06:00:00,226.34,ecommerce,mobile,FR,41,45,0,0
4855,2024-07-21 07:00:00,330.93,grocery,pos,US,30,35,0,0
4856,2024-07-21 08:00:00,198.37,restaurant,pos,CA,36,2,0,0
4857,2024-07-21 09:00:00,205.39,travel,mobile,CA,46,47,0,0
4858,2024-07-21 10:00:00,131.76,fuel,web,CA,39,3,0,0
4859,2024-07-21 11:00:00,107.26,grocery,mobile,CA,19,157,0,0
4860,2024-07-21 12:00:00,77.18,travel,pos,CA,53,128,0,1
4861,2024-07-21 13:00:00,45.65,electronics,atm,FR,55,202,0,0
4862,2024-07-21 14:00:00,58.17,ecommerce,mobile,GB,35,20,0,0
4863,2024-07-21 15:00:00,1.55,restaurant,pos,CA,68,162,0,0
4864,2024-07-21 16:00:00,113.17,travel,web,CA,32,207,0,0
4865,2024-07-21 17:00:00,31.62,electronics,pos,CA,69,40,0,1
4866,2024-07-21 18:00:00,137.18,grocery,pos,CA,34,109,0,0
4867,2024-07-21 19:00:00,116.73,grocery,mobile,GB,39,65,0,0
4868,2024-07-21 20:00:00,133.22,electronics,pos,CA,71,90,0,0
4869,2024-07-21 21:00:00,73.01,restaurant,mobile,CA,69,63,0,0
4870,2024-07-21 22:00:00,396.92,electronics,pos,CA,63,56,0,0
4871,2024-07-21 23:00:00,242.41,ecommerce,mobile,MX,21,160,1,0
4872,2024-07-22 00:00:00,7.99,grocery,pos,CA,24,66,1,1
4873,2024-07-22 01:00:00,140.96,electronics,mobile,CA,27,96,1,1
4874,2024-07-22 02:00:00,65.28,fuel,pos,CA,32,169,1,0
4875,2024-07-22 03:00:00,28.7,fuel,pos,CA,43,157,1,0
4876,2024-07-22 04:00:00,0.61,electronics,web,CA,57,116,1,0
4877,2024-07-22 05:00:00,158.9,ecommerce,web,CA,78,212,1,0
4878,2024-07-22 06:00:00,58.68,grocery,web,MX,33,87,0,0
4879,2024-07-22 07:00:00,207.1,fuel,web,US,35,51,0,0
4880,2024-07-22 08:00:00,209.44,electronics,atm,CA,19,12,0,0
4881,2024-07-22 09:00:00,243.65,electronics,pos,CA,71,44,0,0
4882,2024-07-22 10:00:00,43.29,travel,mobile,US,35,138,0,0
4883,2024-07-22 11:00:00,162.78,electronics,web,CA,71,83,0,0
4884,2024-07-22 12:00:00,176.92,ecommerce,web,CA,55,202,0,0
4885,2024-07-22 13:00:00,77.32,fuel,web,CA,32,211,0,0
4886,2024-07-22 14:00:00,50.54,travel,mobile,CA,81,90,0,0
4887,2024-07-22 15:00:00,264.86,fuel,web,CA,25,216,0,0
4888,2024-07-22 16:00:00,140.47,fuel,mobile,CA,63,9,0,0
4889,2024-07-22 17:00:00,177.24,ecommerce,pos,CA,56,157,0,0
4890,2024-07-22 18:00:00,46.01,electronics,mobile,CA,69,157,0,0
4891,2024-07-22 19:00:00,10.26,ecommerce,pos,CA,25,229,0,0
4892,2024-07-22 20:00:00,68.75,electronics,pos,CA,67,92,0,0
4893,2024-07-22 21:00:00,108.84,travel,web,MX,67,189,0,1
4894,2024-07-22 22:00:00,24.22,ecommerce,web,CA,44,125,0,0
4895,2024-07-22 23:00:00,119.11,ecommerce,pos,CA,55,64,1,0
4896,2024-07-23 00:00:00,31.97,restaurant,pos,CA,38,131,1,0
4897,2024-07-23 01:00:00,19.2,grocery,web,CA,62,215,1,0
4898,2024-07-23 02:00:00,180.38,ecommerce,web,CA,75,115,1,0
4899,2024-07-23 03:00:00,174.34,restaurant,pos,IN,40,123,1,0
4900,2024-07-23 04:00:00,84.73,grocery,pos,CA,71,132,1,0
4901,2024-07-23 05:00:00,28.4,electronics,mobile,CA,47,183,1,0
4902,2024-07-23 06:00:00,27.53,electronics,mobile,CA,33,142,0,0
4903,2024-07-23 07:00:00,86.41,electronics,pos,FR,69,102,0,0
4904,2024-07-23 08:00:00,178.01,restaurant,pos,CA,58,77,0,0
4905,2024-07-23 09:00:00,203.54,restaurant,pos,CA,41,156,0,0
4906,2024-07-23 10:00:00,75.31,grocery,mobile,CA,37,63,0,0
4907,2024-07-23 11:00:00,16.19,electronics,mobile,CA,44,167,0,0
4908,2024-07-23 12:00:00,144.11,fuel,pos,CA,19,108,0,0
4909,2024-07-23 13:00:00,45.88,ecommerce,mobile,CA,77,192,0,0
4910,2024-07-23 14:00:00,73.36,restaurant,pos,CA,68,188,0,0
4911,2024-07-23 15:00:00,239.27,restaurant,pos,CA,18,148,0,0
4912,2024-07-23 16:00:00,194.44,restaurant,mobile,CA,23,28,0,0
4913,2024-07-23 17:00:00,134.22,grocery,mobile,CA,55,124,0,0
4914,2024-07-23 18:00:00,5.53,electronics,mobile,CA,71,224,0,0
4915,2024-07-23 19:00:00,139.03,fuel,web,CA,77,142,0,0
4916,2024-07-23 20:00:00,215.64,ecommerce,pos,GB,44,77,0,0
4917,2024-07-23 21:00:00,86.19,ecommerce,mobile,US,79,75,0,0
4918,2024-07-23 22:00:00,241.6,electronics,mobile,CA,80,102,0,1
4919,2024-07-23 23:00:00,236.35,fuel,pos,CA,52,186,1,0
4920,2024-07-24 00:00:00,269.74,grocery,web,CA,75,39,1,0
4921,2024-07-24 01:00:00,147.47,restaurant,mobile,CA,78,234,1,0
4922,2024-07-24 02:00:00,172.87,restaurant,mobile,CA,53,186,1,0
4923,2024-07-24 03:00:00,247.28,electronics,mobile,CA,73,143,1,0
4924,2024-07-24 04:00:00,160.27,ecommerce,mobile,CA,84,73,1,0
4925,2024-07-24 05:00:00,74.89,restaurant,pos,CA,74,131,1,0
4926,2024-07-24 06:00:00,79.63,ecommerce,web,CA,58,5,0,0
4927,2024-07-24 07:00:00,141.47,ecommerce,mobile,CA,48,92,0,0
4928,2024-07-24 08:00:00,3.85,electronics,pos,CA,20,170,0,0
4929,2024-07-24 09:00:00,107.11,travel,mobile,CA,55,143,0,0
4930,2024-07-24 10:00:00,218.69,travel,mobile,CA,70,3,0,1
4931,2024-07-24 11:00:00,77.21,travel,pos,MX,69,163,0,0
4932,2024-07-24 12:00:00,258.1,fuel,mobile,US,41,135,0,0
4933,2024-07-24 13:00:00,221.01,electronics,mobile,CA,43,94,0,0
4934,2024-07-24 14:00:00,78.62,ecommerce,web,MX,54,152,0,1
4935,2024-07-24 15:00:00,168.91,restaurant,mobile,CA,65,159,0,0
4936,2024-07-24 16:00:00,120.28,fuel,pos,CA,84,78,0,0
4937,2024-07-24 17:00:00,230.7,travel,mobile,CA,58,80,0,0
4938,2024-07-24 18:00:00,208.44,grocery,pos,US,66,115,0,0
4939,2024-07-24 19:00:00,6.01,fuel,mobile,CA,45,4,0,0
4940,2024-07-24 20:00:00,172.85,fuel,web,CA,49,131,0,0
4941,2024-07-24 21:00:00,101.49,electronics,pos,CA,49,227,0,0
4942,2024-07-24 22:00:00,127.45,restaurant,pos,GB,55,128,0,0
4943,2024-07-24 23:00:00,54.46,fuel,pos,CA,37,9,1,1
4944,2024-07-25 00:00:00,277.33,restaurant,pos,CA,25,68,1,0
4945,2024-07-25 01:00:00,213.61,electronics,pos,CA,43,118,1,0
4946,2024-07-25 02:00:00,53.42,grocery,mobile,US,65,211,1,0
4947,2024-07-25 03:00:00,0.11,ecommerce,mobile,CA,63,88,1,0
4948,2024-07-25 04:00:00,85.29,ecommerce,mobile,CA,75,188,1,0
4949,2024-07-25 05:00:00,159.11,travel,mobile,CA,84,139,1,0
4950,2024-07-25 06:00:00,141.62,travel,mobile,CA,46,207,0,0
4951,2024-07-25 07:00:00,232.78,grocery,pos,CA,27,164,0,0
4952,2024-07-25 08:00:00,191.09,ecommerce,mobile,CA,82,125,0,0
4953,2024-07-25 09:00:00,207.26,travel,mobile,MX,82,223,0,0
4954,2024-07-25 10:00:00,149.42,restaurant,pos,CA,34,72,0,0
4955,2024-07-25 11:00:00,5.04,fuel,mobile,IN,39,130,0,0
4956,2024-07-25 12:00:00,102.39,electronics,web,US,31,50,0,0
4957,2024-07-25 13:00:00,215.41,travel,mobile,CA,23,3,0,0
4958,2024-07-25 14:00:00,115.36,grocery,mobile,CA,47,67,0,0
4959,2024-07-25 15:00:00,165.28,ecommerce,atm,US,64,85,0,1
4960,2024-07-25 16:00:00,91.31,grocery,pos,CA,37,115,0,0
4961,2024-07-25 17:00:00,27.32,electronics,pos,CA,33,62,0,1
4962,2024-07-25 18:00:00,108.9,electronics,atm,CA,51,204,0,0
4963,2024-07-25 19:00:00,147.81,grocery,pos,CA,18,14,0,0
4964,2024-07-25 20:00:00,60.99,travel,pos,CA,65,122,0,0
4965,2024-07-25 21:00:00,98.79,travel,web,FR,25,23,0,0
4966,2024-07-25 22:00:00,35.45,ecommerce,mobile,US,39,123,0,0
4967,2024-07-25 23:00:00,220.73,restaurant,pos,CA,51,77,1,0
4968,2024-07-26 00:00:00,93.5,ecommerce,pos,CA,77,16,1,0
4969,2024-07-26 01:00:00,250.75,fuel,web,CA,62,209,1,0
4970,2024-07-26 02:00:00,257.59,restaurant,web,CA,54,146,1,0
4971,2024-07-26 03:00:00,112.71,fuel,pos,CA,40,13,1,0
4972,2024-07-26 04:00:00,29.24,ecommerce,mobile,US,41,125,1,0
4973,2024-07-26 05:00:00,67.73,restaurant,mobile,GB,30,56,1,0
4974,2024-07-26 06:00:00,12.48,restaurant,mobile,CA,77,218,0,0
4975,2024-07-26 07:00:00,3.65,fuel,pos,CA,55,173,0,0
4976,2024-07-26 08:00:00,244.06,grocery,mobile,CA,65,40,0,0
4977,2024-07-26 09:00:00,130.42,travel,atm,CA,43,103,0,0
4978,2024-07-26 10:00:00,155.06,restaurant,web,CA,18,159,0,0
4979,2024-07-26 11:00:00,79.84,restaurant,pos,MX,21,104,0,0
4980,2024-07-26 12:00:00,12.18,fuel,atm,IN,84,209,0,0
4981,2024-07-26 13:00:00,199.84,restaurant,web,GB,30,32,0,0
4982,2024-07-26 14:00:00,145.81,fuel,mobile,MX,56,129,0,0
4983,2024-07-26 15:00:00,106.75,grocery,pos,IN,48,35,0,0
4984,2024-07-26 16:00:00,170.84,restaurant,mobile,GB,41,36,0,0
4985,2024-07-26 17:00:00,267.22,electronics,mobile,CA,22,211,0,0
4986,2024-07-26 18:00:00,100.11,ecommerce,web,CA,66,92,0,0
4987,2024-07-26 19:00:00,126.24,grocery,pos,CA,28,66,0,0
4988,2024-07-26 20:00:00,137.33,electronics,pos,CA,41,29,0,0
4989,2024-07-26 21:00:00,335.29,grocery,pos,CA,62,171,0,0
4990,2024-07-26 22:00:00,68.94,travel,pos,US,51,157,0,1
4991,2024-07-26 23:00:00,181.49,grocery,mobile,CA,28,43,1,0
4992,2024-07-27 00:00:00,109.67,grocery,pos,CA,74,19,1,0
4993,2024-07-27 01:00:00,171.01,travel,pos,CA,46,121,1,1
4994,2024-07-27 02:00:00,60.84,restaurant,pos,CA,39,192,1,0
4995,2024-07-27 03:00:00,115.59,ecommerce,web,CA,50,220,1,0
4996,2024-07-27 04:00:00,184.03,electronics,web,CA,66,98,1,1
4997,2024-07-27 05:00:00,400.16,fuel,mobile,CA,40,31,1,1
4998,2024-07-27 06:00:00,192.72,ecommerce,mobile,CA,46,101,0,0
4999,2024-07-27 07:00:00,43.67,grocery,pos,CA,23,19,0,0
5000,2024-07-27 08:00:00,81.86,fuel,web,CA,69,224,0,0
5001,2024-07-27 09:00:00,79.19,travel,pos,CA,31,29,0,0
5002,2024-07-27 10:00:00,41.61,ecommerce,pos,CA,34,73,0,0
5003,2024-07-27 11:00:00,90.29,restaurant,web,CA,45,135,0,0
5004,2024-07-27 12:00:00,185.95,electronics,mobile,CA,26,186,0,0
5005,2024-07-27 13:00:00,5.32,ecommerce,pos,CA,83,76,0,0
5006,2024-07-27 14:00:00,214.36,ecommerce,pos,CA,21,188,0,0
5007,2024-07-27 15:00:00,163.9,restaurant,mobile,FR,37,179,0,1
5008,2024-07-27 16:00:00,53.92,fuel,mobile,CA,58,223,0,0
5009,2024-07-27 17:00:00,107.26,travel,web,CA,53,82,0,0
5010,2024-07-27 18:00:00,263.85,restaurant,mobile,MX,23,220,0,0
5011,2024-07-27 19:00:00,186.02,travel,atm,FR,82,50,0,0
5012,2024-07-27 20:00:00,120.79,restaurant,pos,CA,67,149,0,0
5013,2024-07-27 21:00:00,98.61,ecommerce,pos,US,81,137,0,0
5014,2024-07-27 22:00:00,126.89,travel,pos,US,20,162,0,0
5015,2024-07-27 23:00:00,73.94,fuel,mobile,CA,54,34,1,0
5016,2024-07-28 00:00:00,69.43,fuel,pos,CA,20,47,1,0
5017,2024-07-28 01:00:00,303.8,electronics,atm,CA,50,24,1,0
5018,2024-07-28 02:00:00,133.98,travel,mobile,CA,76,80,1,0
5019,2024-07-28 03:00:00,155.83,electronics,pos,CA,32,28,1,0
5020,2024-07-28 04:00:00,114.79,restaurant,pos,CA,73,174,1,0
5021,2024-07-28 05:00:00,53.84,grocery,web,MX,78,51,1,0
5022,2024-07-28 06:00:00,103.27,fuel,pos,US,79,111,0,0
5023,2024-07-28 07:00:00,23.95,ecommerce,mobile,GB,84,227,0,0
5024,2024-07-28 08:00:00,324.94,fuel,web,CA,40,6,0,0
5025,2024-07-28 09:00:00,8.89,grocery,pos,CA,31,230,0,0
5026,2024-07-28 10:00:00,27.12,ecommerce,web,US,23,191,0,0
5027,2024-07-28 11:00:00,80.38,travel,pos,CA,50,118,0,0
5028,2024-07-28 12:00:00,235.93,travel,web,CA,26,53,0,0
5029,2024-07-28 13:00:00,121.31,fuel,pos,US,29,192,0,0
5030,2024-07-28 14:00:00,8.75,ecommerce,web,CA,68,180,0,0
5031,2024-07-28 15:00:00,232.89,restaurant,web,CA,20,60,0,0
5032,2024-07-28 16:00:00,185.79,ecommerce,web,CA,73,169,0,0
5033,2024-07-28 17:00:00,168.46,electronics,mobile,CA,63,11,0,0
5034,2024-07-28 18:00:00,184.42,grocery,pos,CA,53,4,0,0
5035,2024-07-28 19:00:00,335.49,travel,web,CA,30,14,0,0
5036,2024-07-28 20:00:00,316.66,fuel,web,CA,30,141,0,0
5037,2024-07-28 21:00:00,58.2,ecommerce,web,US,75,143,0,0
5038,2024-07-28 22:00:00,266.15,travel,atm,CA,51,113,0,0
5039,2024-07-28 23:00:00,154.49,fuel,pos,CA,60,8,1,0
5040,2024-07-29 00:00:00,164.92,travel,mobile,CA,45,235,1,0
5041,2024-07-29 01:00:00,32.3,fuel,web,CA,73,88,1,0
5042,2024-07-29 02:00:00,104.67,travel,web,IN,64,11,1,0
5043,2024-07-29 03:00:00,46.85,restaurant,mobile,CA,52,112,1,0
5044,2024-07-29 04:00:00,194.53,electronics,pos,CA,36,99,1,0
5045,2024-07-29 05:00:00,216.4,grocery,mobile,CA,68,217,1,0
5046,2024-07-29 06:00:00,66.7,travel,pos,CA,37,23,0,0
5047,2024-07-29 07:00:00,118.02,grocery,web,MX,46,239,0,1
5048,2024-07-29 08:00:00,220.97,travel,mobile,US,82,109,0,1
5049,2024-07-29 09:00:00,103.2,ecommerce,pos,CA,55,7,0,0
5050,2024-07-29 10:00:00,185.62,electronics,mobile,GB,66,69,0,0
5051,2024-07-29 11:00:00,151.6,restaurant,pos,CA,45,160,0,0
5052,2024-07-29 12:00:00,150.75,electronics,mobile,CA,50,220,0,0
5053,2024-07-29 13:00:00,95.58,grocery,web,CA,30,172,0,0
5054,2024-07-29 14:00:00,10.51,ecommerce,mobile,CA,61,131,0,0
5055,2024-07-29 15:00:00,19.06,fuel,mobile,CA,69,94,0,0
5056,2024-07-29 16:00:00,183.84,electronics,web,FR,58,122,0,1
5057,2024-07-29 17:00:00,121.75,restaurant,pos,US,66,44,0,1
5058,2024-07-29 18:00:00,107.53,ecommerce,mobile,CA,24,197,0,0
5059,2024-07-29 19:00:00,81.85,ecommerce,pos,CA,53,51,0,0
5060,2024-07-29 20:00:00,92.53,grocery,web,US,43,61,0,0
5061,2024-07-29 21:00:00,214.22,restaurant,mobile,CA,44,51,0,0
5062,2024-07-29 22:00:00,89.83,ecommerce,mobile,CA,41,161,0,1
5063,2024-07-29 23:00:00,0.7,ecommerce,pos,CA,50,20,1,0
5064,2024-07-30 00:00:00,186.93,fuel,pos,CA,35,30,1,0
5065,2024-07-30 01:00:00,101.56,grocery,pos,CA,22,121,1,0
5066,2024-07-30 02:00:00,122.83,grocery,pos,CA,18,44,1,0
5067,2024-07-30 03:00:00,264.68,restaurant,pos,CA,20,214,1,0
5068,2024-07-30 04:00:00,118.15,ecommerce,mobile,CA,53,86,1,0
5069,2024-07-30 05:00:00,146.03,fuel,pos,IN,52,230,1,0
5070,2024-07-30 06:00:00,13.9,travel,mobile,US,68,157,0,0
5071,2024-07-30 07:00:00,100.23,electronics,mobile,CA,29,149,0,0
5072,2024-07-30 08:00:00,174.86,grocery,mobile,CA,32,210,0,0
5073,2024-07-30 09:00:00,19.98,fuel,pos,CA,21,181,0,0
5074,2024-07-30 10:00:00,138.08,restaurant,web,CA,73,112,0,0
5075,2024-07-30 11:00:00,129.07,fuel,pos,CA,33,139,0,0
5076,2024-07-30 12:00:00,123.72,ecommerce,pos,CA,23,10,0,0
5077,2024-07-30 13:00:00,213.34,electronics,web,CA,80,35,0,0
5078,2024-07-30 14:00:00,150.1,grocery,mobile,MX,40,154,0,0
5079,2024-07-30 15:00:00,253.03,travel,pos,CA,61,123,0,1
5080,2024-07-30 16:00:00,30.58,ecommerce,pos,GB,18,114,0,0
5081,2024-07-30 17:00:00,132.23,grocery,pos,MX,74,172,0,0
5082,2024-07-30 18:00:00,127.6,restaurant,mobile,CA,44,238,0,0
5083,2024-07-30 19:00:00,23.77,grocery,mobile,FR,42,132,0,1
5084,2024-07-30 20:00:00,206.07,fuel,pos,CA,79,74,0,0
5085,2024-07-30 21:00:00,329.22,electronics,pos,FR,35,185,0,0
5086,2024-07-30 22:00:00,118.47,travel,mobile,CA,47,39,0,0
5087,2024-07-30 23:00:00,165.45,electronics,pos,US,47,208,1,0
5088,2024-07-31 00:00:00,127.61,fuel,mobile,CA,64,169,1,0
5089,2024-07-31 01:00:00,55.78,travel,pos,CA,39,94,1,0
5090,2024-07-31 02:00:00,43.87,travel,web,CA,59,67,1,0
5091,2024-07-31 03:00:00,56.48,ecommerce,web,FR,51,226,1,0
5092,2024-07-31 04:00:00,5.28,travel,mobile,GB,80,89,1,0
5093,2024-07-31 05:00:00,273.37,grocery,pos,CA,21,102,1,0
5094,2024-07-31 06:00:00,109.64,electronics,pos,CA,48,106,0,0
5095,2024-07-31 07:00:00,88.87,restaurant,pos,CA,68,36,0,0
5096,2024-07-31 08:00:00,200.02,restaurant,web,US,67,4,0,0
5097,2024-07-31 09:00:00,19.04,electronics,mobile,CA,31,234,0,0
5098,2024-07-31 10:00:00,50.98,ecommerce,mobile,US,25,74,0,0
5099,2024-07-31 11:00:00,126.13,travel,pos,CA,25,13,0,0
5100,2024-07-31 12:00:00,212.59,fuel,mobile,CA,28,70,0,0
5101,2024-07-31 13:00:00,165.15,grocery,pos,CA,46,7,0,0
5102,2024-07-31 14:00:00,142.35,ecommerce,web,CA,72,156,0,0
5103,2024-07-31 15:00:00,127.03,travel,mobile,CA,56,187,0,0
5104,2024-07-31 16:00:00,156.02,restaurant,pos,CA,30,122,0,0
5105,2024-07-31 17:00:00,138.15,fuel,pos,CA,81,37,0,0
5106,2024-07-31 18:00:00,27.3,travel,pos,CA,66,143,0,1
5107,2024-07-31 19:00:00,124.15,ecommerce,mobile,CA,36,30,0,0
5108,2024-07-31 20:00:00,23.37,fuel,web,CA,84,104,0,0
5109,2024-07-31 21:00:00,127.3,fuel,web,CA,69,74,0,0
5110,2024-07-31 22:00:00,76.74,fuel,mobile,CA,37,12,0,0
5111,2024-07-31 23:00:00,348.54,fuel,mobile,CA,71,81,1,0
5112,2024-08-01 00:00:00,116.41,travel,mobile,CA,22,112,1,0
5113,2024-08-01 01:00:00,6.38,fuel,web,CA,79,30,1,0
5114,2024-08-01 02:00:00,107.92,travel,pos,FR,34,129,1,0
5115,2024-08-01 03:00:00,166.74,fuel,pos,CA,70,36,1,1
5116,2024-08-01 04:00:00,270.6,fuel,mobile,US,54,232,1,1
5117,2024-08-01 05:00:00,66.95,ecommerce,mobile,FR,36,123,1,0
5118,2024-08-01 06:00:00,22.42,travel,atm,CA,27,88,0,0
5119,2024-08-01 07:00:00,193.52,restaurant,pos,CA,61,230,0,0
5120,2024-08-01 08:00:00,4.25,travel,pos,CA,66,21,0,0
5121,2024-08-01 09:00:00,80.75,electronics,pos,CA,54,106,0,0
5122,2024-08-01 10:00:00,96.81,restaurant,pos,CA,75,32,0,0
5123,2024-08-01 11:00:00,113.73,ecommerce,web,CA,32,63,0,0
5124,2024-08-01 12:00:00,182.02,travel,atm,CA,37,210,0,0
5125,2024-08-01 13:00:00,58.47,ecommerce,web,US,72,141,0,0
5126,2024-08-01 14:00:00,95.36,restaurant,web,CA,30,165,0,0
5127,2024-08-01 15:00:00,118.72,ecommerce,mobile,CA,37,44,0,0
5128,2024-08-01 16:00:00,133.46,ecommerce,pos,CA,60,149,0,0
5129,2024-08-01 17:00:00,128.8,grocery,mobile,CA,58,146,0,0
5130,2024-08-01 18:00:00,159.24,travel,web,CA,65,232,0,1
5131,2024-08-01 19:00:00,195.95,ecommerce,pos,CA,73,46,0,0
5132,2024-08-01 20:00:00,155.34,grocery,web,CA,61,175,0,0
5133,2024-08-01 21:00:00,160.82,grocery,web,CA,64,154,0,0
5134,2024-08-01 22:00:00,22.4,fuel,pos,CA,67,5,0,0
5135,2024-08-01 23:00:00,124.52,fuel,pos,CA,49,133,1,0
5136,2024-08-02 00:00:00,163.16,restaurant,pos,US,71,31,1,0
5137,2024-08-02 01:00:00,185.6,travel,pos,CA,56,156,1,0
5138,2024-08-02 02:00:00,57.69,fuel,pos,CA,75,77,1,0
5139,2024-08-02 03:00:00,60.69,restaurant,web,CA,78,75,1,0
5140,2024-08-02 04:00:00,68.33,travel,web,CA,36,127,1,0
5141,2024-08-02 05:00:00,168.28,restaurant,mobile,CA,39,193,1,0
5142,2024-08-02 06:00:00,213.05,grocery,atm,CA,52,216,0,0
5143,2024-08-02 07:00:00,83.33,grocery,mobile,IN,27,13,0,0
5144,2024-08-02 08:00:00,201.72,travel,web,CA,32,122,0,0
5145,2024-08-02 09:00:00,131.11,restaurant,mobile,CA,19,146,0,0
5146,2024-08-02 10:00:00,108.81,restaurant,web,CA,39,152,0,0
5147,2024-08-02 11:00:00,100.98,fuel,pos,CA,29,157,0,0
5148,2024-08-02 12:00:00,187.2,fuel,pos,CA,79,156,0,0
5149,2024-08-02 13:00:00,149.3,travel,mobile,CA,62,102,0,0
5150,2024-08-02 14:00:00,324.82,electronics,mobile,CA,75,173,0,0
5151,2024-08-02 15:00:00,43.3,fuel,atm,CA,37,117,0,0
5152,2024-08-02 16:00:00,166.63,ecommerce,web,CA,68,214,0,0
5153,2024-08-02 17:00:00,72.37,fuel,mobile,CA,24,84,0,0
5154,2024-08-02 18:00:00,41.76,electronics,pos,CA,41,11,0,0
5155,2024-08-02 19:00:00,119.02,restaurant,web,CA,84,51,0,0
5156,2024-08-02 20:00:00,132.36,grocery,mobile,CA,70,59,0,0
5157,2024-08-02 21:00:00,382.64,grocery,pos,MX,51,84,0,0
5158,2024-08-02 22:00:00,103.43,restaurant,pos,MX,50,105,0,0
5159,2024-08-02 23:00:00,18.28,grocery,pos,CA,40,13,1,0
5160,2024-08-03 00:00:00,144.57,fuel,mobile,CA,75,47,1,0
5161,2024-08-03 01:00:00,66.72,grocery,pos,CA,57,88,1,0
5162,2024-08-03 02:00:00,111.72,electronics,web,FR,64,171,1,0
5163,2024-08-03 03:00:00,121.44,electronics,pos,GB,60,152,1,0
5164,2024-08-03 04:00:00,191.51,fuel,web,CA,78,176,1,0
5165,2024-08-03 05:00:00,207.63,restaurant,atm,CA,59,63,1,0
5166,2024-08-03 06:00:00,74.68,ecommerce,pos,CA,79,145,0,0
5167,2024-08-03 07:00:00,106.44,fuel,pos,CA,84,69,0,0
5168,2024-08-03 08:00:00,51.05,grocery,web,FR,72,54,0,0
5169,2024-08-03 09:00:00,18.47,fuel,web,CA,66,222,0,0
5170,2024-08-03 10:00:00,147.89,electronics,pos,US,66,142,0,0
5171,2024-08-03 11:00:00,5.38,fuel,web,CA,50,15,0,0
5172,2024-08-03 12:00:00,82.68,fuel,atm,CA,45,201,0,0
5173,2024-08-03 13:00:00,30.43,ecommerce,pos,CA,74,206,0,0
5174,2024-08-03 14:00:00,169.47,electronics,pos,CA,58,138,0,0
5175,2024-08-03 15:00:00,282.13,travel,web,CA,21,150,0,0
5176,2024-08-03 16:00:00,2.86,travel,web,CA,37,95,0,0
5177,2024-08-03 17:00:00,46.77,electronics,pos,IN,52,13,0,0
5178,2024-08-03 18:00:00,108.76,travel,web,FR,70,81,0,0
5179,2024-08-03 19:00:00,121.41,grocery,atm,CA,56,65,0,0
5180,2024-08-03 20:00:00,139.68,travel,pos,CA,70,142,0,0
5181,2024-08-03 21:00:00,79.83,grocery,web,US,27,44,0,0
5182,2024-08-03 22:00:00,101.94,electronics,pos,CA,82,167,0,0
5183,2024-08-03 23:00:00,153.08,travel,web,US,18,163,1,0
5184,2024-08-04 00:00:00,213.64,travel,web,CA,70,117,1,0
5185,2024-08-04 01:00:00,55.95,restaurant,web,US,63,193,1,0
5186,2024-08-04 02:00:00,86.8,grocery,web,CA,43,27,1,0
5187,2024-08-04 03:00:00,139.24,grocery,pos,CA,19,173,1,0
5188,2024-08-04 04:00:00,37.38,fuel,mobile,CA,45,57,1,0
5189,2024-08-04 05:00:00,275.81,ecommerce,web,MX,44,22,1,1
5190,2024-08-04 06:00:00,62.81,travel,pos,CA,45,34,0,0
5191,2024-08-04 07:00:00,116.28,restaurant,mobile,IN,48,137,0,0
5192,2024-08-04 08:00:00,170.04,ecommerce,pos,CA,64,50,0,0
5193,2024-08-04 09:00:00,66.78,restaurant,mobile,CA,24,54,0,0
5194,2024-08-04 10:00:00,46.19,ecommerce,pos,CA,65,186,0,0
5195,2024-08-04 11:00:00,81.42,travel,web,CA,43,100,0,0
5196,2024-08-04 12:00:00,212.65,restaurant,pos,CA,72,224,0,0
5197,2024-08-04 13:00:00,89.68,grocery,pos,CA,24,62,0,0
5198,2024-08-04 14:00:00,43.82,fuel,pos,CA,74,166,0,0
5199,2024-08-04 15:00:00,203.31,restaurant,mobile,CA,75,84,0,0
5200,2024-08-04 16:00:00,90.23,electronics,mobile,CA,18,27,0,0
5201,2024-08-04 17:00:00,74.09,travel,mobile,CA,46,125,0,0
5202,2024-08-04 18:00:00,133.45,travel,mobile,CA,39,64,0,0
5203,2024-08-04 19:00:00,189.37,electronics,mobile,IN,57,131,0,0
5204,2024-08-04 20:00:00,334.35,ecommerce,web,CA,79,127,0,0
5205,2024-08-04 21:00:00,194.45,fuel,mobile,CA,31,11,0,0
5206,2024-08-04 22:00:00,224.39,ecommerce,pos,CA,19,24,0,0
5207,2024-08-04 23:00:00,74.46,electronics,mobile,CA,52,29,1,0
5208,2024-08-05 00:00:00,27.67,electronics,mobile,CA,84,197,1,0
5209,2024-08-05 01:00:00,125.61,fuel,pos,US,39,225,1,0
5210,2024-08-05 02:00:00,129.65,electronics,web,CA,35,8,1,0
5211,2024-08-05 03:00:00,22.93,electronics,mobile,CA,63,19,1,0
5212,2024-08-05 04:00:00,104.22,restaurant,pos,US,80,68,1,0
5213,2024-08-05 05:00:00,155.94,fuel,pos,CA,53,233,1,0
5214,2024-08-05 06:00:00,152.44,travel,pos,CA,63,99,0,0
5215,2024-08-05 07:00:00,165.39,ecommerce,pos,CA,54,222,0,0
5216,2024-08-05 08:00:00,146.19,travel,pos,CA,35,197,0,0
5217,2024-08-05 09:00:00,74.37,travel,pos,FR,60,124,0,0
5218,2024-08-05 10:00:00,73.75,restaurant,pos,CA,46,48,0,0
5219,2024-08-05 11:00:00,12.09,ecommerce,mobile,CA,35,168,0,0
5220,2024-08-05 12:00:00,280.63,travel,pos,GB,32,102,0,0
5221,2024-08-05 13:00:00,121.21,fuel,web,GB,76,195,0,0
5222,2024-08-05 14:00:00,99.76,ecommerce,pos,CA,45,144,0,0
5223,2024-08-05 15:00:00,36.41,grocery,pos,MX,70,64,0,1
5224,2024-08-05 16:00:00,384.21,restaurant,atm,CA,32,8,0,0
5225,2024-08-05 17:00:00,23.4,travel,mobile,MX,60,109,0,0
5226,2024-08-05 18:00:00,81.4,electronics,web,CA,50,133,0,0
5227,2024-08-05 19:00:00,157.43,ecommerce,web,CA,19,230,0,0
5228,2024-08-05 20:00:00,174.02,grocery,web,CA,76,123,0,0
5229,2024-08-05 21:00:00,206.21,electronics,pos,IN,25,227,0,0
5230,2024-08-05 22:00:00,282.68,grocery,pos,CA,50,200,0,0
5231,2024-08-05 23:00:00,165.55,travel,web,CA,52,228,1,0
5232,2024-08-06 00:00:00,24.96,electronics,atm,CA,35,153,1,0
5233,2024-08-06 01:00:00,96.87,travel,pos,CA,38,53,1,1
5234,2024-08-06 02:00:00,147.7,electronics,web,CA,81,49,1,1
5235,2024-08-06 03:00:00,306.14,ecommerce,pos,CA,45,72,1,0
5236,2024-08-06 04:00:00,5.8,fuel,pos,US,62,149,1,0
5237,2024-08-06 05:00:00,228.23,fuel,web,CA,37,51,1,0
5238,2024-08-06 06:00:00,136.19,grocery,pos,CA,21,174,0,0
5239,2024-08-06 07:00:00,195.4,restaurant,mobile,CA,53,9,0,0
5240,2024-08-06 08:00:00,110.82,electronics,web,FR,69,64,0,0
5241,2024-08-06 09:00:00,44.18,travel,pos,CA,56,224,0,0
5242,2024-08-06 10:00:00,187.58,restaurant,web,CA,29,236,0,0
5243,2024-08-06 11:00:00,178.9,ecommerce,mobile,CA,72,205,0,0
5244,2024-08-06 12:00:00,207.49,ecommerce,pos,CA,65,23,0,0
5245,2024-08-06 13:00:00,118.8,ecommerce,web,CA,26,188,0,0
5246,2024-08-06 14:00:00,66.02,fuel,mobile,CA,29,187,0,0
5247,2024-08-06 15:00:00,20.29,travel,pos,CA,74,136,0,0
5248,2024-08-06 16:00:00,193.74,ecommerce,mobile,CA,45,192,0,0
5249,2024-08-06 17:00:00,158.15,ecommerce,pos,CA,34,227,0,0
5250,2024-08-06 18:00:00,33.08,grocery,pos,CA,39,54,0,0
5251,2024-08-06 19:00:00,71.53,electronics,web,FR,52,92,0,1
5252,2024-08-06 20:00:00,77.99,electronics,pos,CA,76,15,0,0
5253,2024-08-06 21:00:00,13.47,electronics,mobile,CA,36,52,0,0
5254,2024-08-06 22:00:00,46.41,restaurant,web,MX,67,221,0,0
5255,2024-08-06 23:00:00,17.96,grocery,pos,CA,43,179,1,0
5256,2024-08-07 00:00:00,82.88,fuel,mobile,CA,77,4,1,0
5257,2024-08-07 01:00:00,53.52,restaurant,mobile,CA,61,162,1,0
5258,2024-08-07 02:00:00,26.43,grocery,web,CA,73,101,1,0
5259,2024-08-07 03:00:00,302.03,ecommerce,pos,CA,60,152,1,0
5260,2024-08-07 04:00:00,232.73,travel,pos,CA,40,149,1,1
5261,2024-08-07 05:00:00,49.89,restaurant,mobile,CA,39,130,1,0
5262,2024-08-07 06:00:00,144.52,restaurant,mobile,CA,64,7,0,0
5263,2024-08-07 07:00:00,157.57,ecommerce,pos,CA,72,184,0,0
5264,2024-08-07 08:00:00,227.2,ecommerce,web,CA,28,75,0,0
5265,2024-08-07 09:00:00,46.33,travel,web,CA,72,76,0,0
5266,2024-08-07 10:00:00,218.29,electronics,pos,CA,43,196,0,0
5267,2024-08-07 11:00:00,70.69,restaurant,mobile,IN,18,35,0,0
5268,2024-08-07 12:00:00,0.23,grocery,pos,CA,79,232,0,0
5269,2024-08-07 13:00:00,185.17,fuel,pos,CA,38,154,0,0
5270,2024-08-07 14:00:00,236.17,ecommerce,pos,CA,25,146,0,0
5271,2024-08-07 15:00:00,352.91,ecommerce,pos,US,37,64,0,1
5272,2024-08-07 16:00:00,12.02,fuel,pos,GB,62,122,0,0
5273,2024-08-07 17:00:00,182.9,grocery,mobile,GB,82,56,0,0
5274,2024-08-07 18:00:00,83.12,ecommerce,mobile,CA,77,229,0,0
5275,2024-08-07 19:00:00,190.5,fuel,pos,CA,84,208,0,0
5276,2024-08-07 20:00:00,12.34,ecommerce,mobile,CA,73,55,0,0
5277,2024-08-07 21:00:00,6.35,electronics,mobile,CA,48,140,0,1
5278,2024-08-07 22:00:00,50.17,electronics,pos,CA,39,233,0,0
5279,2024-08-07 23:00:00,127.11,ecommerce,pos,CA,79,232,1,0
5280,2024-08-08 00:00:00,62.3,ecommerce,pos,CA,73,37,1,0
5281,2024-08-08 01:00:00,179.31,electronics,pos,GB,25,52,1,0
5282,2024-08-08 02:00:00,212.42,ecommerce,mobile,CA,79,147,1,0
5283,2024-08-08 03:00:00,173.96,grocery,web,CA,41,15,1,0
5284,2024-08-08 04:00:00,265.69,grocery,mobile,CA,39,127,1,0
5285,2024-08-08 05:00:00,157.42,travel,mobile,CA,32,86,1,0
5286,2024-08-08 06:00:00,10.48,grocery,pos,CA,45,84,0,0
5287,2024-08-08 07:00:00,242.7,restaurant,mobile,CA,39,107,0,0
5288,2024-08-08 08:00:00,65.54,restaurant,pos,CA,48,180,0,0
5289,2024-08-08 09:00:00,201.94,restaurant,pos,CA,79,77,0,0
5290,2024-08-08 10:00:00,261.64,ecommerce,web,US,56,215,0,0
5291,2024-08-08 11:00:00,161.1,ecommerce,pos,CA,57,223,0,0
5292,2024-08-08 12:00:00,14.65,fuel,pos,MX,72,154,0,0
5293,2024-08-08 13:00:00,37.36,restaurant,mobile,US,81,45,0,1
5294,2024-08-08 14:00:00,239.05,restaurant,mobile,CA,25,96,0,0
5295,2024-08-08 15:00:00,104.78,grocery,pos,CA,61,21,0,0
5296,2024-08-08 16:00:00,127.16,electronics,pos,CA,55,81,0,0
5297,2024-08-08 17:00:00,188.29,electronics,web,CA,38,221,0,0
5298,2024-08-08 18:00:00,182.67,travel,mobile,MX,21,53,0,0
5299,2024-08-08 19:00:00,145.09,fuel,pos,CA,49,157,0,0
5300,2024-08-08 20:00:00,101.22,electronics,mobile,CA,72,176,0,0
5301,2024-08-08 21:00:00,91.86,travel,mobile,CA,77,214,0,0
5302,2024-08-08 22:00:00,197.21,grocery,web,CA,76,113,0,0
5303,2024-08-08 23:00:00,169.82,fuel,mobile,CA,84,147,1,0
5304,2024-08-09 00:00:00,96.84,fuel,mobile,CA,22,182,1,0
5305,2024-08-09 01:00:00,217.39,restaurant,pos,CA,54,78,1,1
5306,2024-08-09 02:00:00,108.39,ecommerce,pos,CA,44,127,1,0
5307,2024-08-09 03:00:00,43.35,restaurant,mobile,CA,30,119,1,0
5308,2024-08-09 04:00:00,51.69,grocery,atm,FR,23,103,1,0
5309,2024-08-09 05:00:00,31.91,restaurant,mobile,CA,82,87,1,0
5310,2024-08-09 06:00:00,95.48,fuel,web,CA,47,105,0,0
5311,2024-08-09 07:00:00,231.04,restaurant,mobile,CA,69,2,0,0
5312,2024-08-09 08:00:00,47.54,travel,pos,GB,58,115,0,0
5313,2024-08-09 09:00:00,136.96,restaurant,atm,CA,32,32,0,0
5314,2024-08-09 10:00:00,60.9,electronics,web,GB,22,102,0,0
5315,2024-08-09 11:00:00,96.57,grocery,mobile,CA,32,62,0,0
5316,2024-08-09 12:00:00,15.9,grocery,web,CA,18,97,0,0
5317,2024-08-09 13:00:00,100.15,fuel,mobile,CA,32,122,0,0
5318,2024-08-09 14:00:00,102.57,restaurant,pos,IN,77,135,0,0
5319,2024-08-09 15:00:00,168.63,fuel,mobile,CA,65,98,0,0
5320,2024-08-09 16:00:00,140.1,fuel,atm,CA,71,196,0,0
5321,2024-08-09 17:00:00,12.14,travel,web,CA,72,215,0,1
5322,2024-08-09 18:00:00,217.58,ecommerce,mobile,CA,44,84,0,0
5323,2024-08-09 19:00:00,138.93,fuel,pos,IN,47,150,0,0
5324,2024-08-09 20:00:00,137.86,ecommerce,web,CA,77,238,0,0
5325,2024-08-09 21:00:00,119.17,ecommerce,mobile,US,83,157,0,0
5326,2024-08-09 22:00:00,73.4,grocery,pos,CA,63,107,0,0
5327,2024-08-09 23:00:00,139.6,electronics,mobile,CA,69,233,1,0
5328,2024-08-10 00:00:00,162.8,electronics,mobile,CA,52,101,1,0
5329,2024-08-10 01:00:00,37.22,restaurant,pos,CA,59,131,1,0
5330,2024-08-10 02:00:00,71.51,travel,pos,CA,73,22,1,0
5331,2024-08-10 03:00:00,97.05,travel,web,CA,62,84,1,1
5332,2024-08-10 04:00:00,143.06,electronics,pos,CA,69,89,1,0
5333,2024-08-10 05:00:00,227.4,restaurant,mobile,GB,40,226,1,0
5334,2024-08-10 06:00:00,50.54,electronics,mobile,US,46,106,0,0
5335,2024-08-10 07:00:00,75.18,restaurant,pos,CA,46,181,0,0
5336,2024-08-10 08:00:00,73.87,restaurant,pos,MX,74,93,0,0
5337,2024-08-10 09:00:00,47.86,restaurant,mobile,CA,36,185,0,0
5338,2024-08-10 10:00:00,88.75,restaurant,web,CA,25,138,0,0
5339,2024-08-10 11:00:00,189.37,grocery,pos,CA,67,103,0,0
5340,2024-08-10 12:00:00,25.15,grocery,web,CA,24,239,0,0
5341,2024-08-10 13:00:00,158.5,electronics,mobile,US,28,101,0,0
5342,2024-08-10 14:00:00,33.17,restaurant,pos,CA,84,40,0,0
5343,2024-08-10 15:00:00,69.48,fuel,pos,CA,83,114,0,0
5344,2024-08-10 16:00:00,90.35,restaurant,atm,CA,45,148,0,0
5345,2024-08-10 17:00:00,270.74,fuel,pos,CA,73,125,0,0
5346,2024-08-10 18:00:00,95.27,grocery,mobile,CA,45,230,0,0
5347,2024-08-10 19:00:00,78.11,restaurant,pos,CA,57,87,0,0
5348,2024-08-10 20:00:00,59.9,ecommerce,pos,CA,19,11,0,0
5349,2024-08-10 21:00:00,123.06,electronics,pos,MX,78,136,0,0
5350,2024-08-10 22:00:00,175.24,restaurant,pos,CA,42,93,0,0
5351,2024-08-10 23:00:00,153.79,travel,pos,CA,71,36,1,0
5352,2024-08-11 00:00:00,135.08,fuel,pos,CA,34,153,1,0
5353,2024-08-11 01:00:00,224.6,restaurant,pos,CA,65,167,1,0
5354,2024-08-11 02:00:00,71.44,ecommerce,pos,CA,29,98,1,0
5355,2024-08-11 03:00:00,200.54,fuel,mobile,CA,78,111,1,0
5356,2024-08-11 04:00:00,26.88,ecommerce,mobile,CA,19,96,1,1
5357,2024-08-11 05:00:00,38.55,electronics,mobile,MX,82,62,1,1
5358,2024-08-11 06:00:00,42.63,electronics,web,US,69,105,0,0
5359,2024-08-11 07:00:00,95.26,electronics,mobile,GB,51,215,0,0
5360,2024-08-11 08:00:00,115.84,grocery,pos,IN,62,149,0,0
5361,2024-08-11 09:00:00,130.27,ecommerce,pos,CA,18,147,0,0
5362,2024-08-11 10:00:00,125.57,restaurant,pos,MX,69,153,0,0
5363,2024-08-11 11:00:00,36.52,travel,mobile,CA,84,87,0,0
5364,2024-08-11 12:00:00,102.88,travel,mobile,CA,73,211,0,1
5365,2024-08-11 13:00:00,14.77,electronics,web,CA,75,133,0,0
5366,2024-08-11 14:00:00,242.69,travel,pos,CA,67,127,0,0
5367,2024-08-11 15:00:00,92.67,fuel,mobile,FR,42,83,0,0
5368,2024-08-11 16:00:00,76.0,ecommerce,pos,CA,29,227,0,0
5369,2024-08-11 17:00:00,263.0,ecommerce,web,US,82,12,0,0
5370,2024-08-11 18:00:00,8.2,ecommerce,web,CA,73,103,0,0
5371,2024-08-11 19:00:00,18.7,fuel,pos,CA,67,153,0,0
5372,2024-08-11 20:00:00,21.34,restaurant,pos,CA,45,5,0,0
5373,2024-08-11 21:00:00,113.89,grocery,mobile,MX,20,76,0,1
5374,2024-08-11 22:00:00,158.85,fuel,web,MX,55,155,0,0
5375,2024-08-11 23:00:00,186.57,ecommerce,pos,US,81,4,1,0
5376,2024-08-12 00:00:00,351.48,ecommerce,web,CA,71,116,1,1
5377,2024-08-12 01:00:00,82.45,ecommerce,atm,CA,53,83,1,0
5378,2024-08-12 02:00:00,174.79,restaurant,pos,CA,61,173,1,0
5379,2024-08-12 03:00:00,69.86,travel,pos,CA,61,175,1,0
5380,2024-08-12 04:00:00,67.22,grocery,web,US,70,216,1,1
5381,2024-08-12 05:00:00,64.22,fuel,web,CA,30,106,1,0
5382,2024-08-12 06:00:00,38.21,ecommerce,pos,CA,61,156,0,0
5383,2024-08-12 07:00:00,271.61,electronics,pos,CA,21,225,0,0
5384,2024-08-12 08:00:00,195.81,grocery,pos,CA,68,35,0,0
5385,2024-08-12 09:00:00,122.09,electronics,web,CA,28,144,0,0
5386,2024-08-12 10:00:00,241.59,grocery,pos,FR,71,140,0,0
5387,2024-08-12 11:00:00,16.13,ecommerce,mobile,CA,79,80,0,0
5388,2024-08-12 12:00:00,0.24,grocery,mobile,CA,76,75,0,0
5389,2024-08-12 13:00:00,76.02,grocery,mobile,CA,78,43,0,0
5390,2024-08-12 14:00:00,57.05,ecommerce,mobile,US,57,28,0,0
5391,2024-08-12 15:00:00,134.55,restaurant,web,CA,21,215,0,0
5392,2024-08-12 16:00:00,129.26,electronics,mobile,CA,44,238,0,1
5393,2024-08-12 17:00:00,133.44,restaurant,mobile,CA,33,81,0,0
5394,2024-08-12 18:00:00,7.0,electronics,mobile,CA,24,19,0,0
5395,2024-08-12 19:00:00,192.28,travel,pos,CA,28,203,0,0
5396,2024-08-12 20:00:00,141.57,electronics,pos,FR,81,196,0,0
5397,2024-08-12 21:00:00,185.97,electronics,atm,CA,69,74,0,0
5398,2024-08-12 22:00:00,50.35,grocery,atm,CA,23,123,0,0
5399,2024-08-12 23:00:00,148.03,travel,web,CA,65,55,1,0
5400,2024-08-13 00:00:00,13.1,ecommerce,atm,CA,23,83,1,0
5401,2024-08-13 01:00:00,84.24,ecommerce,mobile,CA,78,164,1,0
5402,2024-08-13 02:00:00,168.09,fuel,web,CA,83,62,1,0
5403,2024-08-13 03:00:00,128.2,travel,pos,CA,70,107,1,0
5404,2024-08-13 04:00:00,43.36,grocery,web,CA,45,167,1,0
5405,2024-08-13 05:00:00,120.56,fuel,web,MX,22,116,1,0
5406,2024-08-13 06:00:00,17.84,fuel,atm,CA,75,41,0,0
5407,2024-08-13 07:00:00,223.52,ecommerce,web,US,41,188,0,0
5408,2024-08-13 08:00:00,101.52,electronics,mobile,CA,48,86,0,0
5409,2024-08-13 09:00:00,220.67,grocery,mobile,CA,58,66,0,0
5410,2024-08-13 10:00:00,72.61,travel,pos,CA,63,187,0,0
5411,2024-08-13 11:00:00,72.88,fuel,pos,CA,27,97,0,0
5412,2024-08-13 12:00:00,51.22,grocery,mobile,CA,54,168,0,0
5413,2024-08-13 13:00:00,198.86,ecommerce,pos,US,38,219,0,0
5414,2024-08-13 14:00:00,56.15,fuel,mobile,CA,38,19,0,0
5415,2024-08-13 15:00:00,178.01,fuel,pos,US,27,55,0,0
5416,2024-08-13 16:00:00,85.58,restaurant,pos,CA,41,112,0,0
5417,2024-08-13 17:00:00,57.84,ecommerce,pos,MX,29,46,0,1
5418,2024-08-13 18:00:00,68.67,restaurant,pos,CA,37,4,0,0
5419,2024-08-13 19:00:00,13.88,ecommerce,pos,CA,25,211,0,0
5420,2024-08-13 20:00:00,123.05,ecommerce,atm,US,22,190,0,0
5421,2024-08-13 21:00:00,12.86,restaurant,pos,CA,71,25,0,0
5422,2024-08-13 22:00:00,203.34,grocery,mobile,CA,53,63,0,0
5423,2024-08-13 23:00:00,111.8,grocery,atm,CA,55,198,1,0
5424,2024-08-14 00:00:00,104.02,grocery,mobile,FR,20,111,1,0
5425,2024-08-14 01:00:00,179.03,electronics,web,CA,53,13,1,1
5426,2024-08-14 02:00:00,206.75,fuel,mobile,CA,39,115,1,0
5427,2024-08-14 03:00:00,118.19,grocery,pos,US,25,86,1,0
5428,2024-08-14 04:00:00,50.59,electronics,pos,MX,78,4,1,0
5429,2024-08-14 05:00:00,39.66,fuel,mobile,CA,24,2,1,0
5430,2024-08-14 06:00:00,58.26,grocery,pos,CA,79,67,0,0
5431,2024-08-14 07:00:00,64.45,ecommerce,atm,CA,36,110,0,0
5432,2024-08-14 08:00:00,129.64,travel,mobile,CA,64,30,0,0
5433,2024-08-14 09:00:00,88.94,grocery,web,CA,41,132,0,0
5434,2024-08-14 10:00:00,181.91,travel,pos,CA,23,48,0,0
5435,2024-08-14 11:00:00,64.83,grocery,mobile,CA,25,43,0,0
5436,2024-08-14 12:00:00,114.87,ecommerce,web,GB,42,93,0,0
5437,2024-08-14 13:00:00,226.56,travel,mobile,CA,58,173,0,0
5438,2024-08-14 14:00:00,150.76,electronics,web,CA,75,225,0,0
5439,2024-08-14 15:00:00,114.6,ecommerce,pos,CA,77,141,0,0
5440,2024-08-14 16:00:00,65.83,travel,pos,CA,20,47,0,0
5441,2024-08-14 17:00:00,63.01,travel,pos,CA,26,231,0,0
5442,2024-08-14 18:00:00,43.44,restaurant,pos,CA,69,224,0,0
5443,2024-08-14 19:00:00,71.31,restaurant,pos,MX,75,28,0,0
5444,2024-08-14 20:00:00,188.01,ecommerce,pos,CA,77,37,0,0
5445,2024-08-14 21:00:00,100.03,ecommerce,mobile,CA,66,28,0,0
5446,2024-08-14 22:00:00,1.48,ecommerce,web,CA,22,155,0,0
5447,2024-08-14 23:00:00,279.14,fuel,pos,CA,79,217,1,0
5448,2024-08-15 00:00:00,148.8,electronics,web,CA,49,158,1,0
5449,2024-08-15 01:00:00,6.62,grocery,web,CA,44,134,1,0
5450,2024-08-15 02:00:00,80.23,restaurant,web,CA,41,222,1,0
5451,2024-08-15 03:00:00,129.98,travel,web,US,55,120,1,0
5452,2024-08-15 04:00:00,273.41,restaurant,pos,CA,84,9,1,0
5453,2024-08-15 05:00:00,20.27,grocery,pos,CA,33,134,1,0
5454,2024-08-15 06:00:00,207.84,ecommerce,pos,CA,32,157,0,0
5455,2024-08-15 07:00:00,245.95,restaurant,pos,MX,42,215,0,0
5456,2024-08-15 08:00:00,63.42,electronics,web,CA,21,70,0,0
5457,2024-08-15 09:00:00,95.02,electronics,mobile,IN,49,86,0,0
5458,2024-08-15 10:00:00,26.73,fuel,pos,CA,62,66,0,0
5459,2024-08-15 11:00:00,101.69,restaurant,mobile,FR,73,95,0,0
5460,2024-08-15 12:00:00,116.71,ecommerce,mobile,CA,52,181,0,1
5461,2024-08-15 13:00:00,179.37,travel,pos,CA,70,70,0,0
5462,2024-08-15 14:00:00,218.12,fuel,mobile,IN,47,234,0,0
5463,2024-08-15 15:00:00,52.67,ecommerce,pos,CA,66,5,0,0
5464,2024-08-15 16:00:00,57.06,fuel,mobile,CA,69,20,0,0
5465,2024-08-15 17:00:00,118.09,restaurant,pos,MX,19,140,0,0
5466,2024-08-15 18:00:00,146.42,grocery,pos,CA,76,102,0,0
5467,2024-08-15 19:00:00,142.45,restaurant,web,CA,54,102,0,0
5468,2024-08-15 20:00:00,90.6,ecommerce,mobile,CA,46,136,0,0
5469,2024-08-15 21:00:00,131.23,travel,pos,CA,47,120,0,0
5470,2024-08-15 22:00:00,256.39,travel,mobile,MX,39,186,0,0
5471,2024-08-15 23:00:00,154.36,ecommerce,mobile,US,36,49,1,1
5472,2024-08-16 00:00:00,86.4,fuel,pos,CA,84,64,1,0
5473,2024-08-16 01:00:00,74.98,electronics,web,US,35,178,1,1
5474,2024-08-16 02:00:00,104.71,ecommerce,web,FR,82,235,1,1
5475,2024-08-16 03:00:00,267.31,restaurant,pos,CA,22,97,1,0
5476,2024-08-16 04:00:00,103.5,travel,mobile,CA,28,39,1,0
5477,2024-08-16 05:00:00,118.22,grocery,mobile,CA,75,40,1,0
5478,2024-08-16 06:00:00,76.59,travel,mobile,MX,35,31,0,0
5479,2024-08-16 07:00:00,218.91,electronics,atm,CA,73,3,0,0
5480,2024-08-16 08:00:00,296.39,travel,pos,MX,39,211,0,0
5481,2024-08-16 09:00:00,160.56,electronics,pos,IN,73,72,0,0
5482,2024-08-16 10:00:00,127.45,ecommerce,mobile,CA,83,30,0,0
5483,2024-08-16 11:00:00,123.31,travel,mobile,CA,40,95,0,0
5484,2024-08-16 12:00:00,94.59,fuel,pos,CA,33,29,0,0
5485,2024-08-16 13:00:00,187.06,restaurant,pos,CA,61,198,0,0
5486,2024-08-16 14:00:00,132.07,fuel,mobile,CA,31,56,0,0
5487,2024-08-16 15:00:00,158.55,restaurant,pos,CA,26,194,0,0
5488,2024-08-16 16:00:00,55.97,travel,pos,CA,33,87,0,0
5489,2024-08-16 17:00:00,85.4,travel,mobile,FR,30,108,0,0
5490,2024-08-16 18:00:00,83.01,restaurant,atm,CA,53,63,0,0
5491,2024-08-16 19:00:00,211.95,grocery,mobile,CA,61,30,0,0
5492,2024-08-16 20:00:00,85.91,travel,mobile,US,31,53,0,1
5493,2024-08-16 21:00:00,307.44,grocery,pos,CA,34,230,0,0
5494,2024-08-16 22:00:00,158.78,grocery,mobile,CA,82,46,0,0
5495,2024-08-16 23:00:00,5.19,restaurant,pos,CA,71,103,1,0
5496,2024-08-17 00:00:00,108.43,grocery,atm,MX,19,137,1,0
5497,2024-08-17 01:00:00,61.35,grocery,web,CA,34,7,1,0
5498,2024-08-17 02:00:00,77.49,ecommerce,web,CA,40,63,1,0
5499,2024-08-17 03:00:00,263.95,fuel,mobile,IN,18,175,1,0
5500,2024-08-17 04:00:00,183.28,grocery,pos,CA,29,44,1,0
5501,2024-08-17 05:00:00,167.99,fuel,atm,CA,30,177,1,0
5502,2024-08-17 06:00:00,134.89,grocery,pos,CA,29,79,0,0
5503,2024-08-17 07:00:00,4.38,fuel,pos,CA,74,207,0,0
5504,2024-08-17 08:00:00,76.47,travel,pos,CA,35,213,0,0
5505,2024-08-17 09:00:00,195.76,travel,mobile,CA,32,190,0,0
5506,2024-08-17 10:00:00,25.39,fuel,mobile,MX,56,59,0,0
5507,2024-08-17 11:00:00,107.86,grocery,pos,US,50,206,0,0
5508,2024-08-17 12:00:00,99.56,ecommerce,pos,CA,65,203,0,0
5509,2024-08-17 13:00:00,107.24,fuel,mobile,CA,22,75,0,0
5510,2024-08-17 14:00:00,132.2,electronics,pos,US,25,84,0,0
5511,2024-08-17 15:00:00,185.57,ecommerce,web,CA,36,13,0,0
5512,2024-08-17 16:00:00,177.38,electronics,web,CA,69,237,0,0
5513,2024-08-17 17:00:00,143.29,fuel,mobile,CA,29,158,0,0
5514,2024-08-17 18:00:00,227.6,grocery,web,CA,25,104,0,0
5515,2024-08-17 19:00:00,16.71,electronics,web,CA,72,103,0,0
5516,2024-08-17 20:00:00,165.41,fuel,atm,CA,51,84,0,0
5517,2024-08-17 21:00:00,176.39,ecommerce,pos,CA,82,109,0,0
5518,2024-08-17 22:00:00,8.44,grocery,pos,CA,64,43,0,0
5519,2024-08-17 23:00:00,15.26,electronics,pos,CA,52,179,1,0
5520,2024-08-18 00:00:00,52.87,fuel,atm,CA,49,102,1,0
5521,2024-08-18 01:00:00,60.46,grocery,mobile,CA,68,8,1,0
5522,2024-08-18 02:00:00,187.81,grocery,pos,CA,23,37,1,0
5523,2024-08-18 03:00:00,64.69,travel,mobile,CA,26,106,1,0
5524,2024-08-18 04:00:00,42.93,grocery,web,CA,57,97,1,1
5525,2024-08-18 05:00:00,64.95,fuel,atm,CA,65,90,1,0
5526,2024-08-18 06:00:00,220.68,ecommerce,pos,CA,43,108,0,0
5527,2024-08-18 07:00:00,121.17,restaurant,mobile,CA,54,120,0,0
5528,2024-08-18 08:00:00,103.87,travel,web,CA,69,192,0,0
5529,2024-08-18 09:00:00,110.1,fuel,pos,CA,29,39,0,0
5530,2024-08-18 10:00:00,236.29,fuel,mobile,MX,55,136,0,0
5531,2024-08-18 11:00:00,52.57,fuel,pos,MX,33,62,0,0
5532,2024-08-18 12:00:00,238.4,electronics,mobile,CA,78,210,0,0
5533,2024-08-18 13:00:00,138.94,electronics,mobile,CA,41,39,0,0
5534,2024-08-18 14:00:00,105.56,ecommerce,web,CA,34,142,0,0
5535,2024-08-18 15:00:00,345.08,fuel,pos,CA,21,52,0,0
5536,2024-08-18 16:00:00,24.99,electronics,atm,GB,67,210,0,0
5537,2024-08-18 17:00:00,88.17,electronics,pos,CA,20,57,0,0
5538,2024-08-18 18:00:00,9.08,electronics,web,CA,25,149,0,0
5539,2024-08-18 19:00:00,205.72,ecommerce,mobile,CA,29,23,0,0
5540,2024-08-18 20:00:00,272.03,ecommerce,mobile,CA,52,132,0,0
5541,2024-08-18 21:00:00,270.29,fuel,web,CA,83,202,0,0
5542,2024-08-18 22:00:00,230.16,travel,pos,CA,70,171,0,0
5543,2024-08-18 23:00:00,102.21,fuel,mobile,CA,50,139,1,0
5544,2024-08-19 00:00:00,87.13,electronics,pos,FR,35,84,1,0
5545,2024-08-19 01:00:00,30.41,restaurant,pos,CA,75,19,1,0
5546,2024-08-19 02:00:00,303.23,electronics,mobile,MX,62,65,1,0
5547,2024-08-19 03:00:00,162.21,grocery,web,US,32,95,1,0
5548,2024-08-19 04:00:00,75.72,restaurant,pos,US,32,130,1,0
5549,2024-08-19 05:00:00,239.53,restaurant,web,CA,62,105,1,0
5550,2024-08-19 06:00:00,32.45,fuel,pos,CA,84,177,0,0
5551,2024-08-19 07:00:00,156.6,electronics,pos,CA,79,197,0,0
5552,2024-08-19 08:00:00,104.46,electronics,pos,IN,61,162,0,0
5553,2024-08-19 09:00:00,177.48,travel,mobile,MX,37,4,0,0
5554,2024-08-19 10:00:00,114.28,grocery,mobile,CA,56,219,0,0
5555,2024-08-19 11:00:00,10.58,fuel,web,CA,56,39,0,0
5556,2024-08-19 12:00:00,126.8,ecommerce,pos,CA,18,49,0,0
5557,2024-08-19 13:00:00,214.4,fuel,mobile,CA,84,131,0,0
5558,2024-08-19 14:00:00,117.37,restaurant,web,US,64,154,0,0
5559,2024-08-19 15:00:00,189.76,fuel,web,US,71,41,0,0
5560,2024-08-19 16:00:00,25.9,travel,mobile,CA,37,65,0,0
5561,2024-08-19 17:00:00,117.64,fuel,web,CA,26,122,0,0
5562,2024-08-19 18:00:00,63.79,travel,web,CA,45,144,0,0
5563,2024-08-19 19:00:00,187.23,restaurant,atm,CA,81,186,0,0
5564,2024-08-19 20:00:00,122.83,travel,web,US,52,35,0,0
5565,2024-08-19 21:00:00,182.11,electronics,web,MX,57,211,0,1
5566,2024-08-19 22:00:00,217.89,ecommerce,web,CA,19,144,0,0
5567,2024-08-19 23:00:00,182.25,restaurant,pos,CA,20,33,1,0
5568,2024-08-20 00:00:00,144.58,travel,mobile,CA,31,159,1,1
5569,2024-08-20 01:00:00,30.16,grocery,mobile,US,64,150,1,0
5570,2024-08-20 02:00:00,119.75,restaurant,pos,CA,71,61,1,0
5571,2024-08-20 03:00:00,72.02,grocery,pos,CA,75,108,1,0
5572,2024-08-20 04:00:00,89.03,ecommerce,atm,CA,79,212,1,0
5573,2024-08-20 05:00:00,86.29,travel,web,US,68,192,1,1
5574,2024-08-20 06:00:00,31.81,restaurant,pos,CA,65,198,0,0
5575,2024-08-20 07:00:00,56.16,restaurant,pos,CA,44,163,0,0
5576,2024-08-20 08:00:00,59.87,ecommerce,web,CA,72,39,0,0
5577,2024-08-20 09:00:00,137.4,electronics,pos,CA,66,131,0,0
5578,2024-08-20 10:00:00,1.34,grocery,pos,US,41,96,0,0
5579,2024-08-20 11:00:00,121.41,restaurant,mobile,CA,27,141,0,0
5580,2024-08-20 12:00:00,291.02,fuel,mobile,CA,24,14,0,0
5581,2024-08-20 13:00:00,212.08,grocery,pos,CA,34,169,0,0
5582,2024-08-20 14:00:00,267.92,travel,pos,CA,39,136,0,0
5583,2024-08-20 15:00:00,155.2,ecommerce,web,US,76,111,0,0
5584,2024-08-20 16:00:00,225.08,grocery,pos,CA,61,19,0,0
5585,2024-08-20 17:00:00,54.84,fuel,pos,MX,28,109,0,0
5586,2024-08-20 18:00:00,62.01,fuel,pos,CA,59,142,0,0
5587,2024-08-20 19:00:00,126.52,ecommerce,pos,CA,40,203,0,0
5588,2024-08-20 20:00:00,226.75,ecommerce,pos,CA,77,178,0,0
5589,2024-08-20 21:00:00,258.63,grocery,atm,CA,79,99,0,0
5590,2024-08-20 22:00:00,70.21,travel,pos,CA,71,61,0,0
5591,2024-08-20 23:00:00,97.14,electronics,pos,CA,30,164,1,0
5592,2024-08-21 00:00:00,52.15,fuel,pos,CA,44,67,1,0
5593,2024-08-21 01:00:00,154.44,ecommerce,web,US,57,217,1,0
5594,2024-08-21 02:00:00,221.24,electronics,mobile,CA,27,77,1,0
5595,2024-08-21 03:00:00,36.85,electronics,web,CA,32,208,1,0
5596,2024-08-21 04:00:00,156.85,electronics,mobile,US,62,92,1,0
5597,2024-08-21 05:00:00,95.1,travel,pos,GB,70,45,1,0
5598,2024-08-21 06:00:00,130.21,ecommerce,mobile,CA,24,91,0,0
5599,2024-08-21 07:00:00,161.31,fuel,pos,US,47,202,0,0
5600,2024-08-21 08:00:00,103.06,ecommerce,pos,CA,47,210,0,0
5601,2024-08-21 09:00:00,110.68,grocery,pos,IN,44,72,0,0
5602,2024-08-21 10:00:00,100.75,fuel,pos,CA,66,135,0,0
5603,2024-08-21 11:00:00,207.33,ecommerce,web,FR,74,113,0,0
5604,2024-08-21 12:00:00,157.69,fuel,web,CA,81,22,0,0
5605,2024-08-21 13:00:00,139.85,grocery,mobile,CA,80,102,0,0
5606,2024-08-21 14:00:00,5.61,restaurant,pos,CA,65,239,0,0
5607,2024-08-21 15:00:00,85.93,fuel,web,CA,58,137,0,0
5608,2024-08-21 16:00:00,200.88,restaurant,pos,CA,47,60,0,0
5609,2024-08-21 17:00:00,123.39,electronics,web,CA,20,42,0,0
5610,2024-08-21 18:00:00,179.36,travel,pos,CA,54,59,0,0
5611,2024-08-21 19:00:00,278.99,grocery,pos,CA,47,168,0,0
5612,2024-08-21 20:00:00,213.47,fuel,web,CA,71,231,0,0
5613,2024-08-21 21:00:00,128.38,grocery,mobile,CA,24,29,0,0
5614,2024-08-21 22:00:00,74.01,electronics,mobile,CA,25,183,0,0
5615,2024-08-21 23:00:00,109.82,restaurant,pos,CA,80,192,1,0
5616,2024-08-22 00:00:00,104.85,travel,pos,CA,80,101,1,0
5617,2024-08-22 01:00:00,90.66,grocery,pos,CA,81,114,1,0
5618,2024-08-22 02:00:00,155.13,restaurant,web,US,47,112,1,0
5619,2024-08-22 03:00:00,106.15,electronics,web,CA,27,239,1,0
5620,2024-08-22 04:00:00,91.17,electronics,pos,CA,66,42,1,0
5621,2024-08-22 05:00:00,40.15,electronics,pos,CA,56,29,1,0
5622,2024-08-22 06:00:00,35.4,restaurant,web,CA,51,220,0,0
5623,2024-08-22 07:00:00,162.9,fuel,pos,CA,27,21,0,0
5624,2024-08-22 08:00:00,274.43,ecommerce,pos,FR,26,97,0,0
5625,2024-08-22 09:00:00,111.22,grocery,web,US,77,191,0,0
5626,2024-08-22 10:00:00,149.5,ecommerce,pos,CA,22,123,0,0
5627,2024-08-22 11:00:00,205.72,electronics,mobile,CA,52,63,0,0
5628,2024-08-22 12:00:00,47.02,ecommerce,mobile,CA,28,218,0,0
5629,2024-08-22 13:00:00,153.01,restaurant,pos,CA,59,38,0,0
5630,2024-08-22 14:00:00,53.36,electronics,pos,MX,37,207,0,0
5631,2024-08-22 15:00:00,197.83,electronics,pos,MX,68,194,0,0
5632,2024-08-22 16:00:00,133.63,travel,web,CA,18,140,0,0
5633,2024-08-22 17:00:00,146.86,travel,mobile,CA,28,33,0,0
5634,2024-08-22 18:00:00,49.57,restaurant,pos,CA,78,207,0,0
5635,2024-08-22 19:00:00,183.63,restaurant,mobile,CA,56,237,0,0
5636,2024-08-22 20:00:00,307.62,ecommerce,web,US,65,1,0,0
5637,2024-08-22 21:00:00,29.29,grocery,mobile,CA,45,225,0,0
5638,2024-08-22 22:00:00,89.42,ecommerce,mobile,CA,53,196,0,0
5639,2024-08-22 23:00:00,140.84,restaurant,mobile,US,79,28,1,0
5640,2024-08-23 00:00:00,190.78,grocery,web,CA,27,190,1,0
5641,2024-08-23 01:00:00,69.64,ecommerce,mobile,CA,22,78,1,0
5642,2024-08-23 02:00:00,134.97,fuel,pos,CA,45,117,1,0
5643,2024-08-23 03:00:00,242.33,fuel,mobile,CA,76,59,1,1
5644,2024-08-23 04:00:00,188.45,grocery,web,CA,26,49,1,0
5645,2024-08-23 05:00:00,36.87,travel,web,CA,56,45,1,0
5646,2024-08-23 06:00:00,65.32,grocery,atm,US,79,204,0,0
5647,2024-08-23 07:00:00,261.14,ecommerce,mobile,CA,55,123,0,0
5648,2024-08-23 08:00:00,250.3,electronics,mobile,CA,41,134,0,0
5649,2024-08-23 09:00:00,204.48,fuel,pos,US,81,115,0,0
5650,2024-08-23 10:00:00,104.15,electronics,atm,CA,60,20,0,0
5651,2024-08-23 11:00:00,127.47,fuel,mobile,US,33,85,0,0
5652,2024-08-23 12:00:00,108.22,ecommerce,web,CA,83,144,0,0
5653,2024-08-23 13:00:00,221.54,fuel,mobile,CA,83,140,0,0
5654,2024-08-23 14:00:00,41.17,grocery,pos,CA,63,52,0,0
5655,2024-08-23 15:00:00,47.48,electronics,pos,CA,38,148,0,0
5656,2024-08-23 16:00:00,210.92,restaurant,web,FR,77,186,0,0
5657,2024-08-23 17:00:00,116.01,electronics,pos,CA,27,173,0,0
5658,2024-08-23 18:00:00,244.06,ecommerce,mobile,CA,35,97,0,0
5659,2024-08-23 19:00:00,59.56,restaurant,pos,CA,58,114,0,0
5660,2024-08-23 20:00:00,115.07,electronics,pos,CA,53,2,0,0
5661,2024-08-23 21:00:00,36.98,ecommerce,web,MX,83,34,0,0
5662,2024-08-23 22:00:00,120.66,travel,web,GB,63,26,0,0
5663,2024-08-23 23:00:00,13.07,grocery,pos,CA,40,161,1,0
5664,2024-08-24 00:00:00,76.11,fuel,pos,CA,56,170,1,0
5665,2024-08-24 01:00:00,9.26,fuel,web,CA,21,94,1,0
5666,2024-08-24 02:00:00,182.45,fuel,mobile,CA,58,65,1,0
5667,2024-08-24 03:00:00,184.49,travel,mobile,CA,20,110,1,0
5668,2024-08-24 04:00:00,35.72,grocery,pos,CA,70,8,1,0
5669,2024-08-24 05:00:00,240.05,electronics,web,US,53,65,1,1
5670,2024-08-24 06:00:00,344.77,electronics,pos,CA,66,110,0,0
5671,2024-08-24 07:00:00,124.14,grocery,pos,CA,44,138,0,0
5672,2024-08-24 08:00:00,62.3,restaurant,mobile,CA,70,32,0,0
5673,2024-08-24 09:00:00,374.19,grocery,pos,CA,66,51,0,0
5674,2024-08-24 10:00:00,1.29,fuel,pos,CA,18,185,0,0
5675,2024-08-24 11:00:00,121.81,electronics,pos,CA,63,168,0,0
5676,2024-08-24 12:00:00,136.17,grocery,atm,CA,79,66,0,0
5677,2024-08-24 13:00:00,241.06,electronics,web,CA,83,31,0,0
5678,2024-08-24 14:00:00,152.38,grocery,web,CA,39,191,0,1
5679,2024-08-24 15:00:00,75.12,ecommerce,web,IN,56,68,0,0
5680,2024-08-24 16:00:00,34.39,fuel,pos,US,61,184,0,0
5681,2024-08-24 17:00:00,89.24,grocery,mobile,CA,19,12,0,0
5682,2024-08-24 18:00:00,29.38,travel,pos,MX,76,31,0,0
5683,2024-08-24 19:00:00,124.3,grocery,mobile,CA,45,233,0,1
5684,2024-08-24 20:00:00,69.22,ecommerce,web,US,84,23,0,1
5685,2024-08-24 21:00:00,14.46,travel,pos,CA,31,161,0,0
5686,2024-08-24 22:00:00,232.96,travel,pos,CA,33,8,0,0
5687,2024-08-24 23:00:00,75.21,grocery,mobile,CA,68,190,1,0
5688,2024-08-25 00:00:00,5.87,ecommerce,pos,CA,45,124,1,0
5689,2024-08-25 01:00:00,104.86,travel,pos,CA,70,80,1,0
5690,2024-08-25 02:00:00,126.15,fuel,pos,CA,69,15,1,0
5691,2024-08-25 03:00:00,37.18,restaurant,mobile,CA,42,169,1,0
5692,2024-08-25 04:00:00,149.85,fuel,mobile,CA,74,104,1,0
5693,2024-08-25 05:00:00,25.76,electronics,mobile,CA,26,180,1,0
5694,2024-08-25 06:00:00,273.99,electronics,web,CA,28,154,0,0
5695,2024-08-25 07:00:00,167.16,ecommerce,web,CA,62,78,0,0
5696,2024-08-25 08:00:00,84.01,travel,pos,CA,19,12,0,0
5697,2024-08-25 09:00:00,52.93,fuel,pos,CA,71,27,0,0
5698,2024-08-25 10:00:00,110.55,fuel,mobile,CA,51,111,0,0
5699,2024-08-25 11:00:00,175.15,restaurant,mobile,CA,59,223,0,0
5700,2024-08-25 12:00:00,117.71,ecommerce,mobile,CA,28,196,0,1
5701,2024-08-25 13:00:00,100.46,travel,web,US,46,158,0,0
5702,2024-08-25 14:00:00,125.25,ecommerce,mobile,GB,22,4,0,1
5703,2024-08-25 15:00:00,65.65,grocery,mobile,CA,37,54,0,0
5704,2024-08-25 16:00:00,89.11,fuel,pos,CA,56,95,0,0
5705,2024-08-25 17:00:00,67.72,ecommerce,pos,CA,49,162,0,0
5706,2024-08-25 18:00:00,207.64,ecommerce,web,CA,46,196,0,1
5707,2024-08-25 19:00:00,146.89,restaurant,pos,CA,83,84,0,0
5708,2024-08-25 20:00:00,50.39,grocery,mobile,CA,18,184,0,0
5709,2024-08-25 21:00:00,290.89,electronics,pos,CA,18,146,0,1
5710,2024-08-25 22:00:00,127.83,fuel,web,GB,21,175,0,0
5711,2024-08-25 23:00:00,26.75,restaurant,web,CA,32,200,1,0
5712,2024-08-26 00:00:00,197.11,ecommerce,web,CA,64,188,1,0
5713,2024-08-26 01:00:00,155.82,fuel,pos,CA,47,106,1,0
5714,2024-08-26 02:00:00,155.51,electronics,atm,US,23,187,1,1
5715,2024-08-26 03:00:00,81.68,ecommerce,pos,CA,18,130,1,0
5716,2024-08-26 04:00:00,160.54,grocery,mobile,FR,79,121,1,0
5717,2024-08-26 05:00:00,96.44,fuel,mobile,US,81,73,1,1
5718,2024-08-26 06:00:00,170.03,restaurant,pos,CA,22,16,0,0
5719,2024-08-26 07:00:00,51.45,grocery,mobile,CA,71,214,0,0
5720,2024-08-26 08:00:00,80.95,electronics,web,CA,66,186,0,0
5721,2024-08-26 09:00:00,274.99,electronics,web,IN,24,140,0,0
5722,2024-08-26 10:00:00,50.96,fuel,web,FR,20,133,0,0
5723,2024-08-26 11:00:00,65.65,electronics,web,CA,78,167,0,1
5724,2024-08-26 12:00:00,79.68,travel,pos,CA,58,143,0,0
5725,2024-08-26 13:00:00,10.67,restaurant,mobile,CA,38,237,0,0
5726,2024-08-26 14:00:00,78.75,fuel,web,CA,49,72,0,0
5727,2024-08-26 15:00:00,99.25,travel,pos,US,29,88,0,0
5728,2024-08-26 16:00:00,132.23,electronics,mobile,CA,24,147,0,0
5729,2024-08-26 17:00:00,115.27,fuel,mobile,GB,68,101,0,0
5730,2024-08-26 18:00:00,106.96,travel,web,CA,62,82,0,0
5731,2024-08-26 19:00:00,123.87,electronics,pos,CA,82,85,0,0
5732,2024-08-26 20:00:00,212.06,ecommerce,pos,CA,77,49,0,0
5733,2024-08-26 21:00:00,102.86,ecommerce,pos,CA,62,123,0,0
5734,2024-08-26 22:00:00,68.33,grocery,web,CA,51,39,0,0
5735,2024-08-26 23:00:00,94.7,ecommerce,mobile,CA,28,78,1,0
5736,2024-08-27 00:00:00,172.14,travel,pos,CA,50,143,1,0
5737,2024-08-27 01:00:00,247.08,restaurant,pos,CA,25,123,1,0
5738,2024-08-27 02:00:00,63.47,ecommerce,mobile,CA,62,55,1,1
5739,2024-08-27 03:00:00,128.9,fuel,pos,FR,51,113,1,1
5740,2024-08-27 04:00:00,150.45,fuel,pos,CA,62,195,1,0
5741,2024-08-27 05:00:00,30.67,fuel,web,CA,82,184,1,0
5742,2024-08-27 06:00:00,121.84,ecommerce,mobile,CA,69,45,0,0
5743,2024-08-27 07:00:00,11.91,ecommerce,mobile,CA,27,203,0,0
5744,2024-08-27 08:00:00,39.21,grocery,mobile,CA,60,185,0,0
5745,2024-08-27 09:00:00,153.01,restaurant,pos,FR,28,67,0,0
5746,2024-08-27 10:00:00,85.45,restaurant,mobile,CA,53,222,0,0
5747,2024-08-27 11:00:00,138.21,electronics,pos,CA,35,6,0,0
5748,2024-08-27 12:00:00,118.39,grocery,pos,US,80,70,0,0
5749,2024-08-27 13:00:00,32.12,travel,pos,CA,22,159,0,0
5750,2024-08-27 14:00:00,115.93,fuel,pos,US,48,22,0,0
5751,2024-08-27 15:00:00,9.02,ecommerce,pos,MX,33,85,0,0
5752,2024-08-27 16:00:00,245.19,electronics,web,CA,83,166,0,0
5753,2024-08-27 17:00:00,2.04,electronics,web,CA,26,102,0,0
5754,2024-08-27 18:00:00,102.38,ecommerce,pos,CA,19,58,0,0
5755,2024-08-27 19:00:00,26.2,grocery,mobile,CA,54,198,0,0
5756,2024-08-27 20:00:00,171.34,electronics,mobile,CA,76,157,0,0
5757,2024-08-27 21:00:00,90.17,restaurant,pos,CA,75,184,0,0
5758,2024-08-27 22:00:00,73.32,grocery,pos,MX,25,110,0,0
5759,2024-08-27 23:00:00,196.79,ecommerce,pos,CA,69,139,1,0
5760,2024-08-28 00:00:00,122.65,grocery,pos,CA,69,176,1,0
5761,2024-08-28 01:00:00,166.5,restaurant,mobile,CA,51,86,1,0
5762,2024-08-28 02:00:00,31.68,fuel,pos,CA,65,60,1,0
5763,2024-08-28 03:00:00,6.43,ecommerce,pos,CA,41,179,1,0
5764,2024-08-28 04:00:00,129.65,restaurant,pos,MX,30,167,1,1
5765,2024-08-28 05:00:00,91.3,ecommerce,mobile,CA,67,134,1,0
5766,2024-08-28 06:00:00,176.38,restaurant,pos,MX,82,30,0,0
5767,2024-08-28 07:00:00,112.81,restaurant,mobile,CA,21,107,0,0
5768,2024-08-28 08:00:00,138.46,electronics,pos,FR,81,217,0,0
5769,2024-08-28 09:00:00,26.1,electronics,mobile,CA,56,228,0,0
5770,2024-08-28 10:00:00,289.96,electronics,mobile,CA,80,129,0,0
5771,2024-08-28 11:00:00,105.22,fuel,web,CA,75,86,0,0
5772,2024-08-28 12:00:00,182.78,fuel,mobile,GB,33,9,0,1
5773,2024-08-28 13:00:00,44.75,restaurant,mobile,CA,79,173,0,0
5774,2024-08-28 14:00:00,147.72,travel,mobile,CA,27,136,0,0
5775,2024-08-28 15:00:00,2.74,ecommerce,mobile,CA,79,34,0,0
5776,2024-08-28 16:00:00,160.69,electronics,pos,CA,50,208,0,0
5777,2024-08-28 17:00:00,87.96,ecommerce,web,CA,59,211,0,0
5778,2024-08-28 18:00:00,122.63,restaurant,atm,CA,61,136,0,0
5779,2024-08-28 19:00:00,182.82,grocery,pos,CA,63,140,0,0
5780,2024-08-28 20:00:00,9.07,restaurant,atm,CA,48,43,0,0
5781,2024-08-28 21:00:00,58.4,fuel,web,CA,22,105,0,0
5782,2024-08-28 22:00:00,161.16,travel,web,FR,35,56,0,0
5783,2024-08-28 23:00:00,308.84,grocery,mobile,CA,23,31,1,1
5784,2024-08-29 00:00:00,107.57,ecommerce,mobile,CA,67,170,1,0
5785,2024-08-29 01:00:00,173.2,fuel,pos,IN,45,161,1,0
5786,2024-08-29 02:00:00,110.37,electronics,pos,CA,41,19,1,0
5787,2024-08-29 03:00:00,294.8,grocery,mobile,CA,45,219,1,0
5788,2024-08-29 04:00:00,37.25,fuel,atm,CA,75,216,1,0
5789,2024-08-29 05:00:00,128.52,ecommerce,web,CA,84,113,1,0
5790,2024-08-29 06:00:00,26.3,restaurant,pos,CA,35,220,0,0
5791,2024-08-29 07:00:00,105.59,ecommerce,pos,CA,21,183,0,0
5792,2024-08-29 08:00:00,146.77,grocery,mobile,CA,66,4,0,0
5793,2024-08-29 09:00:00,132.55,grocery,pos,CA,49,12,0,0
5794,2024-08-29 10:00:00,94.36,restaurant,web,CA,83,215,0,0
5795,2024-08-29 11:00:00,110.44,grocery,pos,CA,75,84,0,0
5796,2024-08-29 12:00:00,398.85,travel,pos,CA,28,104,0,0
5797,2024-08-29 13:00:00,96.76,electronics,pos,FR,82,156,0,0
5798,2024-08-29 14:00:00,165.91,fuel,pos,IN,34,58,0,0
5799,2024-08-29 15:00:00,61.56,restaurant,mobile,US,83,48,0,0
5800,2024-08-29 16:00:00,146.57,ecommerce,pos,IN,21,120,0,0
5801,2024-08-29 17:00:00,98.56,ecommerce,pos,CA,49,124,0,0
5802,2024-08-29 18:00:00,83.05,electronics,web,US,46,1,0,0
5803,2024-08-29 19:00:00,283.7,grocery,mobile,CA,78,105,0,0
5804,2024-08-29 20:00:00,225.95,grocery,mobile,CA,77,203,0,0
5805,2024-08-29 21:00:00,132.31,ecommerce,pos,CA,75,44,0,0
5806,2024-08-29 22:00:00,87.38,electronics,pos,US,70,63,0,0
5807,2024-08-29 23:00:00,87.51,ecommerce,web,CA,22,95,1,0
5808,2024-08-30 00:00:00,363.27,grocery,mobile,CA,78,233,1,0
5809,2024-08-30 01:00:00,99.24,restaurant,pos,US,38,38,1,0
5810,2024-08-30 02:00:00,219.29,fuel,pos,CA,75,9,1,0
5811,2024-08-30 03:00:00,249.77,grocery,mobile,CA,31,6,1,0
5812,2024-08-30 04:00:00,139.71,restaurant,web,CA,71,70,1,0
5813,2024-08-30 05:00:00,44.24,fuel,web,CA,58,52,1,0
5814,2024-08-30 06:00:00,99.18,travel,pos,CA,33,67,0,0
5815,2024-08-30 07:00:00,181.57,electronics,pos,CA,68,96,0,0
5816,2024-08-30 08:00:00,46.67,restaurant,pos,US,18,99,0,0
5817,2024-08-30 09:00:00,135.85,travel,pos,CA,57,144,0,0
5818,2024-08-30 10:00:00,7.52,grocery,atm,FR,35,130,0,0
5819,2024-08-30 11:00:00,96.13,electronics,pos,CA,51,36,0,0
5820,2024-08-30 12:00:00,123.03,restaurant,web,CA,78,105,0,0
5821,2024-08-30 13:00:00,144.17,grocery,web,CA,38,199,0,0
5822,2024-08-30 14:00:00,19.67,electronics,pos,CA,18,35,0,0
5823,2024-08-30 15:00:00,227.72,electronics,mobile,CA,44,120,0,0
5824,2024-08-30 16:00:00,66.28,grocery,mobile,US,68,30,0,0
5825,2024-08-30 17:00:00,30.7,grocery,atm,CA,28,173,0,0
5826,2024-08-30 18:00:00,110.19,restaurant,pos,CA,31,174,0,0
5827,2024-08-30 19:00:00,123.09,electronics,pos,CA,72,93,0,0
5828,2024-08-30 20:00:00,134.45,restaurant,pos,CA,44,233,0,0
5829,2024-08-30 21:00:00,242.59,electronics,pos,CA,39,193,0,0
5830,2024-08-30 22:00:00,98.72,restaurant,web,MX,38,236,0,1
5831,2024-08-30 23:00:00,109.23,grocery,mobile,CA,41,129,1,0
5832,2024-08-31 00:00:00,20.71,grocery,pos,CA,36,105,1,0
5833,2024-08-31 01:00:00,193.85,ecommerce,mobile,CA,41,185,1,0
5834,2024-08-31 02:00:00,136.59,restaurant,web,GB,43,199,1,0
5835,2024-08-31 03:00:00,82.2,ecommerce,web,CA,42,195,1,0
5836,2024-08-31 04:00:00,51.42,ecommerce,pos,FR,62,100,1,0
5837,2024-08-31 05:00:00,250.0,travel,pos,CA,46,103,1,0
5838,2024-08-31 06:00:00,9.51,electronics,mobile,GB,28,31,0,0
5839,2024-08-31 07:00:00,66.78,fuel,pos,US,41,25,0,0
5840,2024-08-31 08:00:00,152.25,travel,mobile,GB,41,47,0,0
5841,2024-08-31 09:00:00,12.31,electronics,web,CA,29,184,0,0
5842,2024-08-31 10:00:00,14.42,fuel,mobile,CA,24,216,0,0
5843,2024-08-31 11:00:00,71.16,ecommerce,mobile,CA,57,1,0,0
5844,2024-08-31 12:00:00,184.89,fuel,pos,CA,40,102,0,0
5845,2024-08-31 13:00:00,70.93,grocery,web,CA,55,118,0,0
5846,2024-08-31 14:00:00,383.45,grocery,pos,CA,48,223,0,0
5847,2024-08-31 15:00:00,30.51,restaurant,web,IN,46,165,0,1
5848,2024-08-31 16:00:00,37.07,electronics,pos,CA,61,203,0,0
5849,2024-08-31 17:00:00,69.11,travel,web,CA,45,113,0,0
5850,2024-08-31 18:00:00,141.88,ecommerce,pos,CA,38,195,0,0
5851,2024-08-31 19:00:00,77.68,electronics,atm,CA,26,140,0,0
5852,2024-08-31 20:00:00,175.11,ecommerce,web,CA,66,20,0,0
5853,2024-08-31 21:00:00,31.93,grocery,mobile,CA,54,30,0,0
5854,2024-08-31 22:00:00,4.34,travel,pos,US,38,202,0,0
5855,2024-08-31 23:00:00,41.84,travel,web,CA,77,231,1,0
5856,2024-09-01 00:00:00,80.12,grocery,pos,US,40,192,1,0
5857,2024-09-01 01:00:00,73.37,fuel,web,US,27,79,1,0
5858,2024-09-01 02:00:00,92.91,travel,mobile,CA,38,128,1,0
5859,2024-09-01 03:00:00,63.17,fuel,atm,GB,46,85,1,0
5860,2024-09-01 04:00:00,231.91,ecommerce,pos,CA,76,64,1,0
5861,2024-09-01 05:00:00,230.52,travel,mobile,CA,57,18,1,0
5862,2024-09-01 06:00:00,89.87,restaurant,mobile,CA,38,32,0,0
5863,2024-09-01 07:00:00,41.45,grocery,atm,GB,80,147,0,0
5864,2024-09-01 08:00:00,69.0,fuel,web,IN,63,94,0,0
5865,2024-09-01 09:00:00,66.02,restaurant,atm,CA,22,33,0,0
5866,2024-09-01 10:00:00,60.86,ecommerce,mobile,CA,32,190,0,0
5867,2024-09-01 11:00:00,57.21,ecommerce,pos,CA,57,150,0,0
5868,2024-09-01 12:00:00,61.19,travel,pos,CA,21,109,0,0
5869,2024-09-01 13:00:00,85.21,travel,pos,CA,41,157,0,0
5870,2024-09-01 14:00:00,62.8,restaurant,web,CA,59,216,0,0
5871,2024-09-01 15:00:00,138.75,electronics,mobile,US,43,4,0,1
5872,2024-09-01 16:00:00,152.43,electronics,mobile,CA,83,178,0,0
5873,2024-09-01 17:00:00,38.04,travel,mobile,CA,25,204,0,0
5874,2024-09-01 18:00:00,234.4,electronics,pos,CA,83,100,0,0
5875,2024-09-01 19:00:00,31.79,grocery,pos,US,37,122,0,0
5876,2024-09-01 20:00:00,25.6,restaurant,pos,CA,83,132,0,0
5877,2024-09-01 21:00:00,154.27,grocery,mobile,CA,72,5,0,0
5878,2024-09-01 22:00:00,46.43,electronics,pos,CA,56,211,0,0
5879,2024-09-01 23:00:00,148.92,travel,pos,US,67,233,1,0
5880,2024-09-02 00:00:00,96.33,grocery,web,CA,37,167,1,0
5881,2024-09-02 01:00:00,245.32,ecommerce,pos,CA,45,57,1,0
5882,2024-09-02 02:00:00,180.51,travel,pos,CA,60,31,1,0
5883,2024-09-02 03:00:00,15.04,restaurant,pos,CA,83,7,1,1
5884,2024-09-02 04:00:00,13.09,fuel,atm,CA,45,12,1,0
5885,2024-09-02 05:00:00,270.5,fuel,pos,CA,40,10,1,0
5886,2024-09-02 06:00:00,53.64,travel,mobile,CA,52,157,0,0
5887,2024-09-02 07:00:00,44.92,electronics,pos,CA,39,213,0,0
5888,2024-09-02 08:00:00,83.94,grocery,mobile,CA,22,141,0,1
5889,2024-09-02 09:00:00,88.43,grocery,web,US,77,215,0,0
5890,2024-09-02 10:00:00,99.51,travel,mobile,CA,58,127,0,0
5891,2024-09-02 11:00:00,184.39,ecommerce,mobile,US,46,198,0,0
5892,2024-09-02 12:00:00,5.92,restaurant,web,CA,52,159,0,0
5893,2024-09-02 13:00:00,16.83,electronics,mobile,CA,62,137,0,0
5894,2024-09-02 14:00:00,160.59,ecommerce,web,CA,26,179,0,0
5895,2024-09-02 15:00:00,210.61,travel,mobile,CA,68,88,0,0
5896,2024-09-02 16:00:00,21.4,travel,web,CA,31,144,0,0
5897,2024-09-02 17:00:00,217.34,ecommerce,mobile,CA,73,187,0,0
5898,2024-09-02 18:00:00,123.38,fuel,mobile,CA,28,186,0,0
5899,2024-09-02 19:00:00,218.26,travel,pos,CA,47,11,0,0
5900,2024-09-02 20:00:00,113.68,restaurant,web,GB,56,164,0,0
5901,2024-09-02 21:00:00,107.01,electronics,mobile,CA,41,1,0,1
5902,2024-09-02 22:00:00,106.32,ecommerce,mobile,CA,75,21,0,0
5903,2024-09-02 23:00:00,215.41,fuel,atm,CA,47,172,1,1
5904,2024-09-03 00:00:00,39.56,ecommerce,pos,CA,41,100,1,0
5905,2024-09-03 01:00:00,85.08,fuel,pos,US,84,165,1,0
5906,2024-09-03 02:00:00,104.15,fuel,web,CA,46,6,1,0
5907,2024-09-03 03:00:00,140.96,restaurant,pos,CA,59,142,1,0
5908,2024-09-03 04:00:00,270.42,electronics,pos,US,79,93,1,0
5909,2024-09-03 05:00:00,38.88,travel,web,CA,44,129,1,0
5910,2024-09-03 06:00:00,165.52,fuel,pos,CA,46,136,0,0
5911,2024-09-03 07:00:00,112.2,travel,pos,US,83,111,0,0
5912,2024-09-03 08:00:00,233.19,electronics,pos,CA,74,44,0,0
5913,2024-09-03 09:00:00,156.55,travel,mobile,CA,78,123,0,0
5914,2024-09-03 10:00:00,98.86,restaurant,pos,CA,46,211,0,0
5915,2024-09-03 11:00:00,39.58,restaurant,pos,US,74,87,0,0
5916,2024-09-03 12:00:00,191.81,grocery,web,CA,72,103,0,0
5917,2024-09-03 13:00:00,48.61,restaurant,pos,CA,61,105,0,0
5918,2024-09-03 14:00:00,178.13,fuel,mobile,CA,45,75,0,0
5919,2024-09-03 15:00:00,21.09,electronics,pos,CA,54,155,0,0
5920,2024-09-03 16:00:00,232.71,restaurant,mobile,CA,40,232,0,0
5921,2024-09-03 17:00:00,134.52,ecommerce,web,CA,75,36,0,0
5922,2024-09-03 18:00:00,177.97,electronics,mobile,CA,49,170,0,0
5923,2024-09-03 19:00:00,127.38,fuel,pos,CA,53,148,0,0
5924,2024-09-03 20:00:00,37.71,electronics,pos,CA,49,234,0,0
5925,2024-09-03 21:00:00,42.53,restaurant,mobile,CA,76,8,0,0
5926,2024-09-03 22:00:00,180.52,ecommerce,pos,US,77,46,0,0
5927,2024-09-03 23:00:00,135.0,grocery,mobile,CA,44,100,1,0
5928,2024-09-04 00:00:00,226.29,fuel,pos,CA,41,52,1,0
5929,2024-09-04 01:00:00,156.29,fuel,mobile,CA,84,26,1,0
5930,2024-09-04 02:00:00,33.0,electronics,mobile,CA,53,35,1,0
5931,2024-09-04 03:00:00,48.35,travel,atm,CA,31,188,1,0
5932,2024-09-04 04:00:00,129.26,travel,pos,CA,61,131,1,0
5933,2024-09-04 05:00:00,88.26,ecommerce,pos,CA,65,123,1,0
5934,2024-09-04 06:00:00,270.61,grocery,atm,CA,49,132,0,0
5935,2024-09-04 07:00:00,159.76,grocery,mobile,US,34,236,0,0
5936,2024-09-04 08:00:00,230.43,electronics,pos,CA,74,221,0,0
5937,2024-09-04 09:00:00,22.25,electronics,web,CA,56,62,0,0
5938,2024-09-04 10:00:00,232.01,travel,pos,CA,49,64,0,0
5939,2024-09-04 11:00:00,320.83,restaurant,atm,CA,19,178,0,0
5940,2024-09-04 12:00:00,1.12,grocery,pos,GB,59,220,0,0
5941,2024-09-04 13:00:00,189.43,restaurant,web,FR,55,147,0,0
5942,2024-09-04 14:00:00,120.1,grocery,mobile,CA,72,171,0,0
5943,2024-09-04 15:00:00,19.0,restaurant,mobile,CA,72,220,0,0
5944,2024-09-04 16:00:00,164.36,restaurant,mobile,CA,51,82,0,0
5945,2024-09-04 17:00:00,195.02,grocery,pos,FR,63,14,0,0
5946,2024-09-04 18:00:00,65.9,ecommerce,web,CA,60,235,0,0
5947,2024-09-04 19:00:00,224.93,ecommerce,atm,CA,19,14,0,0
5948,2024-09-04 20:00:00,30.01,electronics,mobile,CA,53,54,0,0
5949,2024-09-04 21:00:00,14.53,restaurant,mobile,CA,53,157,0,0
5950,2024-09-04 22:00:00,132.29,restaurant,mobile,CA,39,131,0,0
5951,2024-09-04 23:00:00,122.28,restaurant,pos,CA,55,98,1,0
5952,2024-09-05 00:00:00,55.51,restaurant,mobile,CA,71,201,1,0
5953,2024-09-05 01:00:00,192.86,restaurant,pos,CA,39,104,1,0
5954,2024-09-05 02:00:00,167.78,travel,web,CA,48,5,1,0
5955,2024-09-05 03:00:00,197.23,fuel,mobile,CA,70,221,1,0
5956,2024-09-05 04:00:00,108.92,restaurant,pos,MX,76,233,1,0
5957,2024-09-05 05:00:00,174.23,travel,web,CA,66,5,1,0
5958,2024-09-05 06:00:00,79.89,ecommerce,pos,CA,44,117,0,0
5959,2024-09-05 07:00:00,304.84,restaurant,pos,CA,74,45,0,0
5960,2024-09-05 08:00:00,46.87,ecommerce,mobile,CA,23,192,0,0
5961,2024-09-05 09:00:00,309.48,electronics,mobile,CA,63,192,0,0
5962,2024-09-05 10:00:00,123.14,fuel,pos,CA,42,171,0,0
5963,2024-09-05 11:00:00,3.8,grocery,web,CA,26,171,0,0
5964,2024-09-05 12:00:00,243.13,fuel,web,CA,81,116,0,0
5965,2024-09-05 13:00:00,131.33,restaurant,pos,CA,48,236,0,0
5966,2024-09-05 14:00:00,196.6,restaurant,mobile,CA,36,51,0,0
5967,2024-09-05 15:00:00,230.15,fuel,pos,CA,82,13,0,0
5968,2024-09-05 16:00:00,150.42,fuel,mobile,CA,34,218,0,0
5969,2024-09-05 17:00:00,66.7,electronics,pos,CA,51,73,0,0
5970,2024-09-05 18:00:00,207.81,ecommerce,pos,CA,53,68,0,0
5971,2024-09-05 19:00:00,120.07,grocery,pos,MX,30,231,0,0
5972,2024-09-05 20:00:00,181.73,fuel,pos,CA,76,223,0,0
5973,2024-09-05 21:00:00,73.84,grocery,mobile,CA,38,69,0,0
5974,2024-09-05 22:00:00,160.23,fuel,pos,FR,82,135,0,0
5975,2024-09-05 23:00:00,62.53,ecommerce,pos,CA,23,92,1,0
5976,2024-09-06 00:00:00,268.8,grocery,mobile,US,28,104,1,0
5977,2024-09-06 01:00:00,176.08,travel,web,CA,39,78,1,0
5978,2024-09-06 02:00:00,141.59,ecommerce,pos,CA,28,216,1,0
5979,2024-09-06 03:00:00,163.77,grocery,atm,CA,54,170,1,0
5980,2024-09-06 04:00:00,30.14,fuel,pos,MX,43,102,1,0
5981,2024-09-06 05:00:00,266.09,fuel,mobile,CA,74,5,1,0
5982,2024-09-06 06:00:00,299.22,ecommerce,pos,CA,43,175,0,0
5983,2024-09-06 07:00:00,155.36,ecommerce,web,CA,38,48,0,0
5984,2024-09-06 08:00:00,263.14,fuel,web,CA,74,123,0,0
5985,2024-09-06 09:00:00,68.78,grocery,pos,MX,43,226,0,0
5986,2024-09-06 10:00:00,48.26,travel,web,CA,32,92,0,0
5987,2024-09-06 11:00:00,123.68,electronics,web,CA,80,175,0,0
5988,2024-09-06 12:00:00,159.14,ecommerce,mobile,CA,52,136,0,1
5989,2024-09-06 13:00:00,84.54,fuel,mobile,CA,28,149,0,0
5990,2024-09-06 14:00:00,168.4,grocery,web,CA,67,88,0,0
5991,2024-09-06 15:00:00,147.58,ecommerce,web,CA,46,118,0,0
5992,2024-09-06 16:00:00,30.15,grocery,web,CA,81,24,0,0
5993,2024-09-06 17:00:00,166.69,ecommerce,mobile,FR,58,141,0,0
5994,2024-09-06 18:00:00,197.72,fuel,pos,CA,43,113,0,0
5995,2024-09-06 19:00:00,135.43,grocery,web,US,45,143,0,0
5996,2024-09-06 20:00:00,223.74,fuel,web,US,65,110,0,0
5997,2024-09-06 21:00:00,10.43,grocery,atm,CA,83,89,0,0
5998,2024-09-06 22:00:00,162.12,ecommerce,web,GB,40,109,0,0
5999,2024-09-06 23:00:00,14.67,electronics,pos,CA,56,53,1,0
6000,2024-09-07 00:00:00,19.73,electronics,web,US,38,220,1,0
6001,2024-09-07 01:00:00,63.22,travel,mobile,CA,66,231,1,0
6002,2024-09-07 02:00:00,35.21,travel,mobile,US,53,200,1,0
6003,2024-09-07 03:00:00,70.68,restaurant,mobile,CA,54,159,1,0
6004,2024-09-07 04:00:00,100.73,fuel,mobile,MX,59,199,1,0
6005,2024-09-07 05:00:00,195.34,grocery,pos,GB,79,51,1,0
6006,2024-09-07 06:00:00,91.1,travel,web,CA,23,175,0,0
6007,2024-09-07 07:00:00,22.71,ecommerce,mobile,CA,25,167,0,0
6008,2024-09-07 08:00:00,222.61,electronics,pos,US,57,209,0,0
6009,2024-09-07 09:00:00,44.66,grocery,pos,CA,27,117,0,0
6010,2024-09-07 10:00:00,114.72,restaurant,mobile,CA,48,57,0,0
6011,2024-09-07 11:00:00,160.19,electronics,mobile,CA,47,178,0,0
6012,2024-09-07 12:00:00,137.96,grocery,atm,CA,68,115,0,0
6013,2024-09-07 13:00:00,218.48,travel,atm,CA,53,57,0,0
6014,2024-09-07 14:00:00,163.11,travel,pos,CA,78,35,0,1
6015,2024-09-07 15:00:00,42.48,fuel,mobile,CA,44,86,0,0
6016,2024-09-07 16:00:00,316.07,restaurant,pos,CA,52,135,0,0
6017,2024-09-07 17:00:00,137.49,grocery,mobile,CA,77,53,0,0
6018,2024-09-07 18:00:00,106.74,restaurant,pos,CA,49,10,0,0
6019,2024-09-07 19:00:00,206.75,ecommerce,pos,CA,21,220,0,1
6020,2024-09-07 20:00:00,142.45,restaurant,mobile,CA,44,39,0,0
6021,2024-09-07 21:00:00,155.93,travel,pos,CA,64,186,0,0
6022,2024-09-07 22:00:00,344.3,fuel,mobile,FR,23,235,0,0
6023,2024-09-07 23:00:00,95.24,travel,pos,CA,43,221,1,0
6024,2024-09-08 00:00:00,91.4,electronics,pos,CA,41,163,1,0
6025,2024-09-08 01:00:00,130.49,travel,pos,CA,61,127,1,0
6026,2024-09-08 02:00:00,216.44,grocery,web,CA,31,59,1,0
6027,2024-09-08 03:00:00,15.59,fuel,pos,CA,30,117,1,0
6028,2024-09-08 04:00:00,56.9,grocery,pos,FR,43,150,1,0
6029,2024-09-08 05:00:00,67.16,ecommerce,mobile,CA,60,137,1,0
6030,2024-09-08 06:00:00,27.05,ecommerce,pos,CA,60,100,0,0
6031,2024-09-08 07:00:00,81.77,travel,web,IN,83,8,0,1
6032,2024-09-08 08:00:00,165.22,fuel,mobile,CA,45,222,0,0
6033,2024-09-08 09:00:00,39.83,restaurant,pos,FR,18,222,0,0
6034,2024-09-08 10:00:00,8.41,fuel,web,GB,29,120,0,0
6035,2024-09-08 11:00:00,126.24,fuel,mobile,FR,67,58,0,0
6036,2024-09-08 12:00:00,197.63,fuel,mobile,US,70,127,0,0
6037,2024-09-08 13:00:00,32.55,travel,mobile,CA,77,95,0,0
6038,2024-09-08 14:00:00,193.82,grocery,atm,CA,72,150,0,0
6039,2024-09-08 15:00:00,193.56,travel,pos,CA,52,236,0,0
6040,2024-09-08 16:00:00,205.87,restaurant,atm,IN,78,95,0,0
6041,2024-09-08 17:00:00,229.66,grocery,atm,CA,43,168,0,0
6042,2024-09-08 18:00:00,318.18,restaurant,mobile,CA,48,239,0,0
6043,2024-09-08 19:00:00,87.95,electronics,web,US,74,156,0,0
6044,2024-09-08 20:00:00,129.86,electronics,mobile,CA,29,174,0,0
6045,2024-09-08 21:00:00,82.52,grocery,pos,CA,22,69,0,0
6046,2024-09-08 22:00:00,120.18,travel,mobile,GB,24,209,0,1
6047,2024-09-08 23:00:00,257.96,restaurant,pos,CA,33,52,1,0
6048,2024-09-09 00:00:00,1.05,restaurant,mobile,CA,69,11,1,0
6049,2024-09-09 01:00:00,42.51,ecommerce,web,CA,38,150,1,0
6050,2024-09-09 02:00:00,243.95,restaurant,pos,CA,44,47,1,0
6051,2024-09-09 03:00:00,211.8,travel,mobile,CA,40,89,1,1
6052,2024-09-09 04:00:00,87.32,ecommerce,web,CA,42,13,1,0
6053,2024-09-09 05:00:00,196.9,travel,mobile,CA,28,126,1,1
6054,2024-09-09 06:00:00,150.71,fuel,pos,CA,80,100,0,0
6055,2024-09-09 07:00:00,255.02,restaurant,mobile,CA,74,118,0,0
6056,2024-09-09 08:00:00,126.71,fuel,web,CA,71,173,0,0
6057,2024-09-09 09:00:00,212.31,electronics,web,CA,27,237,0,0
6058,2024-09-09 10:00:00,357.78,electronics,web,CA,67,75,0,0
6059,2024-09-09 11:00:00,173.83,grocery,mobile,CA,18,69,0,0
6060,2024-09-09 12:00:00,124.44,restaurant,mobile,CA,47,121,0,0
6061,2024-09-09 13:00:00,185.02,ecommerce,pos,US,72,78,0,0
6062,2024-09-09 14:00:00,87.12,fuel,pos,US,23,22,0,0
6063,2024-09-09 15:00:00,334.92,travel,web,CA,41,195,0,0
6064,2024-09-09 16:00:00,136.21,restaurant,mobile,CA,22,163,0,0
6065,2024-09-09 17:00:00,95.44,grocery,mobile,CA,24,160,0,0
6066,2024-09-09 18:00:00,44.79,travel,pos,MX,20,166,0,0
6067,2024-09-09 19:00:00,218.75,fuel,pos,CA,30,58,0,0
6068,2024-09-09 20:00:00,198.05,restaurant,web,GB,71,168,0,0
6069,2024-09-09 21:00:00,75.24,fuel,mobile,CA,80,216,0,0
6070,2024-09-09 22:00:00,171.88,restaurant,pos,CA,23,220,0,0
6071,2024-09-09 23:00:00,15.77,restaurant,mobile,CA,64,21,1,0
6072,2024-09-10 00:00:00,136.65,fuel,pos,CA,72,49,1,0
6073,2024-09-10 01:00:00,160.75,fuel,pos,CA,66,97,1,0
6074,2024-09-10 02:00:00,273.66,travel,pos,CA,74,92,1,0
6075,2024-09-10 03:00:00,50.63,grocery,mobile,CA,20,39,1,0
6076,2024-09-10 04:00:00,4.95,fuel,mobile,CA,39,189,1,0
6077,2024-09-10 05:00:00,39.41,electronics,pos,CA,52,100,1,0
6078,2024-09-10 06:00:00,0.29,grocery,web,CA,45,10,0,0
6079,2024-09-10 07:00:00,240.3,electronics,pos,MX,59,229,0,0
6080,2024-09-10 08:00:00,259.38,travel,mobile,GB,29,168,0,0
6081,2024-09-10 09:00:00,148.82,fuel,mobile,CA,18,58,0,0
6082,2024-09-10 10:00:00,229.92,grocery,pos,US,40,89,0,0
6083,2024-09-10 11:00:00,132.06,fuel,pos,IN,45,173,0,0
6084,2024-09-10 12:00:00,111.44,restaurant,mobile,CA,53,145,0,0
6085,2024-09-10 13:00:00,90.03,fuel,mobile,GB,71,121,0,0
6086,2024-09-10 14:00:00,92.06,grocery,pos,CA,64,68,0,0
6087,2024-09-10 15:00:00,19.3,fuel,web,CA,73,10,0,0
6088,2024-09-10 16:00:00,143.78,fuel,mobile,CA,27,117,0,0
6089,2024-09-10 17:00:00,116.37,ecommerce,web,US,22,62,0,0
6090,2024-09-10 18:00:00,187.08,ecommerce,web,US,31,89,0,1
6091,2024-09-10 19:00:00,128.42,grocery,web,CA,41,160,0,0
6092,2024-09-10 20:00:00,105.36,grocery,web,CA,80,72,0,0
6093,2024-09-10 21:00:00,41.59,restaurant,web,MX,45,170,0,0
6094,2024-09-10 22:00:00,126.49,restaurant,atm,MX,38,173,0,0
6095,2024-09-10 23:00:00,186.44,fuel,pos,CA,37,76,1,0
6096,2024-09-11 00:00:00,17.1,electronics,web,US,79,149,1,0
6097,2024-09-11 01:00:00,127.87,grocery,pos,CA,68,109,1,0
6098,2024-09-11 02:00:00,140.97,fuel,pos,CA,57,155,1,0
6099,2024-09-11 03:00:00,55.37,electronics,mobile,CA,82,128,1,1
6100,2024-09-11 04:00:00,67.09,ecommerce,mobile,CA,45,158,1,0
6101,2024-09-11 05:00:00,140.75,restaurant,pos,CA,71,74,1,0
6102,2024-09-11 06:00:00,17.99,grocery,atm,CA,19,213,0,0
6103,2024-09-11 07:00:00,151.49,fuel,pos,CA,31,129,0,0
6104,2024-09-11 08:00:00,39.42,ecommerce,pos,CA,31,9,0,0
6105,2024-09-11 09:00:00,215.66,travel,pos,US,61,3,0,0
6106,2024-09-11 10:00:00,330.4,ecommerce,web,IN,57,113,0,0
6107,2024-09-11 11:00:00,42.53,fuel,web,US,51,53,0,0
6108,2024-09-11 12:00:00,168.08,restaurant,web,CA,82,170,0,0
6109,2024-09-11 13:00:00,54.59,electronics,web,CA,35,147,0,0
6110,2024-09-11 14:00:00,213.69,travel,web,CA,51,6,0,0
6111,2024-09-11 15:00:00,6.13,travel,web,CA,66,135,0,1
6112,2024-09-11 16:00:00,163.25,restaurant,pos,GB,72,171,0,0
6113,2024-09-11 17:00:00,41.43,travel,mobile,CA,79,80,0,0
6114,2024-09-11 18:00:00,101.37,grocery,mobile,GB,41,36,0,0
6115,2024-09-11 19:00:00,27.21,fuel,pos,CA,65,196,0,0
6116,2024-09-11 20:00:00,194.01,travel,pos,CA,56,210,0,0
6117,2024-09-11 21:00:00,44.67,ecommerce,mobile,CA,65,224,0,0
6118,2024-09-11 22:00:00,169.68,electronics,pos,US,26,96,0,1
6119,2024-09-11 23:00:00,89.03,fuel,mobile,CA,46,210,1,0
6120,2024-09-12 00:00:00,109.7,restaurant,pos,CA,77,39,1,0
6121,2024-09-12 01:00:00,133.3,ecommerce,web,CA,43,43,1,0
6122,2024-09-12 02:00:00,51.44,grocery,pos,FR,55,165,1,0
6123,2024-09-12 03:00:00,138.93,travel,atm,CA,79,156,1,0
6124,2024-09-12 04:00:00,257.73,ecommerce,mobile,CA,43,50,1,1
6125,2024-09-12 05:00:00,49.97,fuel,mobile,CA,31,39,1,1
6126,2024-09-12 06:00:00,225.46,ecommerce,pos,US,66,130,0,0
6127,2024-09-12 07:00:00,254.83,grocery,mobile,CA,60,125,0,0
6128,2024-09-12 08:00:00,46.55,electronics,web,GB,25,165,0,0
6129,2024-09-12 09:00:00,10.95,travel,mobile,CA,57,101,0,0
6130,2024-09-12 10:00:00,147.18,fuel,pos,CA,42,115,0,0
6131,2024-09-12 11:00:00,70.73,travel,mobile,CA,80,194,0,0
6132,2024-09-12 12:00:00,288.17,travel,mobile,CA,21,19,0,0
6133,2024-09-12 13:00:00,123.13,restaurant,pos,CA,32,69,0,0
6134,2024-09-12 14:00:00,47.8,travel,pos,IN,33,44,0,0
6135,2024-09-12 15:00:00,16.76,ecommerce,pos,CA,71,141,0,0
6136,2024-09-12 16:00:00,218.09,ecommerce,pos,CA,28,150,0,0
6137,2024-09-12 17:00:00,68.59,electronics,web,CA,45,135,0,0
6138,2024-09-12 18:00:00,123.94,grocery,mobile,CA,24,130,0,0
6139,2024-09-12 19:00:00,206.02,fuel,pos,CA,55,62,0,0
6140,2024-09-12 20:00:00,76.42,ecommerce,web,CA,41,206,0,0
6141,2024-09-12 21:00:00,115.87,travel,web,CA,54,89,0,0
6142,2024-09-12 22:00:00,118.51,grocery,pos,CA,52,218,0,0
6143,2024-09-12 23:00:00,181.5,fuel,web,CA,23,133,1,0
6144,2024-09-13 00:00:00,173.17,fuel,pos,US,50,148,1,0
6145,2024-09-13 01:00:00,100.19,fuel,web,CA,71,126,1,0
6146,2024-09-13 02:00:00,125.73,fuel,pos,CA,31,54,1,0
6147,2024-09-13 03:00:00,86.54,electronics,mobile,CA,36,76,1,0
6148,2024-09-13 04:00:00,12.99,fuel,pos,CA,28,191,1,0
6149,2024-09-13 05:00:00,143.18,grocery,atm,CA,62,164,1,0
6150,2024-09-13 06:00:00,290.3,ecommerce,mobile,CA,77,223,0,0
6151,2024-09-13 07:00:00,40.47,grocery,pos,CA,75,209,0,0
6152,2024-09-13 08:00:00,50.43,travel,web,CA,41,144,0,1
6153,2024-09-13 09:00:00,41.63,restaurant,pos,CA,28,57,0,0
6154,2024-09-13 10:00:00,185.21,electronics,mobile,CA,61,64,0,0
6155,2024-09-13 11:00:00,160.36,electronics,pos,CA,83,138,0,0
6156,2024-09-13 12:00:00,105.73,travel,mobile,US,62,99,0,0
6157,2024-09-13 13:00:00,37.38,grocery,pos,CA,49,225,0,0
6158,2024-09-13 14:00:00,128.31,grocery,pos,US,34,102,0,0
6159,2024-09-13 15:00:00,20.82,travel,pos,CA,71,99,0,0
6160,2024-09-13 16:00:00,132.91,restaurant,pos,CA,27,51,0,0
6161,2024-09-13 17:00:00,198.44,fuel,web,CA,23,27,0,0
6162,2024-09-13 18:00:00,7.39,fuel,pos,CA,37,135,0,0
6163,2024-09-13 19:00:00,17.93,ecommerce,mobile,IN,18,91,0,0
6164,2024-09-13 20:00:00,262.15,grocery,mobile,CA,81,41,0,0
6165,2024-09-13 21:00:00,64.94,grocery,pos,CA,18,118,0,0
6166,2024-09-13 22:00:00,222.24,travel,web,GB,78,204,0,0
6167,2024-09-13 23:00:00,106.14,travel,web,CA,18,126,1,0
6168,2024-09-14 00:00:00,105.42,fuel,mobile,CA,63,238,1,0
6169,2024-09-14 01:00:00,159.46,grocery,web,CA,77,97,1,0
6170,2024-09-14 02:00:00,40.44,grocery,pos,GB,60,121,1,0
6171,2024-09-14 03:00:00,131.92,electronics,pos,CA,61,141,1,0
6172,2024-09-14 04:00:00,85.67,ecommerce,web,CA,55,117,1,0
6173,2024-09-14 05:00:00,1.16,ecommerce,atm,CA,19,66,1,0
6174,2024-09-14 06:00:00,150.37,fuel,mobile,CA,29,131,0,0
6175,2024-09-14 07:00:00,96.3,restaurant,pos,US,40,11,0,0
6176,2024-09-14 08:00:00,105.87,grocery,mobile,CA,26,133,0,0
6177,2024-09-14 09:00:00,11.09,electronics,mobile,CA,25,60,0,0
6178,2024-09-14 10:00:00,263.23,grocery,pos,CA,67,130,0,0
6179,2024-09-14 11:00:00,198.9,travel,mobile,MX,79,238,0,0
6180,2024-09-14 12:00:00,206.77,fuel,web,CA,40,92,0,0
6181,2024-09-14 13:00:00,92.51,restaurant,mobile,CA,76,77,0,0
6182,2024-09-14 14:00:00,35.63,ecommerce,web,CA,27,238,0,0
6183,2024-09-14 15:00:00,295.76,grocery,atm,CA,29,227,0,0
6184,2024-09-14 16:00:00,114.5,restaurant,pos,US,79,104,0,0
6185,2024-09-14 17:00:00,52.61,fuel,mobile,CA,47,64,0,0
6186,2024-09-14 18:00:00,157.51,ecommerce,pos,CA,64,141,0,0
6187,2024-09-14 19:00:00,225.04,grocery,web,CA,58,54,0,0
6188,2024-09-14 20:00:00,117.93,electronics,atm,CA,24,140,0,0
6189,2024-09-14 21:00:00,235.07,fuel,mobile,CA,69,146,0,0
6190,2024-09-14 22:00:00,217.47,grocery,pos,US,62,18,0,0
6191,2024-09-14 23:00:00,23.13,ecommerce,web,CA,55,145,1,0
6192,2024-09-15 00:00:00,59.36,ecommerce,pos,CA,53,167,1,0
6193,2024-09-15 01:00:00,206.18,electronics,pos,CA,75,86,1,0
6194,2024-09-15 02:00:00,124.14,fuel,mobile,FR,63,141,1,0
6195,2024-09-15 03:00:00,106.55,fuel,web,CA,84,45,1,0
6196,2024-09-15 04:00:00,8.77,restaurant,web,CA,82,128,1,0
6197,2024-09-15 05:00:00,77.11,grocery,mobile,CA,35,102,1,0
6198,2024-09-15 06:00:00,93.11,restaurant,pos,CA,19,117,0,0
6199,2024-09-15 07:00:00,87.76,ecommerce,pos,US,21,147,0,0
6200,2024-09-15 08:00:00,70.3,ecommerce,web,CA,59,216,0,0
6201,2024-09-15 09:00:00,21.26,electronics,mobile,CA,66,147,0,0
6202,2024-09-15 10:00:00,326.27,electronics,mobile,GB,66,21,0,0
6203,2024-09-15 11:00:00,288.07,fuel,web,FR,24,24,0,0
6204,2024-09-15 12:00:00,15.41,restaurant,pos,CA,26,158,0,0
6205,2024-09-15 13:00:00,262.39,ecommerce,web,CA,44,220,0,0
6206,2024-09-15 14:00:00,84.05,grocery,mobile,CA,38,48,0,0
6207,2024-09-15 15:00:00,131.63,travel,pos,CA,52,163,0,0
6208,2024-09-15 16:00:00,114.31,grocery,web,CA,53,110,0,0
6209,2024-09-15 17:00:00,60.62,electronics,atm,CA,84,59,0,0
6210,2024-09-15 18:00:00,208.55,grocery,web,US,60,230,0,0
6211,2024-09-15 19:00:00,131.33,ecommerce,pos,CA,25,17,0,0
6212,2024-09-15 20:00:00,77.11,restaurant,web,CA,53,48,0,0
6213,2024-09-15 21:00:00,2.59,fuel,pos,CA,65,226,0,0
6214,2024-09-15 22:00:00,39.58,restaurant,pos,CA,63,55,0,0
6215,2024-09-15 23:00:00,27.72,travel,mobile,CA,49,137,1,1
6216,2024-09-16 00:00:00,121.1,fuel,pos,CA,24,77,1,0
6217,2024-09-16 01:00:00,12.3,travel,pos,US,29,14,1,0
6218,2024-09-16 02:00:00,96.1,travel,web,US,72,154,1,0
6219,2024-09-16 03:00:00,243.31,ecommerce,mobile,CA,40,180,1,0
6220,2024-09-16 04:00:00,227.94,ecommerce,mobile,CA,69,85,1,0
6221,2024-09-16 05:00:00,117.1,electronics,pos,US,30,44,1,0
6222,2024-09-16 06:00:00,112.16,electronics,mobile,CA,70,212,0,0
6223,2024-09-16 07:00:00,289.19,travel,web,FR,80,139,0,0
6224,2024-09-16 08:00:00,166.87,restaurant,web,CA,68,51,0,0
6225,2024-09-16 09:00:00,90.5,electronics,mobile,CA,75,170,0,0
6226,2024-09-16 10:00:00,8.34,ecommerce,pos,CA,44,190,0,0
6227,2024-09-16 11:00:00,155.45,electronics,atm,CA,24,163,0,0
6228,2024-09-16 12:00:00,194.64,travel,web,CA,67,64,0,0
6229,2024-09-16 13:00:00,63.15,fuel,pos,US,41,95,0,0
6230,2024-09-16 14:00:00,146.21,restaurant,web,CA,42,146,0,0
6231,2024-09-16 15:00:00,87.28,restaurant,pos,CA,61,142,0,0
6232,2024-09-16 16:00:00,103.44,grocery,web,CA,53,120,0,1
6233,2024-09-16 17:00:00,103.9,electronics,pos,CA,74,49,0,0
6234,2024-09-16 18:00:00,100.04,restaurant,pos,CA,54,197,0,0
6235,2024-09-16 19:00:00,207.24,ecommerce,mobile,CA,69,145,0,0
6236,2024-09-16 20:00:00,63.17,fuel,mobile,CA,80,149,0,0
6237,2024-09-16 21:00:00,124.73,ecommerce,pos,CA,24,142,0,0
6238,2024-09-16 22:00:00,51.96,electronics,web,CA,77,3,0,0
6239,2024-09-16 23:00:00,152.44,travel,web,CA,54,159,1,0
6240,2024-09-17 00:00:00,100.51,grocery,web,CA,38,217,1,0
6241,2024-09-17 01:00:00,35.47,grocery,pos,CA,63,47,1,0
6242,2024-09-17 02:00:00,239.93,fuel,mobile,CA,38,172,1,0
6243,2024-09-17 03:00:00,203.6,restaurant,pos,CA,69,17,1,0
6244,2024-09-17 04:00:00,65.56,restaurant,mobile,US,46,218,1,1
6245,2024-09-17 05:00:00,164.8,restaurant,web,CA,56,81,1,0
6246,2024-09-17 06:00:00,168.37,grocery,mobile,CA,44,184,0,0
6247,2024-09-17 07:00:00,177.81,travel,pos,CA,27,211,0,0
6248,2024-09-17 08:00:00,32.48,restaurant,mobile,CA,53,27,0,0
6249,2024-09-17 09:00:00,210.59,ecommerce,pos,CA,33,71,0,0
6250,2024-09-17 10:00:00,68.73,restaurant,mobile,CA,53,90,0,0
6251,2024-09-17 11:00:00,87.8,travel,pos,CA,51,197,0,0
6252,2024-09-17 12:00:00,357.41,fuel,web,FR,54,130,0,0
6253,2024-09-17 13:00:00,147.17,fuel,pos,CA,76,80,0,0
6254,2024-09-17 14:00:00,85.23,grocery,pos,CA,46,190,0,0
6255,2024-09-17 15:00:00,78.48,travel,mobile,US,48,109,0,1
6256,2024-09-17 16:00:00,245.08,ecommerce,web,CA,83,203,0,0
6257,2024-09-17 17:00:00,1.07,travel,web,FR,20,231,0,0
6258,2024-09-17 18:00:00,29.69,ecommerce,pos,US,39,87,0,0
6259,2024-09-17 19:00:00,90.18,ecommerce,pos,GB,70,227,0,0
6260,2024-09-17 20:00:00,247.48,travel,mobile,CA,65,6,0,0
6261,2024-09-17 21:00:00,189.59,electronics,mobile,CA,64,101,0,0
6262,2024-09-17 22:00:00,105.79,travel,pos,US,59,193,0,0
6263,2024-09-17 23:00:00,147.75,ecommerce,web,GB,21,225,1,0
6264,2024-09-18 00:00:00,65.97,restaurant,mobile,FR,59,146,1,0
6265,2024-09-18 01:00:00,132.57,fuel,mobile,MX,60,55,1,0
6266,2024-09-18 02:00:00,126.6,fuel,pos,CA,59,67,1,0
6267,2024-09-18 03:00:00,207.19,grocery,mobile,CA,20,185,1,0
6268,2024-09-18 04:00:00,207.05,fuel,pos,CA,76,147,1,1
6269,2024-09-18 05:00:00,164.46,electronics,mobile,CA,28,74,1,0
6270,2024-09-18 06:00:00,87.39,ecommerce,pos,CA,52,212,0,0
6271,2024-09-18 07:00:00,186.76,travel,web,CA,67,139,0,0
6272,2024-09-18 08:00:00,111.72,travel,web,CA,80,224,0,0
6273,2024-09-18 09:00:00,22.63,electronics,web,CA,23,232,0,0
6274,2024-09-18 10:00:00,83.7,fuel,web,FR,49,212,0,0
6275,2024-09-18 11:00:00,127.61,ecommerce,mobile,CA,28,183,0,0
6276,2024-09-18 12:00:00,201.92,fuel,web,CA,60,96,0,0
6277,2024-09-18 13:00:00,103.48,grocery,pos,CA,56,235,0,0
6278,2024-09-18 14:00:00,11.17,fuel,pos,US,30,165,0,0
6279,2024-09-18 15:00:00,125.11,grocery,mobile,CA,30,86,0,0
6280,2024-09-18 16:00:00,130.21,travel,mobile,CA,56,132,0,0
6281,2024-09-18 17:00:00,136.73,ecommerce,mobile,CA,63,13,0,1
6282,2024-09-18 18:00:00,202.79,restaurant,pos,CA,51,70,0,0
6283,2024-09-18 19:00:00,211.7,grocery,web,CA,84,93,0,0
6284,2024-09-18 20:00:00,66.52,fuel,pos,CA,49,186,0,0
6285,2024-09-18 21:00:00,64.55,fuel,atm,US,82,130,0,0
6286,2024-09-18 22:00:00,26.38,travel,pos,CA,24,188,0,0
6287,2024-09-18 23:00:00,182.89,electronics,web,CA,20,89,1,0
6288,2024-09-19 00:00:00,250.39,restaurant,mobile,CA,66,160,1,0
6289,2024-09-19 01:00:00,91.64,electronics,mobile,CA,75,63,1,0
6290,2024-09-19 02:00:00,98.27,fuel,pos,CA,45,60,1,0
6291,2024-09-19 03:00:00,252.01,electronics,pos,CA,44,154,1,1
6292,2024-09-19 04:00:00,165.5,restaurant,web,GB,39,218,1,0
6293,2024-09-19 05:00:00,159.26,restaurant,web,CA,30,230,1,1
6294,2024-09-19 06:00:00,12.82,ecommerce,pos,FR,39,150,0,0
6295,2024-09-19 07:00:00,181.09,electronics,mobile,GB,22,74,0,0
6296,2024-09-19 08:00:00,36.38,ecommerce,web,CA,39,215,0,0
6297,2024-09-19 09:00:00,17.94,fuel,mobile,CA,70,132,0,0
6298,2024-09-19 10:00:00,88.79,fuel,pos,CA,56,144,0,0
6299,2024-09-19 11:00:00,67.28,fuel,pos,CA,54,63,0,0
6300,2024-09-19 12:00:00,100.06,travel,mobile,CA,48,170,0,0
6301,2024-09-19 13:00:00,9.69,electronics,mobile,CA,79,161,0,0
6302,2024-09-19 14:00:00,206.29,grocery,mobile,GB,23,141,0,0
6303,2024-09-19 15:00:00,221.49,restaurant,mobile,CA,51,46,0,0
6304,2024-09-19 16:00:00,55.26,grocery,pos,CA,69,236,0,0
6305,2024-09-19 17:00:00,208.06,fuel,pos,US,47,141,0,0
6306,2024-09-19 18:00:00,47.05,electronics,pos,MX,30,33,0,0
6307,2024-09-19 19:00:00,197.13,ecommerce,mobile,CA,75,123,0,0
6308,2024-09-19 20:00:00,113.84,grocery,web,CA,70,14,0,0
6309,2024-09-19 21:00:00,122.59,fuel,pos,CA,37,8,0,0
6310,2024-09-19 22:00:00,103.34,grocery,pos,US,23,218,0,0
6311,2024-09-19 23:00:00,229.09,grocery,mobile,IN,72,86,1,1
6312,2024-09-20 00:00:00,8.44,restaurant,mobile,CA,48,174,1,0
6313,2024-09-20 01:00:00,174.71,grocery,mobile,CA,76,126,1,0
6314,2024-09-20 02:00:00,219.12,fuel,pos,CA,36,129,1,0
6315,2024-09-20 03:00:00,184.47,restaurant,web,GB,45,59,1,0
6316,2024-09-20 04:00:00,329.22,fuel,pos,CA,30,60,1,0
6317,2024-09-20 05:00:00,72.39,travel,pos,CA,69,49,1,0
6318,2024-09-20 06:00:00,206.16,travel,pos,CA,78,80,0,0
6319,2024-09-20 07:00:00,110.45,travel,pos,CA,58,236,0,0
6320,2024-09-20 08:00:00,231.01,grocery,web,CA,62,93,0,0
6321,2024-09-20 09:00:00,119.31,electronics,mobile,CA,24,61,0,0
6322,2024-09-20 10:00:00,85.09,fuel,pos,CA,31,116,0,0
6323,2024-09-20 11:00:00,237.55,travel,mobile,CA,53,23,0,0
6324,2024-09-20 12:00:00,75.76,electronics,pos,US,25,133,0,0
6325,2024-09-20 13:00:00,7.15,travel,web,CA,29,85,0,0
6326,2024-09-20 14:00:00,73.48,travel,pos,US,57,120,0,0
6327,2024-09-20 15:00:00,175.71,electronics,web,CA,79,128,0,0
6328,2024-09-20 16:00:00,245.28,travel,pos,CA,31,50,0,0
6329,2024-09-20 17:00:00,130.0,grocery,mobile,CA,66,164,0,0
6330,2024-09-20 18:00:00,238.64,grocery,mobile,US,68,148,0,0
6331,2024-09-20 19:00:00,2.24,restaurant,mobile,CA,79,43,0,0
6332,2024-09-20 20:00:00,80.11,grocery,pos,CA,22,136,0,0
6333,2024-09-20 21:00:00,94.03,ecommerce,mobile,CA,84,218,0,0
6334,2024-09-20 22:00:00,109.69,restaurant,web,CA,18,169,0,0
6335,2024-09-20 23:00:00,127.57,travel,atm,CA,66,25,1,0
6336,2024-09-21 00:00:00,182.18,ecommerce,web,IN,34,116,1,0
6337,2024-09-21 01:00:00,79.97,fuel,atm,MX,52,234,1,0
6338,2024-09-21 02:00:00,132.51,electronics,mobile,MX,84,7,1,0
6339,2024-09-21 03:00:00,115.94,fuel,mobile,CA,30,115,1,0
6340,2024-09-21 04:00:00,36.67,ecommerce,pos,FR,54,86,1,0
6341,2024-09-21 05:00:00,109.77,grocery,web,CA,55,189,1,0
6342,2024-09-21 06:00:00,107.07,travel,web,US,23,161,0,0
6343,2024-09-21 07:00:00,105.14,restaurant,pos,CA,80,197,0,0
6344,2024-09-21 08:00:00,122.86,travel,pos,CA,66,38,0,1
6345,2024-09-21 09:00:00,126.81,grocery,atm,MX,26,12,0,0
6346,2024-09-21 10:00:00,81.09,travel,web,CA,53,124,0,0
6347,2024-09-21 11:00:00,234.54,electronics,pos,FR,40,44,0,0
6348,2024-09-21 12:00:00,14.75,electronics,web,CA,74,53,0,0
6349,2024-09-21 13:00:00,55.11,electronics,pos,IN,67,14,0,0
6350,2024-09-21 14:00:00,370.2,fuel,web,CA,76,199,0,0
6351,2024-09-21 15:00:00,26.58,grocery,web,CA,24,92,0,0
6352,2024-09-21 16:00:00,1.84,electronics,pos,CA,64,52,0,0
6353,2024-09-21 17:00:00,186.1,ecommerce,mobile,CA,73,180,0,0
6354,2024-09-21 18:00:00,66.94,electronics,pos,CA,25,46,0,0
6355,2024-09-21 19:00:00,98.83,restaurant,mobile,CA,53,208,0,0
6356,2024-09-21 20:00:00,313.12,fuel,atm,CA,59,169,0,0
6357,2024-09-21 21:00:00,19.04,ecommerce,pos,CA,56,130,0,0
6358,2024-09-21 22:00:00,58.38,grocery,mobile,CA,82,177,0,0
6359,2024-09-21 23:00:00,14.93,grocery,web,CA,61,223,1,1
6360,2024-09-22 00:00:00,200.85,restaurant,web,CA,63,100,1,0
6361,2024-09-22 01:00:00,221.23,electronics,pos,CA,30,206,1,0
6362,2024-09-22 02:00:00,73.87,ecommerce,web,FR,54,110,1,0
6363,2024-09-22 03:00:00,181.49,restaurant,atm,CA,31,28,1,0
6364,2024-09-22 04:00:00,245.12,ecommerce,pos,CA,30,111,1,0
6365,2024-09-22 05:00:00,280.86,electronics,pos,CA,29,32,1,0
6366,2024-09-22 06:00:00,97.83,electronics,pos,CA,72,92,0,0
6367,2024-09-22 07:00:00,87.13,travel,web,CA,45,76,0,1
6368,2024-09-22 08:00:00,46.12,travel,mobile,CA,39,205,0,0
6369,2024-09-22 09:00:00,81.59,electronics,web,CA,36,22,0,0
6370,2024-09-22 10:00:00,96.7,fuel,pos,MX,47,170,0,0
6371,2024-09-22 11:00:00,103.09,restaurant,web,US,71,112,0,0
6372,2024-09-22 12:00:00,220.7,travel,pos,MX,32,157,0,0
6373,2024-09-22 13:00:00,234.7,electronics,pos,CA,47,222,0,0
6374,2024-09-22 14:00:00,104.55,ecommerce,web,CA,46,207,0,0
6375,2024-09-22 15:00:00,218.86,restaurant,pos,CA,49,104,0,0
6376,2024-09-22 16:00:00,152.19,travel,mobile,CA,47,68,0,0
6377,2024-09-22 17:00:00,125.81,fuel,web,CA,33,161,0,0
6378,2024-09-22 18:00:00,201.59,restaurant,mobile,CA,53,174,0,0
6379,2024-09-22 19:00:00,126.5,restaurant,atm,CA,65,137,0,0
6380,2024-09-22 20:00:00,305.2,grocery,mobile,CA,45,38,0,0
6381,2024-09-22 21:00:00,9.46,ecommerce,pos,CA,79,80,0,0
6382,2024-09-22 22:00:00,73.63,fuel,mobile,CA,73,26,0,0
6383,2024-09-22 23:00:00,108.61,fuel,mobile,CA,73,43,1,0
6384,2024-09-23 00:00:00,159.55,fuel,mobile,CA,34,181,1,0
6385,2024-09-23 01:00:00,234.12,ecommerce,pos,CA,79,27,1,0
6386,2024-09-23 02:00:00,117.8,fuel,pos,US,38,11,1,0
6387,2024-09-23 03:00:00,8.0,grocery,atm,CA,54,238,1,0
6388,2024-09-23 04:00:00,195.83,travel,pos,CA,51,107,1,0
6389,2024-09-23 05:00:00,187.95,ecommerce,pos,CA,46,154,1,0
6390,2024-09-23 06:00:00,54.77,fuel,pos,CA,77,78,0,0
6391,2024-09-23 07:00:00,119.66,electronics,mobile,CA,28,57,0,0
6392,2024-09-23 08:00:00,23.11,travel,web,CA,77,1,0,0
6393,2024-09-23 09:00:00,60.18,restaurant,mobile,CA,51,11,0,0
6394,2024-09-23 10:00:00,38.75,ecommerce,pos,CA,50,158,0,0
6395,2024-09-23 11:00:00,192.83,electronics,pos,US,27,88,0,0
6396,2024-09-23 12:00:00,130.51,restaurant,web,CA,77,132,0,0
6397,2024-09-23 13:00:00,4.3,electronics,web,US,43,86,0,0
6398,2024-09-23 14:00:00,199.21,fuel,pos,CA,42,110,0,0
6399,2024-09-23 15:00:00,9.04,ecommerce,pos,CA,19,72,0,0
6400,2024-09-23 16:00:00,149.71,fuel,pos,CA,20,111,0,0
6401,2024-09-23 17:00:00,46.74,restaurant,pos,CA,49,208,0,0
6402,2024-09-23 18:00:00,87.09,grocery,mobile,CA,18,33,0,0
6403,2024-09-23 19:00:00,165.38,electronics,pos,CA,41,161,0,0
6404,2024-09-23 20:00:00,166.93,grocery,pos,CA,67,74,0,0
6405,2024-09-23 21:00:00,240.33,restaurant,pos,CA,60,66,0,0
6406,2024-09-23 22:00:00,112.6,fuel,pos,CA,61,108,0,0
6407,2024-09-23 23:00:00,147.58,travel,mobile,GB,50,4,1,0
6408,2024-09-24 00:00:00,80.6,electronics,pos,CA,55,215,1,0
6409,2024-09-24 01:00:00,136.38,travel,pos,CA,69,179,1,0
6410,2024-09-24 02:00:00,159.55,ecommerce,web,IN,52,155,1,0
6411,2024-09-24 03:00:00,111.15,electronics,mobile,CA,34,33,1,0
6412,2024-09-24 04:00:00,42.34,grocery,web,CA,75,225,1,0
6413,2024-09-24 05:00:00,149.83,travel,pos,CA,65,105,1,0
6414,2024-09-24 06:00:00,152.81,restaurant,mobile,CA,60,126,0,0
6415,2024-09-24 07:00:00,58.78,ecommerce,web,CA,65,84,0,0
6416,2024-09-24 08:00:00,4.41,electronics,pos,CA,61,77,0,0
6417,2024-09-24 09:00:00,252.83,restaurant,pos,CA,50,203,0,0
6418,2024-09-24 10:00:00,164.23,ecommerce,web,CA,19,83,0,0
6419,2024-09-24 11:00:00,99.38,grocery,mobile,CA,27,32,0,0
6420,2024-09-24 12:00:00,17.67,restaurant,atm,US,45,195,0,0
6421,2024-09-24 13:00:00,46.04,electronics,web,GB,64,116,0,0
6422,2024-09-24 14:00:00,237.23,ecommerce,mobile,CA,25,205,0,0
6423,2024-09-24 15:00:00,132.39,fuel,pos,CA,40,156,0,0
6424,2024-09-24 16:00:00,70.45,electronics,mobile,CA,65,214,0,0
6425,2024-09-24 17:00:00,165.87,electronics,web,CA,80,185,0,0
6426,2024-09-24 18:00:00,46.7,electronics,web,FR,54,19,0,0
6427,2024-09-24 19:00:00,255.08,electronics,pos,US,29,159,0,0
6428,2024-09-24 20:00:00,241.75,fuel,pos,CA,82,212,0,0
6429,2024-09-24 21:00:00,78.01,restaurant,mobile,US,32,53,0,0
6430,2024-09-24 22:00:00,63.42,restaurant,pos,CA,27,88,0,0
6431,2024-09-24 23:00:00,115.63,restaurant,pos,CA,59,160,1,0
6432,2024-09-25 00:00:00,13.34,grocery,pos,CA,43,9,1,0
6433,2024-09-25 01:00:00,0.55,fuel,pos,CA,66,179,1,0
6434,2024-09-25 02:00:00,132.17,fuel,web,FR,40,83,1,0
6435,2024-09-25 03:00:00,90.64,ecommerce,web,CA,81,151,1,0
6436,2024-09-25 04:00:00,1.08,travel,pos,US,34,25,1,0
6437,2024-09-25 05:00:00,94.7,restaurant,web,CA,51,225,1,0
6438,2024-09-25 06:00:00,165.48,travel,mobile,MX,74,174,0,0
6439,2024-09-25 07:00:00,167.51,ecommerce,mobile,CA,21,172,0,0
6440,2024-09-25 08:00:00,50.97,fuel,web,CA,67,194,0,0
6441,2024-09-25 09:00:00,108.46,ecommerce,web,US,84,118,0,0
6442,2024-09-25 10:00:00,4.5,electronics,pos,CA,76,67,0,0
6443,2024-09-25 11:00:00,201.16,ecommerce,web,CA,80,127,0,0
6444,2024-09-25 12:00:00,190.57,ecommerce,mobile,CA,84,156,0,0
6445,2024-09-25 13:00:00,39.18,electronics,web,IN,43,229,0,0
6446,2024-09-25 14:00:00,51.06,travel,pos,CA,18,227,0,0
6447,2024-09-25 15:00:00,78.49,electronics,web,CA,35,78,0,0
6448,2024-09-25 16:00:00,82.75,grocery,mobile,US,29,152,0,0
6449,2024-09-25 17:00:00,150.24,ecommerce,mobile,CA,55,56,0,1
6450,2024-09-25 18:00:00,95.44,ecommerce,mobile,FR,59,50,0,0
6451,2024-09-25 19:00:00,207.32,travel,pos,CA,53,101,0,1
6452,2024-09-25 20:00:00,21.14,fuel,pos,CA,33,3,0,0
6453,2024-09-25 21:00:00,64.28,electronics,mobile,CA,82,23,0,0
6454,2024-09-25 22:00:00,15.59,fuel,pos,CA,84,162,0,0
6455,2024-09-25 23:00:00,29.61,grocery,web,CA,56,9,1,0
6456,2024-09-26 00:00:00,13.62,electronics,web,CA,76,82,1,0
6457,2024-09-26 01:00:00,209.64,grocery,web,MX,55,59,1,0
6458,2024-09-26 02:00:00,57.16,grocery,web,FR,33,66,1,1
6459,2024-09-26 03:00:00,131.18,grocery,mobile,CA,28,150,1,0
6460,2024-09-26 04:00:00,85.73,restaurant,pos,CA,45,115,1,0
6461,2024-09-26 05:00:00,5.75,electronics,mobile,CA,19,35,1,0
6462,2024-09-26 06:00:00,104.85,electronics,mobile,CA,37,159,0,0
6463,2024-09-26 07:00:00,173.92,restaurant,mobile,CA,55,218,0,0
6464,2024-09-26 08:00:00,11.3,travel,web,CA,73,78,0,0
6465,2024-09-26 09:00:00,192.82,restaurant,web,CA,56,109,0,0
6466,2024-09-26 10:00:00,43.53,ecommerce,atm,CA,48,48,0,1
6467,2024-09-26 11:00:00,76.53,fuel,web,US,40,53,0,0
6468,2024-09-26 12:00:00,167.76,fuel,web,CA,51,220,0,0
6469,2024-09-26 13:00:00,60.29,grocery,pos,CA,34,75,0,0
6470,2024-09-26 14:00:00,123.38,electronics,pos,CA,41,32,0,0
6471,2024-09-26 15:00:00,91.68,electronics,web,CA,52,213,0,0
6472,2024-09-26 16:00:00,131.64,grocery,mobile,CA,40,215,0,0
6473,2024-09-26 17:00:00,94.27,ecommerce,mobile,CA,25,88,0,0
6474,2024-09-26 18:00:00,44.67,fuel,pos,CA,71,140,0,0
6475,2024-09-26 19:00:00,175.44,restaurant,mobile,FR,38,62,0,0
6476,2024-09-26 20:00:00,213.35,travel,web,CA,36,3,0,0
6477,2024-09-26 21:00:00,38.06,ecommerce,web,CA,48,6,0,0
6478,2024-09-26 22:00:00,98.04,electronics,atm,CA,67,127,0,0
6479,2024-09-26 23:00:00,146.52,grocery,pos,CA,41,112,1,0
6480,2024-09-27 00:00:00,182.39,fuel,mobile,CA,63,12,1,0
6481,2024-09-27 01:00:00,62.49,grocery,web,CA,25,53,1,1
6482,2024-09-27 02:00:00,40.26,electronics,mobile,CA,20,148,1,0
6483,2024-09-27 03:00:00,90.07,grocery,web,CA,51,134,1,0
6484,2024-09-27 04:00:00,183.28,restaurant,pos,CA,74,84,1,0
6485,2024-09-27 05:00:00,344.86,fuel,web,US,75,142,1,1
6486,2024-09-27 06:00:00,99.48,grocery,pos,CA,52,184,0,0
6487,2024-09-27 07:00:00,6.63,fuel,pos,CA,38,169,0,0
6488,2024-09-27 08:00:00,156.2,grocery,mobile,CA,82,49,0,0
6489,2024-09-27 09:00:00,238.89,grocery,web,CA,83,108,0,0
6490,2024-09-27 10:00:00,129.72,fuel,mobile,CA,74,193,0,0
6491,2024-09-27 11:00:00,38.4,restaurant,web,CA,59,84,0,0
6492,2024-09-27 12:00:00,206.22,grocery,web,CA,60,214,0,0
6493,2024-09-27 13:00:00,179.72,restaurant,atm,MX,43,104,0,0
6494,2024-09-27 14:00:00,27.65,ecommerce,atm,CA,84,95,0,1
6495,2024-09-27 15:00:00,154.33,travel,pos,CA,43,31,0,0
6496,2024-09-27 16:00:00,209.75,ecommerce,mobile,CA,25,156,0,0
6497,2024-09-27 17:00:00,226.37,travel,pos,MX,64,12,0,0
6498,2024-09-27 18:00:00,114.02,ecommerce,pos,CA,54,16,0,0
6499,2024-09-27 19:00:00,87.77,travel,web,FR,35,225,0,0
6500,2024-09-27 20:00:00,230.45,grocery,atm,US,53,163,0,0
6501,2024-09-27 21:00:00,11.09,fuel,atm,US,19,44,0,0
6502,2024-09-27 22:00:00,159.47,fuel,pos,CA,20,68,0,0
6503,2024-09-27 23:00:00,3.3,electronics,mobile,US,51,138,1,0
6504,2024-09-28 00:00:00,215.88,travel,mobile,CA,63,226,1,0
6505,2024-09-28 01:00:00,96.78,electronics,pos,US,79,233,1,0
6506,2024-09-28 02:00:00,234.17,restaurant,mobile,US,74,3,1,0
6507,2024-09-28 03:00:00,164.23,restaurant,web,CA,27,31,1,0
6508,2024-09-28 04:00:00,9.91,electronics,pos,CA,35,180,1,0
6509,2024-09-28 05:00:00,248.22,travel,mobile,CA,50,223,1,0
6510,2024-09-28 06:00:00,259.61,fuel,pos,CA,24,116,0,0
6511,2024-09-28 07:00:00,199.41,travel,pos,CA,62,193,0,0
6512,2024-09-28 08:00:00,51.46,restaurant,pos,IN,46,5,0,0
6513,2024-09-28 09:00:00,92.46,grocery,mobile,CA,55,5,0,0
6514,2024-09-28 10:00:00,133.09,electronics,web,CA,56,66,0,0
6515,2024-09-28 11:00:00,56.67,electronics,web,CA,42,15,0,0
6516,2024-09-28 12:00:00,272.31,restaurant,web,CA,34,193,0,0
6517,2024-09-28 13:00:00,132.99,travel,pos,MX,78,149,0,0
6518,2024-09-28 14:00:00,123.3,electronics,mobile,CA,68,101,0,1
6519,2024-09-28 15:00:00,150.54,fuel,web,CA,54,199,0,0
6520,2024-09-28 16:00:00,88.67,electronics,pos,CA,84,11,0,0
6521,2024-09-28 17:00:00,113.26,travel,pos,CA,41,218,0,0
6522,2024-09-28 18:00:00,86.82,restaurant,pos,CA,66,42,0,0
6523,2024-09-28 19:00:00,192.63,fuel,mobile,US,38,66,0,0
6524,2024-09-28 20:00:00,220.77,fuel,web,CA,74,94,0,0
6525,2024-09-28 21:00:00,145.47,electronics,mobile,CA,58,61,0,0
6526,2024-09-28 22:00:00,89.46,travel,pos,US,34,60,0,0
6527,2024-09-28 23:00:00,116.28,electronics,web,CA,38,142,1,0
6528,2024-09-29 00:00:00,121.76,grocery,mobile,CA,81,120,1,0
6529,2024-09-29 01:00:00,47.78,restaurant,pos,CA,61,133,1,0
6530,2024-09-29 02:00:00,172.1,grocery,web,CA,45,31,1,0
6531,2024-09-29 03:00:00,161.4,fuel,mobile,CA,53,48,1,0
6532,2024-09-29 04:00:00,258.64,electronics,mobile,US,54,32,1,0
6533,2024-09-29 05:00:00,232.98,grocery,pos,GB,61,57,1,0
6534,2024-09-29 06:00:00,58.29,ecommerce,pos,CA,67,162,0,0
6535,2024-09-29 07:00:00,193.83,grocery,pos,CA,72,202,0,0
6536,2024-09-29 08:00:00,34.41,electronics,mobile,CA,27,95,0,0
6537,2024-09-29 09:00:00,182.63,electronics,web,CA,55,155,0,0
6538,2024-09-29 10:00:00,73.5,restaurant,atm,CA,66,82,0,0
6539,2024-09-29 11:00:00,27.91,grocery,pos,CA,19,5,0,0
6540,2024-09-29 12:00:00,145.2,electronics,web,CA,61,17,0,0
6541,2024-09-29 13:00:00,120.71,electronics,pos,MX,52,203,0,0
6542,2024-09-29 14:00:00,37.59,restaurant,pos,IN,38,197,0,0
6543,2024-09-29 15:00:00,104.03,restaurant,pos,US,74,117,0,0
6544,2024-09-29 16:00:00,127.42,restaurant,pos,CA,40,184,0,0
6545,2024-09-29 17:00:00,86.76,restaurant,mobile,CA,49,166,0,0
6546,2024-09-29 18:00:00,22.15,ecommerce,pos,CA,50,123,0,0
6547,2024-09-29 19:00:00,46.39,fuel,web,FR,34,182,0,0
6548,2024-09-29 20:00:00,155.21,electronics,mobile,GB,59,48,0,0
6549,2024-09-29 21:00:00,172.36,travel,atm,IN,34,229,0,0
6550,2024-09-29 22:00:00,118.54,restaurant,pos,MX,65,213,0,0
6551,2024-09-29 23:00:00,224.12,fuel,mobile,CA,65,216,1,0
6552,2024-09-30 00:00:00,155.77,restaurant,pos,CA,74,222,1,0
6553,2024-09-30 01:00:00,52.73,fuel,web,FR,78,208,1,0
6554,2024-09-30 02:00:00,94.75,travel,mobile,CA,61,49,1,0
6555,2024-09-30 03:00:00,6.26,grocery,mobile,US,40,169,1,0
6556,2024-09-30 04:00:00,110.27,ecommerce,mobile,FR,70,22,1,1
6557,2024-09-30 05:00:00,220.09,electronics,mobile,CA,50,185,1,0
6558,2024-09-30 06:00:00,181.68,grocery,pos,CA,73,194,0,0
6559,2024-09-30 07:00:00,246.18,travel,web,CA,45,19,0,0
6560,2024-09-30 08:00:00,92.74,ecommerce,pos,CA,40,113,0,0
6561,2024-09-30 09:00:00,241.15,ecommerce,web,CA,80,101,0,0
6562,2024-09-30 10:00:00,102.6,ecommerce,pos,CA,24,130,0,0
6563,2024-09-30 11:00:00,252.44,travel,pos,CA,19,203,0,0
6564,2024-09-30 12:00:00,118.03,restaurant,mobile,CA,82,33,0,0
6565,2024-09-30 13:00:00,183.65,restaurant,mobile,IN,21,201,0,0
6566,2024-09-30 14:00:00,252.76,restaurant,web,CA,25,187,0,0
6567,2024-09-30 15:00:00,102.59,grocery,web,MX,66,89,0,0
6568,2024-09-30 16:00:00,139.66,electronics,mobile,CA,46,134,0,0
6569,2024-09-30 17:00:00,236.0,ecommerce,web,CA,72,11,0,0
6570,2024-09-30 18:00:00,108.03,ecommerce,atm,CA,54,27,0,0
6571,2024-09-30 19:00:00,1.12,grocery,pos,US,23,200,0,0
6572,2024-09-30 20:00:00,312.87,restaurant,web,CA,41,173,0,0
6573,2024-09-30 21:00:00,77.72,ecommerce,mobile,CA,57,31,0,0
6574,2024-09-30 22:00:00,134.29,ecommerce,mobile,CA,29,91,0,0
6575,2024-09-30 23:00:00,224.04,travel,web,CA,81,191,1,0
6576,2024-10-01 00:00:00,65.24,fuel,pos,CA,63,172,1,0
6577,2024-10-01 01:00:00,29.29,grocery,mobile,CA,31,169,1,0
6578,2024-10-01 02:00:00,142.84,grocery,web,CA,44,47,1,0
6579,2024-10-01 03:00:00,41.38,restaurant,mobile,US,54,197,1,0
6580,2024-10-01 04:00:00,94.09,grocery,web,GB,79,79,1,0
6581,2024-10-01 05:00:00,142.05,restaurant,pos,CA,84,2,1,0
6582,2024-10-01 06:00:00,95.7,travel,pos,CA,31,143,0,0
6583,2024-10-01 07:00:00,18.91,travel,web,US,56,223,0,0
6584,2024-10-01 08:00:00,263.48,electronics,pos,CA,22,20,0,0
6585,2024-10-01 09:00:00,129.32,restaurant,pos,CA,43,131,0,0
6586,2024-10-01 10:00:00,248.8,travel,web,CA,70,106,0,1
6587,2024-10-01 11:00:00,96.6,restaurant,web,CA,80,39,0,0
6588,2024-10-01 12:00:00,40.8,grocery,pos,GB,28,74,0,0
6589,2024-10-01 13:00:00,144.23,electronics,pos,FR,50,90,0,0
6590,2024-10-01 14:00:00,100.58,fuel,mobile,FR,58,138,0,0
6591,2024-10-01 15:00:00,14.0,ecommerce,pos,US,57,168,0,0
6592,2024-10-01 16:00:00,252.28,ecommerce,pos,MX,63,141,0,0
6593,2024-10-01 17:00:00,64.0,electronics,pos,CA,21,213,0,0
6594,2024-10-01 18:00:00,45.62,restaurant,mobile,US,28,226,0,0
6595,2024-10-01 19:00:00,239.53,restaurant,web,CA,44,44,0,0
6596,2024-10-01 20:00:00,74.61,restaurant,pos,CA,25,32,0,0
6597,2024-10-01 21:00:00,65.3,fuel,pos,CA,38,201,0,0
6598,2024-10-01 22:00:00,38.88,ecommerce,mobile,CA,22,30,0,0
6599,2024-10-01 23:00:00,276.68,electronics,mobile,CA,79,129,1,0
6600,2024-10-02 00:00:00,3.95,restaurant,web,CA,49,53,1,0
6601,2024-10-02 01:00:00,125.26,travel,pos,CA,75,76,1,0
6602,2024-10-02 02:00:00,202.14,grocery,pos,CA,44,44,1,0
6603,2024-10-02 03:00:00,157.95,fuel,web,US,43,35,1,0
6604,2024-10-02 04:00:00,114.63,restaurant,mobile,MX,57,216,1,0
6605,2024-10-02 05:00:00,33.15,ecommerce,pos,US,46,168,1,0
6606,2024-10-02 06:00:00,47.12,grocery,web,US,24,45,0,1
6607,2024-10-02 07:00:00,136.9,electronics,pos,US,38,188,0,0
6608,2024-10-02 08:00:00,49.15,restaurant,web,FR,84,124,0,0
6609,2024-10-02 09:00:00,138.3,ecommerce,web,CA,27,116,0,0
6610,2024-10-02 10:00:00,181.36,grocery,mobile,CA,79,124,0,0
6611,2024-10-02 11:00:00,206.63,travel,web,MX,25,191,0,0
6612,2024-10-02 12:00:00,9.64,fuel,web,CA,21,138,0,0
6613,2024-10-02 13:00:00,317.7,electronics,pos,CA,46,47,0,0
6614,2024-10-02 14:00:00,189.07,ecommerce,pos,CA,29,152,0,0
6615,2024-10-02 15:00:00,119.85,travel,pos,CA,68,185,0,0
6616,2024-10-02 16:00:00,218.06,fuel,pos,CA,36,233,0,0
6617,2024-10-02 17:00:00,332.89,fuel,pos,CA,48,18,0,0
6618,2024-10-02 18:00:00,9.48,travel,atm,US,43,185,0,0
6619,2024-10-02 19:00:00,99.73,ecommerce,web,FR,23,72,0,0
6620,2024-10-02 20:00:00,94.06,fuel,pos,CA,46,123,0,0
6621,2024-10-02 21:00:00,137.34,electronics,pos,CA,34,174,0,0
6622,2024-10-02 22:00:00,152.89,grocery,pos,CA,37,171,0,0
6623,2024-10-02 23:00:00,116.48,electronics,pos,CA,59,77,1,0
6624,2024-10-03 00:00:00,61.09,restaurant,pos,CA,64,144,1,1
6625,2024-10-03 01:00:00,64.46,fuel,web,CA,19,142,1,0
6626,2024-10-03 02:00:00,153.62,grocery,mobile,CA,54,9,1,0
6627,2024-10-03 03:00:00,250.99,travel,web,CA,36,201,1,0
6628,2024-10-03 04:00:00,66.81,grocery,web,CA,58,69,1,0
6629,2024-10-03 05:00:00,159.61,grocery,mobile,CA,33,239,1,0
6630,2024-10-03 06:00:00,21.13,grocery,pos,CA,77,61,0,0
6631,2024-10-03 07:00:00,161.15,fuel,pos,CA,74,11,0,0
6632,2024-10-03 08:00:00,84.6,restaurant,web,CA,81,147,0,0
6633,2024-10-03 09:00:00,51.38,restaurant,mobile,CA,22,64,0,0
6634,2024-10-03 10:00:00,51.57,ecommerce,web,CA,35,38,0,0
6635,2024-10-03 11:00:00,84.57,restaurant,pos,CA,30,10,0,0
6636,2024-10-03 12:00:00,154.42,fuel,mobile,CA,53,16,0,0
6637,2024-10-03 13:00:00,1.91,ecommerce,pos,MX,36,221,0,0
6638,2024-10-03 14:00:00,84.26,travel,mobile,CA,48,69,0,0
6639,2024-10-03 15:00:00,116.27,travel,mobile,CA,40,210,0,0
6640,2024-10-03 16:00:00,21.09,travel,pos,CA,49,42,0,0
6641,2024-10-03 17:00:00,281.7,travel,mobile,CA,28,234,0,0
6642,2024-10-03 18:00:00,43.19,travel,mobile,CA,83,44,0,1
6643,2024-10-03 19:00:00,59.75,electronics,mobile,CA,22,181,0,0
6644,2024-10-03 20:00:00,31.95,fuel,pos,CA,30,163,0,0
6645,2024-10-03 21:00:00,281.86,ecommerce,mobile,CA,81,164,0,0
6646,2024-10-03 22:00:00,169.76,travel,pos,US,52,150,0,0
6647,2024-10-03 23:00:00,35.71,electronics,mobile,CA,46,24,1,1
6648,2024-10-04 00:00:00,219.56,restaurant,web,CA,40,204,1,0
6649,2024-10-04 01:00:00,138.06,electronics,pos,US,33,231,1,0
6650,2024-10-04 02:00:00,143.15,electronics,pos,CA,43,140,1,0
6651,2024-10-04 03:00:00,89.0,fuel,pos,US,20,35,1,0
6652,2024-10-04 04:00:00,52.55,travel,pos,FR,40,50,1,0
6653,2024-10-04 05:00:00,150.4,electronics,pos,MX,74,83,1,0
6654,2024-10-04 06:00:00,70.94,electronics,pos,CA,26,229,0,0
6655,2024-10-04 07:00:00,283.51,travel,pos,CA,68,78,0,0
6656,2024-10-04 08:00:00,5.76,fuel,web,CA,50,215,0,0
6657,2024-10-04 09:00:00,258.25,electronics,web,CA,41,40,0,0
6658,2024-10-04 10:00:00,109.98,ecommerce,mobile,US,67,22,0,0
6659,2024-10-04 11:00:00,146.92,grocery,web,CA,69,175,0,0
6660,2024-10-04 12:00:00,194.98,restaurant,pos,US,55,75,0,0
6661,2024-10-04 13:00:00,63.28,grocery,web,CA,61,66,0,0
6662,2024-10-04 14:00:00,197.78,grocery,mobile,CA,73,138,0,0
6663,2024-10-04 15:00:00,123.68,fuel,pos,CA,83,171,0,0
6664,2024-10-04 16:00:00,55.2,electronics,web,CA,62,197,0,0
6665,2024-10-04 17:00:00,36.83,grocery,web,CA,69,94,0,0
6666,2024-10-04 18:00:00,7.18,grocery,atm,CA,18,213,0,0
6667,2024-10-04 19:00:00,100.65,restaurant,web,CA,81,225,0,0
6668,2024-10-04 20:00:00,154.72,travel,mobile,CA,25,153,0,0
6669,2024-10-04 21:00:00,183.24,electronics,pos,CA,60,110,0,0
6670,2024-10-04 22:00:00,141.68,electronics,mobile,CA,25,47,0,0
6671,2024-10-04 23:00:00,60.09,restaurant,pos,CA,46,135,1,0
6672,2024-10-05 00:00:00,153.21,travel,web,CA,30,104,1,0
6673,2024-10-05 01:00:00,131.19,electronics,web,CA,18,156,1,0
6674,2024-10-05 02:00:00,204.25,ecommerce,mobile,CA,46,80,1,1
6675,2024-10-05 03:00:00,189.92,restaurant,pos,US,67,45,1,0
6676,2024-10-05 04:00:00,122.74,fuel,pos,CA,54,101,1,0
6677,2024-10-05 05:00:00,39.25,travel,mobile,CA,18,195,1,1
6678,2024-10-05 06:00:00,61.23,restaurant,web,CA,65,237,0,0
6679,2024-10-05 07:00:00,70.52,grocery,pos,CA,72,211,0,0
6680,2024-10-05 08:00:00,91.63,electronics,pos,CA,83,12,0,0
6681,2024-10-05 09:00:00,144.12,ecommerce,pos,CA,80,83,0,0
6682,2024-10-05 10:00:00,184.37,ecommerce,web,CA,39,113,0,0
6683,2024-10-05 11:00:00,115.4,fuel,mobile,CA,28,11,0,0
6684,2024-10-05 12:00:00,121.45,restaurant,pos,CA,46,131,0,0
6685,2024-10-05 13:00:00,132.9,ecommerce,mobile,CA,20,61,0,0
6686,2024-10-05 14:00:00,73.57,restaurant,web,CA,62,194,0,0
6687,2024-10-05 15:00:00,36.71,electronics,pos,IN,20,56,0,0
6688,2024-10-05 16:00:00,37.99,electronics,web,MX,31,122,0,0
6689,2024-10-05 17:00:00,57.44,ecommerce,mobile,CA,82,238,0,0
6690,2024-10-05 18:00:00,162.58,electronics,pos,CA,74,26,0,0
6691,2024-10-05 19:00:00,56.74,restaurant,mobile,CA,32,86,0,0
6692,2024-10-05 20:00:00,98.6,electronics,mobile,CA,77,209,0,1
6693,2024-10-05 21:00:00,161.98,grocery,pos,CA,71,34,0,0
6694,2024-10-05 22:00:00,166.86,restaurant,pos,CA,19,183,0,0
6695,2024-10-05 23:00:00,22.84,travel,pos,CA,81,207,1,0
6696,2024-10-06 00:00:00,209.74,electronics,mobile,CA,45,204,1,0
6697,2024-10-06 01:00:00,221.46,electronics,pos,CA,84,144,1,0
6698,2024-10-06 02:00:00,18.31,restaurant,mobile,CA,20,208,1,0
6699,2024-10-06 03:00:00,45.85,fuel,web,CA,70,167,1,0
6700,2024-10-06 04:00:00,227.2,travel,mobile,CA,43,134,1,0
6701,2024-10-06 05:00:00,106.78,travel,web,CA,21,110,1,0
6702,2024-10-06 06:00:00,79.78,travel,pos,IN,33,72,0,0
6703,2024-10-06 07:00:00,5.97,ecommerce,mobile,IN,71,180,0,0
6704,2024-10-06 08:00:00,97.56,grocery,mobile,CA,33,153,0,0
6705,2024-10-06 09:00:00,15.33,grocery,web,US,48,56,0,0
6706,2024-10-06 10:00:00,82.79,fuel,web,CA,19,83,0,0
6707,2024-10-06 11:00:00,122.92,travel,web,CA,62,147,0,0
6708,2024-10-06 12:00:00,251.6,travel,pos,CA,71,204,0,0
6709,2024-10-06 13:00:00,93.86,electronics,web,CA,76,201,0,0
6710,2024-10-06 14:00:00,216.53,restaurant,pos,CA,76,233,0,0
6711,2024-10-06 15:00:00,248.59,ecommerce,atm,CA,39,93,0,0
6712,2024-10-06 16:00:00,249.09,ecommerce,web,CA,51,155,0,0
6713,2024-10-06 17:00:00,145.63,fuel,pos,CA,73,133,0,0
6714,2024-10-06 18:00:00,56.7,grocery,web,IN,51,26,0,0
6715,2024-10-06 19:00:00,161.47,travel,pos,CA,43,158,0,0
6716,2024-10-06 20:00:00,214.36,restaurant,pos,GB,62,78,0,0
6717,2024-10-06 21:00:00,112.7,fuel,web,CA,38,97,0,0
6718,2024-10-06 22:00:00,277.01,ecommerce,web,FR,60,163,0,0
6719,2024-10-06 23:00:00,197.39,ecommerce,atm,US,56,75,1,0
6720,2024-10-07 00:00:00,171.14,ecommerce,atm,CA,30,181,1,0
6721,2024-10-07 01:00:00,217.77,travel,pos,CA,59,196,1,1
6722,2024-10-07 02:00:00,150.0,travel,web,CA,62,116,1,1
6723,2024-10-07 03:00:00,104.35,travel,mobile,IN,68,161,1,0
6724,2024-10-07 04:00:00,75.08,electronics,pos,CA,34,70,1,0
6725,2024-10-07 05:00:00,227.75,grocery,mobile,CA,80,156,1,0
6726,2024-10-07 06:00:00,47.32,ecommerce,mobile,CA,24,202,0,0
6727,2024-10-07 07:00:00,99.89,ecommerce,mobile,FR,72,36,0,0
6728,2024-10-07 08:00:00,25.96,electronics,pos,CA,21,49,0,0
6729,2024-10-07 09:00:00,280.55,ecommerce,mobile,CA,48,218,0,0
6730,2024-10-07 10:00:00,271.33,ecommerce,mobile,CA,73,222,0,0
6731,2024-10-07 11:00:00,40.45,travel,mobile,CA,21,214,0,0
6732,2024-10-07 12:00:00,133.26,travel,pos,CA,57,53,0,0
6733,2024-10-07 13:00:00,58.76,grocery,mobile,CA,64,197,0,0
6734,2024-10-07 14:00:00,175.35,ecommerce,pos,CA,67,130,0,0
6735,2024-10-07 15:00:00,165.87,fuel,pos,CA,40,225,0,0
6736,2024-10-07 16:00:00,193.05,ecommerce,web,CA,68,80,0,0
6737,2024-10-07 17:00:00,149.87,ecommerce,atm,CA,55,71,0,0
6738,2024-10-07 18:00:00,384.19,grocery,mobile,CA,26,192,0,0
6739,2024-10-07 19:00:00,27.49,fuel,mobile,CA,78,21,0,0
6740,2024-10-07 20:00:00,33.95,ecommerce,web,CA,38,35,0,0
6741,2024-10-07 21:00:00,84.62,restaurant,pos,CA,26,174,0,0
6742,2024-10-07 22:00:00,21.12,restaurant,mobile,CA,42,86,0,0
6743,2024-10-07 23:00:00,14.32,fuel,web,CA,53,115,1,0
6744,2024-10-08 00:00:00,29.88,restaurant,mobile,CA,60,176,1,0
6745,2024-10-08 01:00:00,37.0,travel,web,CA,45,22,1,1
6746,2024-10-08 02:00:00,34.08,travel,mobile,CA,81,134,1,0
6747,2024-10-08 03:00:00,166.64,fuel,mobile,US,62,120,1,0
6748,2024-10-08 04:00:00,74.44,ecommerce,pos,CA,73,161,1,0
6749,2024-10-08 05:00:00,103.84,fuel,pos,CA,65,39,1,0
6750,2024-10-08 06:00:00,200.48,restaurant,pos,CA,25,43,0,0
6751,2024-10-08 07:00:00,51.03,fuel,mobile,CA,31,153,0,0
6752,2024-10-08 08:00:00,96.19,restaurant,mobile,CA,32,146,0,0
6753,2024-10-08 09:00:00,152.92,travel,mobile,GB,56,41,0,0
6754,2024-10-08 10:00:00,54.74,fuel,pos,CA,42,128,0,0
6755,2024-10-08 11:00:00,94.64,electronics,mobile,CA,80,118,0,0
6756,2024-10-08 12:00:00,151.15,restaurant,web,CA,76,35,0,0
6757,2024-10-08 13:00:00,164.28,electronics,pos,CA,46,24,0,0
6758,2024-10-08 14:00:00,305.78,travel,atm,CA,20,183,0,0
6759,2024-10-08 15:00:00,134.23,ecommerce,pos,US,56,104,0,0
6760,2024-10-08 16:00:00,193.78,restaurant,pos,CA,39,40,0,0
6761,2024-10-08 17:00:00,102.41,ecommerce,pos,CA,58,87,0,0
6762,2024-10-08 18:00:00,146.75,travel,pos,CA,37,225,0,0
6763,2024-10-08 19:00:00,270.05,ecommerce,web,IN,36,29,0,0
6764,2024-10-08 20:00:00,71.16,restaurant,pos,CA,30,138,0,0
6765,2024-10-08 21:00:00,157.23,grocery,mobile,CA,36,79,0,0
6766,2024-10-08 22:00:00,312.2,restaurant,pos,CA,83,138,0,0
6767,2024-10-08 23:00:00,145.38,restaurant,web,CA,82,218,1,0
6768,2024-10-09 00:00:00,268.55,electronics,web,CA,20,232,1,1
6769,2024-10-09 01:00:00,63.37,grocery,mobile,FR,41,64,1,0
6770,2024-10-09 02:00:00,117.12,grocery,pos,CA,55,117,1,0
6771,2024-10-09 03:00:00,123.02,grocery,atm,CA,19,157,1,0
6772,2024-10-09 04:00:00,79.58,restaurant,web,CA,73,98,1,1
6773,2024-10-09 05:00:00,14.86,travel,pos,CA,54,146,1,0
6774,2024-10-09 06:00:00,21.28,grocery,web,CA,21,130,0,0
6775,2024-10-09 07:00:00,193.99,fuel,web,US,61,153,0,0
6776,2024-10-09 08:00:00,198.49,ecommerce,mobile,IN,62,85,0,0
6777,2024-10-09 09:00:00,149.16,travel,pos,CA,64,51,0,0
6778,2024-10-09 10:00:00,194.17,fuel,pos,IN,43,95,0,0
6779,2024-10-09 11:00:00,105.23,restaurant,pos,CA,26,22,0,0
6780,2024-10-09 12:00:00,228.17,restaurant,pos,CA,65,9,0,0
6781,2024-10-09 13:00:00,120.79,fuel,mobile,US,48,91,0,0
6782,2024-10-09 14:00:00,125.21,electronics,web,CA,72,89,0,0
6783,2024-10-09 15:00:00,96.1,electronics,pos,US,18,89,0,0
6784,2024-10-09 16:00:00,181.6,fuel,pos,CA,76,219,0,0
6785,2024-10-09 17:00:00,82.09,electronics,pos,GB,28,74,0,0
6786,2024-10-09 18:00:00,207.88,ecommerce,mobile,US,19,94,0,0
6787,2024-10-09 19:00:00,18.11,ecommerce,mobile,CA,63,123,0,0
6788,2024-10-09 20:00:00,21.1,restaurant,pos,FR,18,132,0,0
6789,2024-10-09 21:00:00,181.87,electronics,pos,FR,83,149,0,0
6790,2024-10-09 22:00:00,112.03,grocery,web,CA,19,124,0,0
6791,2024-10-09 23:00:00,79.15,fuel,mobile,CA,30,30,1,0
6792,2024-10-10 00:00:00,200.11,ecommerce,web,US,36,161,1,0
6793,2024-10-10 01:00:00,65.35,electronics,pos,US,64,43,1,0
6794,2024-10-10 02:00:00,101.98,electronics,pos,CA,18,218,1,0
6795,2024-10-10 03:00:00,245.93,ecommerce,web,CA,35,2,1,0
6796,2024-10-10 04:00:00,258.52,ecommerce,mobile,IN,49,87,1,0
6797,2024-10-10 05:00:00,261.52,grocery,pos,CA,28,159,1,0
6798,2024-10-10 06:00:00,94.61,electronics,pos,US,37,132,0,0
6799,2024-10-10 07:00:00,230.76,electronics,web,CA,25,47,0,0
6800,2024-10-10 08:00:00,34.59,travel,pos,CA,55,84,0,0
6801,2024-10-10 09:00:00,38.38,restaurant,web,CA,23,89,0,0
6802,2024-10-10 10:00:00,91.54,grocery,pos,US,19,45,0,0
6803,2024-10-10 11:00:00,270.56,ecommerce,mobile,CA,72,65,0,0
6804,2024-10-10 12:00:00,42.24,ecommerce,pos,CA,20,194,0,0
6805,2024-10-10 13:00:00,108.61,fuel,mobile,CA,83,6,0,0
6806,2024-10-10 14:00:00,38.07,restaurant,pos,CA,43,7,0,0
6807,2024-10-10 15:00:00,182.56,ecommerce,pos,CA,65,179,0,0
6808,2024-10-10 16:00:00,86.19,electronics,mobile,CA,25,196,0,0
6809,2024-10-10 17:00:00,2.57,ecommerce,mobile,CA,84,18,0,0
6810,2024-10-10 18:00:00,159.75,electronics,pos,CA,47,119,0,0
6811,2024-10-10 19:00:00,9.04,electronics,mobile,CA,44,41,0,0
6812,2024-10-10 20:00:00,44.63,grocery,pos,CA,60,107,0,0
6813,2024-10-10 21:00:00,69.62,ecommerce,web,CA,22,69,0,0
6814,2024-10-10 22:00:00,8.16,grocery,pos,GB,37,25,0,0
6815,2024-10-10 23:00:00,136.07,restaurant,pos,CA,69,56,1,0
6816,2024-10-11 00:00:00,56.81,electronics,web,CA,38,1,1,0
6817,2024-10-11 01:00:00,13.3,restaurant,web,CA,20,226,1,0
6818,2024-10-11 02:00:00,119.79,ecommerce,web,CA,58,183,1,0
6819,2024-10-11 03:00:00,71.08,restaurant,web,CA,81,131,1,0
6820,2024-10-11 04:00:00,299.28,restaurant,atm,CA,41,54,1,0
6821,2024-10-11 05:00:00,285.05,ecommerce,pos,CA,69,81,1,0
6822,2024-10-11 06:00:00,41.89,grocery,pos,CA,19,160,0,0
6823,2024-10-11 07:00:00,170.14,grocery,mobile,CA,61,216,0,0
6824,2024-10-11 08:00:00,187.44,electronics,pos,GB,58,130,0,0
6825,2024-10-11 09:00:00,66.23,electronics,web,CA,24,193,0,0
6826,2024-10-11 10:00:00,14.6,ecommerce,web,US,55,226,0,0
6827,2024-10-11 11:00:00,118.89,ecommerce,pos,CA,62,8,0,0
6828,2024-10-11 12:00:00,104.44,travel,mobile,CA,26,109,0,0
6829,2024-10-11 13:00:00,80.78,travel,pos,CA,70,186,0,0
6830,2024-10-11 14:00:00,159.81,fuel,pos,CA,45,238,0,0
6831,2024-10-11 15:00:00,52.43,electronics,pos,CA,36,53,0,0
6832,2024-10-11 16:00:00,16.32,restaurant,pos,CA,21,44,0,0
6833,2024-10-11 17:00:00,129.82,fuel,pos,US,30,201,0,0
6834,2024-10-11 18:00:00,154.74,fuel,mobile,CA,28,28,0,0
6835,2024-10-11 19:00:00,14.1,grocery,mobile,CA,19,147,0,0
6836,2024-10-11 20:00:00,203.53,restaurant,mobile,CA,29,184,0,0
6837,2024-10-11 21:00:00,39.34,grocery,pos,CA,54,148,0,0
6838,2024-10-11 22:00:00,67.97,travel,pos,CA,73,199,0,0
6839,2024-10-11 23:00:00,96.78,fuel,atm,FR,69,234,1,0
6840,2024-10-12 00:00:00,62.74,travel,pos,CA,21,184,1,0
6841,2024-10-12 01:00:00,69.14,restaurant,atm,CA,21,35,1,1
6842,2024-10-12 02:00:00,288.4,restaurant,mobile,CA,66,147,1,0
6843,2024-10-12 03:00:00,43.42,electronics,mobile,CA,69,209,1,0
6844,2024-10-12 04:00:00,339.71,ecommerce,pos,CA,51,104,1,0
6845,2024-10-12 05:00:00,159.34,grocery,pos,GB,39,63,1,0
6846,2024-10-12 06:00:00,128.28,electronics,web,MX,30,82,0,0
6847,2024-10-12 07:00:00,162.86,electronics,mobile,IN,80,7,0,1
6848,2024-10-12 08:00:00,347.69,grocery,pos,CA,32,155,0,0
6849,2024-10-12 09:00:00,30.58,grocery,mobile,CA,57,39,0,0
6850,2024-10-12 10:00:00,19.16,restaurant,pos,GB,55,30,0,0
6851,2024-10-12 11:00:00,52.06,restaurant,web,FR,72,23,0,0
6852,2024-10-12 12:00:00,122.89,fuel,mobile,MX,61,84,0,0
6853,2024-10-12 13:00:00,35.32,travel,pos,MX,83,151,0,0
6854,2024-10-12 14:00:00,122.01,restaurant,pos,CA,83,218,0,0
6855,2024-10-12 15:00:00,272.42,electronics,pos,CA,60,47,0,0
6856,2024-10-12 16:00:00,133.63,fuel,pos,CA,55,206,0,0
6857,2024-10-12 17:00:00,93.66,fuel,pos,CA,46,176,0,0
6858,2024-10-12 18:00:00,64.37,electronics,pos,CA,73,95,0,0
6859,2024-10-12 19:00:00,200.87,restaurant,pos,US,23,219,0,0
6860,2024-10-12 20:00:00,45.68,electronics,mobile,US,26,63,0,0
6861,2024-10-12 21:00:00,286.18,ecommerce,mobile,CA,39,120,0,0
6862,2024-10-12 22:00:00,294.0,restaurant,web,CA,63,137,0,0
6863,2024-10-12 23:00:00,143.11,travel,pos,CA,48,151,1,0
6864,2024-10-13 00:00:00,118.96,electronics,pos,CA,38,117,1,0
6865,2024-10-13 01:00:00,212.76,restaurant,mobile,CA,55,191,1,0
6866,2024-10-13 02:00:00,218.53,grocery,mobile,CA,69,202,1,1
6867,2024-10-13 03:00:00,47.46,ecommerce,atm,CA,36,175,1,0
6868,2024-10-13 04:00:00,72.61,travel,pos,CA,27,87,1,0
6869,2024-10-13 05:00:00,0.99,restaurant,mobile,CA,63,74,1,1
6870,2024-10-13 06:00:00,156.82,grocery,web,US,83,66,0,0
6871,2024-10-13 07:00:00,180.0,restaurant,mobile,CA,55,37,0,0
6872,2024-10-13 08:00:00,1.49,grocery,web,US,79,125,0,1
6873,2024-10-13 09:00:00,79.03,travel,web,CA,63,232,0,0
6874,2024-10-13 10:00:00,1.25,ecommerce,mobile,CA,52,230,0,0
6875,2024-10-13 11:00:00,39.11,grocery,mobile,CA,60,166,0,0
6876,2024-10-13 12:00:00,169.59,fuel,pos,FR,47,1,0,0
6877,2024-10-13 13:00:00,53.99,travel,pos,CA,80,176,0,0
6878,2024-10-13 14:00:00,92.93,travel,web,CA,47,82,0,0
6879,2024-10-13 15:00:00,26.46,electronics,pos,US,46,35,0,0
6880,2024-10-13 16:00:00,136.83,ecommerce,web,US,83,71,0,1
6881,2024-10-13 17:00:00,116.02,fuel,atm,CA,39,108,0,0
6882,2024-10-13 18:00:00,54.39,fuel,web,CA,52,234,0,0
6883,2024-10-13 19:00:00,102.99,electronics,mobile,FR,59,86,0,0
6884,2024-10-13 20:00:00,136.23,grocery,mobile,CA,41,181,0,0
6885,2024-10-13 21:00:00,46.66,grocery,mobile,US,43,25,0,0
6886,2024-10-13 22:00:00,12.86,fuel,mobile,CA,48,42,0,0
6887,2024-10-13 23:00:00,282.5,ecommerce,mobile,CA,19,151,1,0
6888,2024-10-14 00:00:00,63.01,grocery,web,CA,56,9,1,0
6889,2024-10-14 01:00:00,111.29,travel,pos,CA,29,155,1,0
6890,2024-10-14 02:00:00,210.98,restaurant,pos,GB,61,203,1,0
6891,2024-10-14 03:00:00,437.61,electronics,pos,IN,60,51,1,0
6892,2024-10-14 04:00:00,8.0,ecommerce,pos,US,84,219,1,1
6893,2024-10-14 05:00:00,160.48,grocery,mobile,IN,55,232,1,0
6894,2024-10-14 06:00:00,56.32,restaurant,web,CA,83,220,0,0
6895,2024-10-14 07:00:00,71.51,fuel,pos,GB,57,57,0,0
6896,2024-10-14 08:00:00,55.18,electronics,atm,CA,39,82,0,0
6897,2024-10-14 09:00:00,18.69,grocery,web,CA,80,164,0,0
6898,2024-10-14 10:00:00,116.28,fuel,web,CA,76,162,0,0
6899,2024-10-14 11:00:00,12.71,grocery,mobile,CA,36,13,0,0
6900,2024-10-14 12:00:00,205.21,electronics,web,GB,37,183,0,0
6901,2024-10-14 13:00:00,124.95,travel,pos,CA,60,174,0,1
6902,2024-10-14 14:00:00,158.02,travel,mobile,GB,75,180,0,1
6903,2024-10-14 15:00:00,78.04,restaurant,pos,CA,71,222,0,0
6904,2024-10-14 16:00:00,86.95,fuel,web,US,57,28,0,0
6905,2024-10-14 17:00:00,145.88,travel,pos,US,44,86,0,0
6906,2024-10-14 18:00:00,15.24,electronics,web,CA,30,216,0,0
6907,2024-10-14 19:00:00,87.78,fuel,pos,CA,64,111,0,0
6908,2024-10-14 20:00:00,42.63,grocery,mobile,US,40,158,0,0
6909,2024-10-14 21:00:00,39.85,ecommerce,pos,CA,76,45,0,0
6910,2024-10-14 22:00:00,69.89,grocery,mobile,CA,24,38,0,0
6911,2024-10-14 23:00:00,240.54,electronics,mobile,CA,67,20,1,0
6912,2024-10-15 00:00:00,58.21,restaurant,pos,CA,83,198,1,0
6913,2024-10-15 01:00:00,224.7,fuel,pos,CA,20,97,1,0
6914,2024-10-15 02:00:00,216.19,grocery,mobile,CA,56,175,1,0
6915,2024-10-15 03:00:00,4.26,fuel,pos,FR,24,102,1,0
6916,2024-10-15 04:00:00,22.04,travel,pos,CA,72,59,1,0
6917,2024-10-15 05:00:00,350.45,ecommerce,pos,US,25,207,1,0
6918,2024-10-15 06:00:00,277.58,electronics,web,CA,49,207,0,0
6919,2024-10-15 07:00:00,117.16,grocery,pos,FR,36,224,0,1
6920,2024-10-15 08:00:00,143.16,ecommerce,pos,CA,29,142,0,0
6921,2024-10-15 09:00:00,63.22,electronics,web,CA,74,42,0,0
6922,2024-10-15 10:00:00,158.91,electronics,pos,US,27,189,0,0
6923,2024-10-15 11:00:00,55.45,restaurant,pos,CA,38,59,0,0
6924,2024-10-15 12:00:00,62.91,travel,mobile,CA,37,8,0,0
6925,2024-10-15 13:00:00,1.06,restaurant,mobile,CA,21,228,0,0
6926,2024-10-15 14:00:00,121.9,restaurant,pos,CA,36,57,0,0
6927,2024-10-15 15:00:00,18.2,fuel,pos,CA,46,150,0,0
6928,2024-10-15 16:00:00,113.95,fuel,web,CA,81,102,0,0
6929,2024-10-15 17:00:00,23.28,ecommerce,pos,CA,28,84,0,0
6930,2024-10-15 18:00:00,49.59,travel,atm,CA,50,216,0,0
6931,2024-10-15 19:00:00,196.78,electronics,mobile,CA,42,21,0,0
6932,2024-10-15 20:00:00,142.27,travel,atm,CA,50,128,0,0
6933,2024-10-15 21:00:00,119.13,travel,mobile,CA,43,156,0,0
6934,2024-10-15 22:00:00,199.11,ecommerce,web,CA,53,49,0,0
6935,2024-10-15 23:00:00,163.25,fuel,mobile,CA,28,151,1,0
6936,2024-10-16 00:00:00,250.19,travel,mobile,CA,47,216,1,0
6937,2024-10-16 01:00:00,78.61,travel,web,CA,74,54,1,0
6938,2024-10-16 02:00:00,81.33,travel,pos,IN,27,231,1,0
6939,2024-10-16 03:00:00,2.9,grocery,web,CA,42,236,1,0
6940,2024-10-16 04:00:00,81.39,travel,pos,CA,74,151,1,0
6941,2024-10-16 05:00:00,206.83,travel,mobile,CA,51,68,1,0
6942,2024-10-16 06:00:00,237.0,electronics,mobile,FR,71,46,0,0
6943,2024-10-16 07:00:00,206.43,restaurant,atm,CA,68,196,0,0
6944,2024-10-16 08:00:00,41.48,grocery,web,CA,23,222,0,0
6945,2024-10-16 09:00:00,217.48,travel,mobile,CA,76,156,0,0
6946,2024-10-16 10:00:00,45.47,restaurant,pos,US,71,95,0,0
6947,2024-10-16 11:00:00,200.83,travel,pos,CA,34,97,0,0
6948,2024-10-16 12:00:00,86.9,ecommerce,mobile,CA,43,50,0,0
6949,2024-10-16 13:00:00,183.23,ecommerce,mobile,IN,26,83,0,0
6950,2024-10-16 14:00:00,0.08,restaurant,mobile,FR,19,63,0,0
6951,2024-10-16 15:00:00,225.41,grocery,pos,FR,37,10,0,0
6952,2024-10-16 16:00:00,11.85,electronics,mobile,CA,23,89,0,0
6953,2024-10-16 17:00:00,59.84,grocery,mobile,CA,72,165,0,0
6954,2024-10-16 18:00:00,30.17,grocery,pos,CA,65,141,0,0
6955,2024-10-16 19:00:00,37.89,ecommerce,mobile,US,75,70,0,0
6956,2024-10-16 20:00:00,128.51,ecommerce,pos,CA,59,30,0,0
6957,2024-10-16 21:00:00,282.55,electronics,pos,US,38,215,0,1
6958,2024-10-16 22:00:00,360.02,travel,mobile,GB,23,228,0,0
6959,2024-10-16 23:00:00,128.74,electronics,pos,US,47,80,1,0
6960,2024-10-17 00:00:00,220.5,travel,pos,CA,40,72,1,0
6961,2024-10-17 01:00:00,140.89,restaurant,mobile,CA,53,208,1,0
6962,2024-10-17 02:00:00,164.9,restaurant,mobile,CA,20,139,1,1
6963,2024-10-17 03:00:00,89.21,fuel,pos,CA,51,123,1,0
6964,2024-10-17 04:00:00,137.56,ecommerce,mobile,CA,47,129,1,0
6965,2024-10-17 05:00:00,168.37,fuel,pos,US,59,214,1,0
6966,2024-10-17 06:00:00,67.94,fuel,atm,CA,38,146,0,0
6967,2024-10-17 07:00:00,113.03,ecommerce,mobile,CA,21,100,0,0
6968,2024-10-17 08:00:00,114.74,fuel,pos,US,66,11,0,0
6969,2024-10-17 09:00:00,194.38,grocery,pos,CA,65,84,0,0
6970,2024-10-17 10:00:00,24.06,travel,pos,CA,68,138,0,0
6971,2024-10-17 11:00:00,115.36,electronics,pos,CA,41,176,0,0
6972,2024-10-17 12:00:00,292.08,ecommerce,web,CA,63,61,0,0
6973,2024-10-17 13:00:00,224.77,grocery,pos,CA,44,138,0,0
6974,2024-10-17 14:00:00,241.43,restaurant,pos,CA,68,101,0,0
6975,2024-10-17 15:00:00,122.2,electronics,mobile,CA,37,122,0,0
6976,2024-10-17 16:00:00,148.89,electronics,pos,CA,35,60,0,0
6977,2024-10-17 17:00:00,210.2,electronics,web,CA,25,114,0,0
6978,2024-10-17 18:00:00,260.42,fuel,pos,CA,44,150,0,0
6979,2024-10-17 19:00:00,55.64,fuel,mobile,CA,31,75,0,1
6980,2024-10-17 20:00:00,1.61,fuel,web,CA,35,99,0,0
6981,2024-10-17 21:00:00,237.85,fuel,mobile,GB,82,9,0,1
6982,2024-10-17 22:00:00,95.08,grocery,pos,CA,48,143,0,0
6983,2024-10-17 23:00:00,59.55,fuel,pos,US,37,83,1,0
6984,2024-10-18 00:00:00,7.13,ecommerce,pos,CA,62,37,1,0
6985,2024-10-18 01:00:00,70.05,electronics,pos,CA,18,70,1,1
6986,2024-10-18 02:00:00,6.21,grocery,pos,CA,36,228,1,1
6987,2024-10-18 03:00:00,308.2,restaurant,web,GB,56,172,1,0
6988,2024-10-18 04:00:00,117.98,fuel,web,US,44,197,1,0
6989,2024-10-18 05:00:00,114.78,restaurant,mobile,CA,73,131,1,0
6990,2024-10-18 06:00:00,172.93,electronics,web,GB,33,10,0,0
6991,2024-10-18 07:00:00,206.61,grocery,web,CA,24,205,0,0
6992,2024-10-18 08:00:00,205.13,electronics,atm,CA,37,132,0,0
6993,2024-10-18 09:00:00,216.63,restaurant,web,CA,48,56,0,0
6994,2024-10-18 10:00:00,63.22,grocery,web,CA,42,168,0,0
6995,2024-10-18 11:00:00,93.19,travel,atm,CA,18,33,0,1
6996,2024-10-18 12:00:00,189.21,grocery,atm,CA,34,226,0,0
6997,2024-10-18 13:00:00,72.53,fuel,web,GB,44,228,0,0
6998,2024-10-18 14:00:00,119.54,restaurant,web,CA,41,161,0,0
6999,2024-10-18 15:00:00,155.89,electronics,web,US,79,188,0,0
7000,2024-10-18 16:00:00,190.67,electronics,mobile,CA,69,149,0,0
7001,2024-10-18 17:00:00,39.99,electronics,mobile,CA,68,103,0,0
7002,2024-10-18 18:00:00,184.33,ecommerce,pos,CA,83,197,0,0
7003,2024-10-18 19:00:00,98.96,ecommerce,mobile,CA,74,119,0,0
7004,2024-10-18 20:00:00,183.67,fuel,mobile,IN,72,45,0,0
7005,2024-10-18 21:00:00,189.92,travel,pos,CA,70,57,0,0
7006,2024-10-18 22:00:00,264.71,ecommerce,mobile,CA,36,205,0,0
7007,2024-10-18 23:00:00,241.81,grocery,web,CA,30,168,1,0
7008,2024-10-19 00:00:00,241.19,restaurant,pos,FR,46,209,1,0
7009,2024-10-19 01:00:00,249.93,fuel,atm,CA,23,126,1,0
7010,2024-10-19 02:00:00,146.22,travel,web,US,18,192,1,0
7011,2024-10-19 03:00:00,122.9,grocery,web,CA,41,127,1,0
7012,2024-10-19 04:00:00,198.55,electronics,mobile,CA,23,10,1,0
7013,2024-10-19 05:00:00,185.89,ecommerce,atm,CA,65,74,1,0
7014,2024-10-19 06:00:00,92.18,grocery,mobile,CA,37,66,0,0
7015,2024-10-19 07:00:00,156.43,travel,web,CA,84,102,0,0
7016,2024-10-19 08:00:00,116.84,fuel,web,CA,72,85,0,1
7017,2024-10-19 09:00:00,43.15,grocery,pos,CA,35,193,0,0
7018,2024-10-19 10:00:00,236.14,fuel,web,CA,38,158,0,0
7019,2024-10-19 11:00:00,124.97,electronics,mobile,CA,81,82,0,0
7020,2024-10-19 12:00:00,304.38,travel,mobile,US,54,35,0,0
7021,2024-10-19 13:00:00,26.29,travel,pos,CA,36,53,0,0
7022,2024-10-19 14:00:00,69.89,ecommerce,pos,CA,73,167,0,0
7023,2024-10-19 15:00:00,122.94,restaurant,mobile,CA,79,112,0,1
7024,2024-10-19 16:00:00,222.36,travel,mobile,CA,35,22,0,1
7025,2024-10-19 17:00:00,155.95,grocery,web,CA,47,67,0,0
7026,2024-10-19 18:00:00,147.94,grocery,web,GB,73,198,0,0
7027,2024-10-19 19:00:00,18.55,grocery,pos,CA,59,100,0,0
7028,2024-10-19 20:00:00,15.88,electronics,mobile,CA,70,80,0,0
7029,2024-10-19 21:00:00,149.03,travel,web,CA,67,195,0,0
7030,2024-10-19 22:00:00,2.77,travel,mobile,CA,21,100,0,1
7031,2024-10-19 23:00:00,72.13,grocery,pos,CA,80,75,1,0
7032,2024-10-20 00:00:00,165.08,ecommerce,web,GB,84,120,1,0
7033,2024-10-20 01:00:00,31.59,ecommerce,pos,CA,73,17,1,0
7034,2024-10-20 02:00:00,264.48,travel,mobile,GB,66,147,1,0
7035,2024-10-20 03:00:00,230.15,travel,mobile,CA,39,188,1,0
7036,2024-10-20 04:00:00,21.43,fuel,mobile,CA,29,72,1,0
7037,2024-10-20 05:00:00,36.09,travel,mobile,CA,66,124,1,1
7038,2024-10-20 06:00:00,85.72,grocery,mobile,CA,30,206,0,0
7039,2024-10-20 07:00:00,49.57,restaurant,pos,CA,50,90,0,0
7040,2024-10-20 08:00:00,188.97,electronics,mobile,CA,64,217,0,0
7041,2024-10-20 09:00:00,82.75,travel,pos,CA,81,51,0,0
7042,2024-10-20 10:00:00,161.47,travel,web,CA,34,176,0,0
7043,2024-10-20 11:00:00,17.01,grocery,pos,CA,51,57,0,0
7044,2024-10-20 12:00:00,191.82,fuel,web,GB,56,138,0,0
7045,2024-10-20 13:00:00,70.04,restaurant,mobile,CA,18,32,0,0
7046,2024-10-20 14:00:00,121.1,travel,pos,US,22,79,0,1
7047,2024-10-20 15:00:00,111.64,ecommerce,pos,CA,57,123,0,1
7048,2024-10-20 16:00:00,5.56,ecommerce,mobile,CA,80,122,0,0
7049,2024-10-20 17:00:00,16.22,ecommerce,mobile,MX,18,68,0,0
7050,2024-10-20 18:00:00,207.1,electronics,web,CA,52,28,0,0
7051,2024-10-20 19:00:00,155.91,electronics,pos,CA,34,132,0,0
7052,2024-10-20 20:00:00,214.5,restaurant,web,IN,77,189,0,0
7053,2024-10-20 21:00:00,149.22,travel,mobile,CA,18,77,0,1
7054,2024-10-20 22:00:00,132.87,travel,mobile,MX,21,140,0,1
7055,2024-10-20 23:00:00,35.34,travel,pos,CA,26,15,1,1
7056,2024-10-21 00:00:00,95.67,electronics,atm,CA,62,29,1,0
7057,2024-10-21 01:00:00,117.54,restaurant,pos,MX,49,87,1,1
7058,2024-10-21 02:00:00,295.78,travel,pos,CA,31,13,1,0
7059,2024-10-21 03:00:00,181.83,grocery,web,CA,68,38,1,0
7060,2024-10-21 04:00:00,258.25,fuel,pos,CA,40,186,1,0
7061,2024-10-21 05:00:00,173.78,ecommerce,atm,CA,63,110,1,0
7062,2024-10-21 06:00:00,55.98,ecommerce,pos,CA,44,35,0,0
7063,2024-10-21 07:00:00,130.54,grocery,pos,US,53,168,0,0
7064,2024-10-21 08:00:00,141.26,travel,pos,FR,49,76,0,0
7065,2024-10-21 09:00:00,35.48,restaurant,web,CA,83,222,0,0
7066,2024-10-21 10:00:00,85.41,restaurant,pos,US,59,110,0,0
7067,2024-10-21 11:00:00,101.48,electronics,pos,CA,67,5,0,1
7068,2024-10-21 12:00:00,264.51,travel,pos,CA,74,2,0,0
7069,2024-10-21 13:00:00,67.27,restaurant,web,US,81,234,0,0
7070,2024-10-21 14:00:00,228.52,travel,mobile,CA,63,30,0,0
7071,2024-10-21 15:00:00,35.69,ecommerce,mobile,CA,71,99,0,0
7072,2024-10-21 16:00:00,3.49,ecommerce,web,CA,70,119,0,0
7073,2024-10-21 17:00:00,226.19,electronics,pos,US,46,10,0,0
7074,2024-10-21 18:00:00,185.87,ecommerce,mobile,CA,54,73,0,0
7075,2024-10-21 19:00:00,232.91,travel,web,CA,31,209,0,0
7076,2024-10-21 20:00:00,192.06,grocery,pos,CA,44,124,0,0
7077,2024-10-21 21:00:00,305.39,electronics,web,IN,22,38,0,0
7078,2024-10-21 22:00:00,170.29,grocery,mobile,US,61,187,0,1
7079,2024-10-21 23:00:00,105.92,travel,pos,CA,32,94,1,0
7080,2024-10-22 00:00:00,150.86,electronics,pos,CA,84,233,1,0
7081,2024-10-22 01:00:00,231.91,grocery,pos,FR,18,119,1,0
7082,2024-10-22 02:00:00,49.86,electronics,mobile,CA,41,163,1,0
7083,2024-10-22 03:00:00,61.33,travel,pos,CA,79,71,1,0
7084,2024-10-22 04:00:00,92.19,restaurant,web,CA,74,140,1,0
7085,2024-10-22 05:00:00,69.41,electronics,pos,CA,37,170,1,0
7086,2024-10-22 06:00:00,132.43,restaurant,pos,GB,75,98,0,0
7087,2024-10-22 07:00:00,49.75,travel,pos,US,31,177,0,0
7088,2024-10-22 08:00:00,124.78,electronics,pos,CA,70,127,0,0
7089,2024-10-22 09:00:00,197.88,electronics,pos,CA,52,67,0,0
7090,2024-10-22 10:00:00,77.08,restaurant,mobile,FR,79,33,0,0
7091,2024-10-22 11:00:00,270.94,ecommerce,web,CA,78,104,0,0
7092,2024-10-22 12:00:00,11.45,restaurant,mobile,CA,36,141,0,0
7093,2024-10-22 13:00:00,227.21,restaurant,pos,CA,59,203,0,0
7094,2024-10-22 14:00:00,180.76,restaurant,mobile,CA,61,232,0,0
7095,2024-10-22 15:00:00,34.44,travel,atm,US,18,148,0,0
7096,2024-10-22 16:00:00,363.97,fuel,pos,CA,63,223,0,0
7097,2024-10-22 17:00:00,114.26,restaurant,atm,CA,68,161,0,0
7098,2024-10-22 18:00:00,41.03,electronics,pos,CA,49,34,0,0
7099,2024-10-22 19:00:00,6.64,grocery,mobile,CA,36,50,0,0
7100,2024-10-22 20:00:00,100.2,ecommerce,pos,CA,56,178,0,0
7101,2024-10-22 21:00:00,108.53,restaurant,web,CA,31,137,0,0
7102,2024-10-22 22:00:00,129.24,restaurant,web,US,46,7,0,0
7103,2024-10-22 23:00:00,93.2,ecommerce,pos,US,59,137,1,0
7104,2024-10-23 00:00:00,176.99,restaurant,mobile,CA,31,106,1,0
7105,2024-10-23 01:00:00,85.11,electronics,web,CA,28,154,1,0
7106,2024-10-23 02:00:00,54.15,fuel,web,MX,64,130,1,0
7107,2024-10-23 03:00:00,106.56,restaurant,atm,CA,41,5,1,0
7108,2024-10-23 04:00:00,93.07,ecommerce,mobile,CA,39,113,1,1
7109,2024-10-23 05:00:00,151.84,restaurant,atm,CA,66,66,1,0
7110,2024-10-23 06:00:00,31.86,travel,mobile,CA,72,116,0,0
7111,2024-10-23 07:00:00,134.7,electronics,pos,CA,72,138,0,0
7112,2024-10-23 08:00:00,238.27,electronics,pos,CA,52,159,0,0
7113,2024-10-23 09:00:00,34.61,fuel,pos,CA,61,161,0,0
7114,2024-10-23 10:00:00,215.51,travel,atm,CA,53,108,0,0
7115,2024-10-23 11:00:00,80.99,travel,pos,CA,32,111,0,0
7116,2024-10-23 12:00:00,277.79,fuel,pos,CA,62,134,0,0
7117,2024-10-23 13:00:00,87.14,grocery,pos,US,79,14,0,0
7118,2024-10-23 14:00:00,44.36,restaurant,pos,CA,67,78,0,0
7119,2024-10-23 15:00:00,181.85,travel,pos,CA,30,15,0,0
7120,2024-10-23 16:00:00,80.78,grocery,web,CA,48,225,0,0
7121,2024-10-23 17:00:00,44.27,grocery,pos,CA,22,121,0,0
7122,2024-10-23 18:00:00,76.99,electronics,web,US,25,223,0,0
7123,2024-10-23 19:00:00,115.99,restaurant,mobile,CA,30,209,0,0
7124,2024-10-23 20:00:00,240.8,electronics,mobile,CA,58,171,0,1
7125,2024-10-23 21:00:00,54.07,ecommerce,pos,CA,34,207,0,0
7126,2024-10-23 22:00:00,122.08,electronics,mobile,CA,49,148,0,1
7127,2024-10-23 23:00:00,176.24,travel,mobile,CA,22,21,1,0
7128,2024-10-24 00:00:00,137.41,travel,pos,GB,26,192,1,1
7129,2024-10-24 01:00:00,237.89,restaurant,mobile,CA,51,29,1,0
7130,2024-10-24 02:00:00,113.31,grocery,mobile,CA,18,187,1,0
7131,2024-10-24 03:00:00,103.39,travel,web,MX,57,73,1,0
7132,2024-10-24 04:00:00,173.31,electronics,pos,CA,71,192,1,0
7133,2024-10-24 05:00:00,128.94,electronics,web,CA,49,93,1,1
7134,2024-10-24 06:00:00,84.86,restaurant,mobile,FR,67,172,0,0
7135,2024-10-24 07:00:00,166.45,electronics,pos,CA,76,162,0,0
7136,2024-10-24 08:00:00,61.27,fuel,mobile,FR,79,47,0,0
7137,2024-10-24 09:00:00,64.99,restaurant,pos,CA,28,9,0,0
7138,2024-10-24 10:00:00,72.48,restaurant,web,IN,40,188,0,0
7139,2024-10-24 11:00:00,241.78,travel,pos,US,43,112,0,0
7140,2024-10-24 12:00:00,169.89,restaurant,pos,CA,80,30,0,0
7141,2024-10-24 13:00:00,155.6,ecommerce,mobile,MX,63,17,0,0
7142,2024-10-24 14:00:00,123.08,travel,mobile,CA,23,180,0,0
7143,2024-10-24 15:00:00,31.28,travel,pos,CA,68,59,0,0
7144,2024-10-24 16:00:00,147.88,fuel,web,CA,60,119,0,0
7145,2024-10-24 17:00:00,162.82,travel,mobile,CA,59,132,0,1
7146,2024-10-24 18:00:00,173.07,grocery,mobile,US,30,168,0,0
7147,2024-10-24 19:00:00,118.66,electronics,mobile,US,42,224,0,0
7148,2024-10-24 20:00:00,242.98,electronics,web,US,19,96,0,0
7149,2024-10-24 21:00:00,53.6,restaurant,atm,US,31,135,0,0
7150,2024-10-24 22:00:00,181.79,fuel,mobile,CA,34,38,0,0
7151,2024-10-24 23:00:00,186.7,electronics,pos,MX,57,32,1,0
7152,2024-10-25 00:00:00,41.1,grocery,web,CA,56,69,1,0
7153,2024-10-25 01:00:00,179.44,fuel,web,US,42,234,1,0
7154,2024-10-25 02:00:00,85.31,ecommerce,mobile,IN,65,67,1,0
7155,2024-10-25 03:00:00,66.42,electronics,pos,CA,66,56,1,0
7156,2024-10-25 04:00:00,225.1,travel,web,CA,50,20,1,0
7157,2024-10-25 05:00:00,50.25,grocery,pos,US,44,192,1,0
7158,2024-10-25 06:00:00,43.1,grocery,pos,CA,62,120,0,0
7159,2024-10-25 07:00:00,83.72,electronics,pos,CA,48,145,0,0
7160,2024-10-25 08:00:00,144.5,restaurant,mobile,MX,80,144,0,0
7161,2024-10-25 09:00:00,114.85,ecommerce,pos,CA,55,11,0,1
7162,2024-10-25 10:00:00,169.33,travel,web,FR,57,141,0,0
7163,2024-10-25 11:00:00,0.55,ecommerce,web,IN,75,146,0,0
7164,2024-10-25 12:00:00,53.19,ecommerce,web,CA,82,14,0,0
7165,2024-10-25 13:00:00,109.56,electronics,web,US,28,34,0,1
7166,2024-10-25 14:00:00,290.81,travel,pos,CA,32,204,0,0
7167,2024-10-25 15:00:00,109.76,electronics,pos,US,74,86,0,0
7168,2024-10-25 16:00:00,217.67,electronics,mobile,CA,42,213,0,0
7169,2024-10-25 17:00:00,123.47,restaurant,web,MX,56,125,0,0
7170,2024-10-25 18:00:00,76.47,grocery,mobile,CA,50,154,0,0
7171,2024-10-25 19:00:00,97.79,restaurant,web,CA,46,170,0,0
7172,2024-10-25 20:00:00,104.84,restaurant,pos,US,75,189,0,0
7173,2024-10-25 21:00:00,174.33,electronics,mobile,CA,28,167,0,0
7174,2024-10-25 22:00:00,243.72,restaurant,pos,US,30,130,0,0
7175,2024-10-25 23:00:00,152.37,restaurant,mobile,FR,38,185,1,0
7176,2024-10-26 00:00:00,226.84,fuel,pos,CA,20,50,1,0
7177,2024-10-26 01:00:00,33.17,travel,web,US,43,113,1,0
7178,2024-10-26 02:00:00,82.68,grocery,pos,CA,50,144,1,0
7179,2024-10-26 03:00:00,54.81,travel,mobile,CA,39,62,1,0
7180,2024-10-26 04:00:00,148.3,grocery,atm,CA,79,98,1,0
7181,2024-10-26 05:00:00,87.69,fuel,pos,CA,22,139,1,0
7182,2024-10-26 06:00:00,185.68,electronics,pos,CA,36,211,0,0
7183,2024-10-26 07:00:00,36.21,grocery,pos,CA,26,127,0,0
7184,2024-10-26 08:00:00,123.87,grocery,mobile,CA,75,191,0,0
7185,2024-10-26 09:00:00,181.82,grocery,pos,CA,41,30,0,0
7186,2024-10-26 10:00:00,65.88,fuel,web,US,56,182,0,0
7187,2024-10-26 11:00:00,310.95,travel,pos,CA,78,199,0,0
7188,2024-10-26 12:00:00,94.52,fuel,mobile,CA,65,155,0,0
7189,2024-10-26 13:00:00,62.25,grocery,web,CA,67,86,0,0
7190,2024-10-26 14:00:00,134.23,restaurant,mobile,CA,79,192,0,1
7191,2024-10-26 15:00:00,123.01,grocery,mobile,IN,70,81,0,0
7192,2024-10-26 16:00:00,112.63,restaurant,pos,MX,38,79,0,0
7193,2024-10-26 17:00:00,209.21,electronics,web,CA,55,137,0,0
7194,2024-10-26 18:00:00,187.27,fuel,web,CA,76,76,0,0
7195,2024-10-26 19:00:00,146.81,restaurant,web,GB,60,200,0,0
7196,2024-10-26 20:00:00,160.51,fuel,pos,GB,34,130,0,0
7197,2024-10-26 21:00:00,110.61,ecommerce,mobile,CA,61,49,0,1
7198,2024-10-26 22:00:00,279.79,travel,atm,US,80,48,0,1
7199,2024-10-26 23:00:00,13.13,ecommerce,atm,CA,40,55,1,0
7200,2024-10-27 00:00:00,132.57,restaurant,mobile,CA,43,80,1,0
7201,2024-10-27 01:00:00,125.85,ecommerce,web,CA,65,67,1,1
7202,2024-10-27 02:00:00,193.2,travel,pos,IN,64,115,1,0
7203,2024-10-27 03:00:00,44.05,restaurant,pos,US,63,112,1,1
7204,2024-10-27 04:00:00,36.93,electronics,web,CA,46,159,1,0
7205,2024-10-27 05:00:00,134.11,electronics,pos,CA,51,107,1,0
7206,2024-10-27 06:00:00,145.31,travel,pos,CA,27,26,0,0
7207,2024-10-27 07:00:00,254.06,travel,mobile,CA,37,233,0,0
7208,2024-10-27 08:00:00,5.67,restaurant,atm,CA,51,110,0,0
7209,2024-10-27 09:00:00,223.92,fuel,mobile,CA,30,66,0,0
7210,2024-10-27 10:00:00,333.07,restaurant,pos,CA,27,158,0,0
7211,2024-10-27 11:00:00,86.0,fuel,mobile,CA,62,205,0,0
7212,2024-10-27 12:00:00,3.82,fuel,pos,CA,25,101,0,0
7213,2024-10-27 13:00:00,83.37,fuel,web,CA,22,206,0,0
7214,2024-10-27 14:00:00,121.26,restaurant,web,CA,37,1,0,0
7215,2024-10-27 15:00:00,170.74,grocery,web,CA,61,224,0,0
7216,2024-10-27 16:00:00,66.77,grocery,atm,CA,75,70,0,0
7217,2024-10-27 17:00:00,259.97,electronics,pos,CA,37,150,0,0
7218,2024-10-27 18:00:00,19.69,grocery,web,CA,57,203,0,0
7219,2024-10-27 19:00:00,36.53,grocery,pos,FR,33,113,0,1
7220,2024-10-27 20:00:00,219.6,fuel,mobile,CA,21,215,0,0
7221,2024-10-27 21:00:00,84.72,fuel,web,CA,27,54,0,0
7222,2024-10-27 22:00:00,101.63,travel,mobile,CA,68,142,0,0
7223,2024-10-27 23:00:00,400.59,fuel,mobile,CA,65,14,1,0
7224,2024-10-28 00:00:00,118.92,restaurant,mobile,CA,37,212,1,0
7225,2024-10-28 01:00:00,19.13,travel,web,CA,49,199,1,0
7226,2024-10-28 02:00:00,114.83,travel,pos,MX,83,19,1,0
7227,2024-10-28 03:00:00,115.43,grocery,web,CA,77,154,1,0
7228,2024-10-28 04:00:00,134.46,fuel,atm,CA,28,59,1,0
7229,2024-10-28 05:00:00,179.6,grocery,mobile,CA,37,150,1,0
7230,2024-10-28 06:00:00,26.48,fuel,pos,US,40,6,0,0
7231,2024-10-28 07:00:00,271.88,grocery,pos,CA,52,63,0,0
7232,2024-10-28 08:00:00,142.06,grocery,web,FR,34,77,0,0
7233,2024-10-28 09:00:00,185.41,grocery,mobile,CA,27,74,0,0
7234,2024-10-28 10:00:00,63.47,restaurant,pos,US,55,182,0,0
7235,2024-10-28 11:00:00,235.77,electronics,mobile,CA,49,127,0,1
7236,2024-10-28 12:00:00,96.87,grocery,mobile,CA,71,147,0,0
7237,2024-10-28 13:00:00,144.98,ecommerce,web,CA,74,95,0,0
7238,2024-10-28 14:00:00,36.02,ecommerce,pos,CA,42,10,0,0
7239,2024-10-28 15:00:00,30.28,ecommerce,mobile,IN,31,37,0,0
7240,2024-10-28 16:00:00,181.94,restaurant,web,CA,62,205,0,1
7241,2024-10-28 17:00:00,80.08,travel,web,CA,61,145,0,0
7242,2024-10-28 18:00:00,43.16,grocery,pos,GB,55,183,0,0
7243,2024-10-28 19:00:00,62.11,ecommerce,web,CA,53,133,0,0
7244,2024-10-28 20:00:00,182.91,restaurant,mobile,CA,56,149,0,0
7245,2024-10-28 21:00:00,63.39,travel,web,CA,56,118,0,0
7246,2024-10-28 22:00:00,109.41,ecommerce,pos,US,30,167,0,0
7247,2024-10-28 23:00:00,121.35,fuel,mobile,FR,83,148,1,0
7248,2024-10-29 00:00:00,52.56,electronics,pos,US,51,199,1,0
7249,2024-10-29 01:00:00,12.4,grocery,pos,US,32,143,1,0
7250,2024-10-29 02:00:00,150.27,electronics,mobile,FR,75,79,1,0
7251,2024-10-29 03:00:00,53.67,electronics,mobile,CA,76,53,1,0
7252,2024-10-29 04:00:00,215.11,fuel,pos,CA,83,215,1,0
7253,2024-10-29 05:00:00,207.01,fuel,pos,US,69,33,1,0
7254,2024-10-29 06:00:00,184.73,fuel,mobile,CA,22,122,0,0
7255,2024-10-29 07:00:00,283.78,travel,web,CA,60,172,0,0
7256,2024-10-29 08:00:00,112.52,ecommerce,web,US,25,194,0,0
7257,2024-10-29 09:00:00,178.4,grocery,pos,FR,80,178,0,0
7258,2024-10-29 10:00:00,67.4,fuel,pos,CA,52,32,0,0
7259,2024-10-29 11:00:00,340.71,restaurant,mobile,CA,49,79,0,0
7260,2024-10-29 12:00:00,298.53,grocery,web,CA,41,199,0,0
7261,2024-10-29 13:00:00,121.07,grocery,mobile,CA,67,201,0,0
7262,2024-10-29 14:00:00,154.79,grocery,web,CA,76,183,0,0
7263,2024-10-29 15:00:00,242.34,fuel,web,CA,82,156,0,0
7264,2024-10-29 16:00:00,106.76,fuel,mobile,CA,55,214,0,1
7265,2024-10-29 17:00:00,60.9,ecommerce,pos,CA,55,3,0,0
7266,2024-10-29 18:00:00,198.66,fuel,web,MX,38,53,0,0
7267,2024-10-29 19:00:00,127.06,fuel,pos,CA,40,170,0,0
7268,2024-10-29 20:00:00,136.47,grocery,pos,CA,63,2,0,0
7269,2024-10-29 21:00:00,44.92,ecommerce,pos,CA,47,121,0,0
7270,2024-10-29 22:00:00,34.59,electronics,pos,CA,57,150,0,0
7271,2024-10-29 23:00:00,141.25,fuel,mobile,FR,59,153,1,1
7272,2024-10-30 00:00:00,201.45,restaurant,web,CA,35,217,1,1
7273,2024-10-30 01:00:00,99.68,fuel,mobile,FR,76,160,1,0
7274,2024-10-30 02:00:00,249.28,electronics,web,US,30,236,1,0
7275,2024-10-30 03:00:00,56.65,grocery,web,CA,38,135,1,0
7276,2024-10-30 04:00:00,25.08,ecommerce,pos,CA,78,62,1,0
7277,2024-10-30 05:00:00,113.95,grocery,web,MX,55,31,1,0
7278,2024-10-30 06:00:00,112.57,travel,web,CA,57,63,0,0
7279,2024-10-30 07:00:00,189.3,fuel,pos,CA,44,37,0,0
7280,2024-10-30 08:00:00,50.25,restaurant,mobile,CA,75,68,0,0
7281,2024-10-30 09:00:00,243.13,travel,pos,CA,83,225,0,0
7282,2024-10-30 10:00:00,297.02,fuel,web,CA,60,79,0,0
7283,2024-10-30 11:00:00,116.48,travel,web,IN,37,137,0,0
7284,2024-10-30 12:00:00,232.47,electronics,atm,CA,52,198,0,0
7285,2024-10-30 13:00:00,24.92,fuel,pos,US,72,46,0,0
7286,2024-10-30 14:00:00,216.77,restaurant,web,CA,57,95,0,0
7287,2024-10-30 15:00:00,214.25,fuel,web,CA,63,34,0,0
7288,2024-10-30 16:00:00,197.71,travel,pos,CA,59,108,0,0
7289,2024-10-30 17:00:00,118.6,ecommerce,web,IN,35,60,0,0
7290,2024-10-30 18:00:00,145.88,travel,pos,CA,32,230,0,0
7291,2024-10-30 19:00:00,62.24,fuel,pos,CA,83,141,0,0
7292,2024-10-30 20:00:00,63.67,fuel,pos,CA,30,36,0,0
7293,2024-10-30 21:00:00,31.96,ecommerce,mobile,US,74,224,0,0
7294,2024-10-30 22:00:00,131.0,grocery,pos,CA,26,214,0,0
7295,2024-10-30 23:00:00,82.29,ecommerce,web,CA,83,48,1,0
7296,2024-10-31 00:00:00,45.78,grocery,pos,CA,33,93,1,0
7297,2024-10-31 01:00:00,24.71,restaurant,pos,CA,19,203,1,0
7298,2024-10-31 02:00:00,55.6,fuel,pos,CA,33,6,1,0
7299,2024-10-31 03:00:00,220.93,electronics,web,CA,18,133,1,0
7300,2024-10-31 04:00:00,60.51,electronics,pos,CA,43,193,1,0
7301,2024-10-31 05:00:00,73.66,travel,pos,CA,61,103,1,0
7302,2024-10-31 06:00:00,78.9,ecommerce,mobile,CA,22,178,0,0
7303,2024-10-31 07:00:00,150.51,ecommerce,web,CA,38,74,0,0
7304,2024-10-31 08:00:00,161.06,electronics,pos,CA,52,74,0,0
7305,2024-10-31 09:00:00,154.02,grocery,web,CA,71,113,0,0
7306,2024-10-31 10:00:00,211.95,ecommerce,pos,CA,67,152,0,0
7307,2024-10-31 11:00:00,249.27,grocery,web,FR,61,7,0,0
7308,2024-10-31 12:00:00,25.48,grocery,pos,CA,21,86,0,0
7309,2024-10-31 13:00:00,32.49,grocery,pos,CA,59,58,0,0
7310,2024-10-31 14:00:00,79.48,grocery,pos,CA,58,149,0,0
7311,2024-10-31 15:00:00,51.96,travel,pos,CA,53,214,0,0
7312,2024-10-31 16:00:00,140.15,travel,mobile,CA,41,161,0,0
7313,2024-10-31 17:00:00,55.19,electronics,pos,CA,22,44,0,0
7314,2024-10-31 18:00:00,19.39,travel,pos,CA,74,25,0,0
7315,2024-10-31 19:00:00,258.53,restaurant,web,CA,84,95,0,0
7316,2024-10-31 20:00:00,36.46,ecommerce,web,CA,28,208,0,0
7317,2024-10-31 21:00:00,231.91,restaurant,pos,CA,62,116,0,0
7318,2024-10-31 22:00:00,151.98,travel,pos,CA,39,143,0,0
7319,2024-10-31 23:00:00,42.83,ecommerce,pos,CA,28,157,1,0
7320,2024-11-01 00:00:00,177.18,ecommerce,pos,CA,55,83,1,0
7321,2024-11-01 01:00:00,109.41,grocery,pos,CA,76,52,1,1
7322,2024-11-01 02:00:00,79.01,electronics,pos,CA,21,17,1,0
7323,2024-11-01 03:00:00,142.05,grocery,mobile,CA,84,218,1,0
7324,2024-11-01 04:00:00,162.72,grocery,atm,CA,27,228,1,0
7325,2024-11-01 05:00:00,183.68,restaurant,web,US,36,36,1,0
7326,2024-11-01 06:00:00,226.04,travel,pos,FR,45,163,0,0
7327,2024-11-01 07:00:00,156.73,restaurant,mobile,CA,34,168,0,0
7328,2024-11-01 08:00:00,3.81,travel,web,CA,41,151,0,0
7329,2024-11-01 09:00:00,77.37,restaurant,mobile,CA,18,201,0,0
7330,2024-11-01 10:00:00,384.87,ecommerce,web,CA,22,162,0,0
7331,2024-11-01 11:00:00,185.2,travel,web,US,49,186,0,0
7332,2024-11-01 12:00:00,333.24,travel,pos,CA,70,82,0,0
7333,2024-11-01 13:00:00,245.59,restaurant,web,CA,74,128,0,0
7334,2024-11-01 14:00:00,141.76,fuel,pos,CA,60,80,0,0
7335,2024-11-01 15:00:00,147.13,ecommerce,pos,CA,56,189,0,0
7336,2024-11-01 16:00:00,116.71,ecommerce,pos,CA,51,224,0,0
7337,2024-11-01 17:00:00,36.4,fuel,web,CA,22,156,0,0
7338,2024-11-01 18:00:00,121.62,restaurant,web,CA,35,60,0,0
7339,2024-11-01 19:00:00,228.96,restaurant,mobile,CA,21,160,0,0
7340,2024-11-01 20:00:00,66.03,ecommerce,pos,CA,28,58,0,0
7341,2024-11-01 21:00:00,157.08,restaurant,pos,US,64,82,0,0
7342,2024-11-01 22:00:00,196.64,electronics,mobile,CA,48,44,0,0
7343,2024-11-01 23:00:00,38.13,electronics,mobile,CA,30,162,1,0
7344,2024-11-02 00:00:00,79.38,fuel,web,CA,40,221,1,0
7345,2024-11-02 01:00:00,28.39,travel,pos,CA,82,149,1,0
7346,2024-11-02 02:00:00,46.01,electronics,web,CA,47,124,1,0
7347,2024-11-02 03:00:00,4.12,restaurant,pos,CA,48,1,1,0
7348,2024-11-02 04:00:00,38.96,fuel,mobile,CA,64,183,1,0
7349,2024-11-02 05:00:00,247.75,electronics,mobile,IN,33,208,1,0
7350,2024-11-02 06:00:00,37.61,grocery,pos,US,60,177,0,0
7351,2024-11-02 07:00:00,131.38,fuel,mobile,CA,20,97,0,0
7352,2024-11-02 08:00:00,74.74,ecommerce,web,CA,29,21,0,0
7353,2024-11-02 09:00:00,226.1,electronics,atm,CA,28,99,0,0
7354,2024-11-02 10:00:00,238.0,ecommerce,atm,CA,33,183,0,0
7355,2024-11-02 11:00:00,197.77,fuel,pos,US,46,155,0,0
7356,2024-11-02 12:00:00,147.55,electronics,pos,CA,38,148,0,0
7357,2024-11-02 13:00:00,99.2,ecommerce,web,CA,75,223,0,0
7358,2024-11-02 14:00:00,12.73,travel,atm,US,60,144,0,0
7359,2024-11-02 15:00:00,294.92,travel,atm,CA,22,206,0,0
7360,2024-11-02 16:00:00,51.63,grocery,web,CA,69,48,0,0
7361,2024-11-02 17:00:00,179.73,restaurant,pos,CA,30,32,0,0
7362,2024-11-02 18:00:00,215.36,fuel,pos,CA,29,233,0,0
7363,2024-11-02 19:00:00,70.02,restaurant,mobile,CA,18,32,0,0
7364,2024-11-02 20:00:00,213.42,restaurant,web,CA,25,181,0,0
7365,2024-11-02 21:00:00,188.78,ecommerce,web,CA,33,124,0,0
7366,2024-11-02 22:00:00,275.52,grocery,web,CA,32,181,0,1
7367,2024-11-02 23:00:00,77.76,fuel,mobile,GB,36,130,1,0
7368,2024-11-03 00:00:00,4.27,travel,mobile,IN,42,185,1,0
7369,2024-11-03 01:00:00,74.51,restaurant,pos,CA,48,237,1,0
7370,2024-11-03 02:00:00,138.8,ecommerce,pos,CA,19,22,1,0
7371,2024-11-03 03:00:00,125.24,restaurant,mobile,US,76,229,1,0
7372,2024-11-03 04:00:00,84.59,electronics,mobile,CA,48,52,1,0
7373,2024-11-03 05:00:00,51.83,travel,pos,CA,29,209,1,0
7374,2024-11-03 06:00:00,162.34,restaurant,pos,CA,34,96,0,0
7375,2024-11-03 07:00:00,297.51,electronics,pos,CA,46,230,0,0
7376,2024-11-03 08:00:00,161.78,electronics,pos,CA,53,209,0,0
7377,2024-11-03 09:00:00,174.82,ecommerce,pos,CA,80,186,0,0
7378,2024-11-03 10:00:00,171.52,ecommerce,web,CA,32,162,0,0
7379,2024-11-03 11:00:00,155.73,electronics,pos,CA,47,199,0,0
7380,2024-11-03 12:00:00,203.85,grocery,web,CA,68,221,0,0
7381,2024-11-03 13:00:00,155.58,restaurant,pos,CA,28,145,0,0
7382,2024-11-03 14:00:00,91.86,electronics,pos,CA,74,216,0,0
7383,2024-11-03 15:00:00,48.36,electronics,web,US,30,200,0,0
7384,2024-11-03 16:00:00,97.59,ecommerce,web,CA,72,23,0,0
7385,2024-11-03 17:00:00,148.27,restaurant,pos,US,80,33,0,0
7386,2024-11-03 18:00:00,91.55,fuel,mobile,CA,19,157,0,0
7387,2024-11-03 19:00:00,148.29,travel,pos,CA,73,19,0,0
7388,2024-11-03 20:00:00,159.52,ecommerce,pos,CA,24,121,0,0
7389,2024-11-03 21:00:00,194.99,restaurant,web,CA,60,69,0,0
7390,2024-11-03 22:00:00,235.45,restaurant,mobile,CA,48,37,0,0
7391,2024-11-03 23:00:00,127.02,grocery,web,CA,78,215,1,1
7392,2024-11-04 00:00:00,2.3,travel,pos,FR,39,123,1,0
7393,2024-11-04 01:00:00,88.94,ecommerce,web,MX,79,154,1,0
7394,2024-11-04 02:00:00,123.97,ecommerce,pos,CA,45,24,1,0
7395,2024-11-04 03:00:00,45.22,fuel,mobile,CA,42,54,1,0
7396,2024-11-04 04:00:00,244.98,grocery,pos,CA,82,21,1,0
7397,2024-11-04 05:00:00,132.81,grocery,mobile,CA,49,97,1,0
7398,2024-11-04 06:00:00,154.32,restaurant,pos,CA,65,90,0,0
7399,2024-11-04 07:00:00,242.9,restaurant,atm,CA,41,138,0,0
7400,2024-11-04 08:00:00,63.29,ecommerce,pos,CA,59,42,0,0
7401,2024-11-04 09:00:00,171.66,fuel,mobile,CA,53,157,0,0
7402,2024-11-04 10:00:00,110.11,ecommerce,pos,CA,48,185,0,0
7403,2024-11-04 11:00:00,103.43,electronics,pos,IN,44,163,0,0
7404,2024-11-04 12:00:00,50.5,restaurant,pos,CA,83,28,0,0
7405,2024-11-04 13:00:00,269.9,electronics,mobile,CA,62,140,0,0
7406,2024-11-04 14:00:00,86.2,fuel,pos,CA,61,58,0,0
7407,2024-11-04 15:00:00,182.95,ecommerce,pos,CA,74,127,0,0
7408,2024-11-04 16:00:00,48.75,restaurant,pos,FR,38,172,0,0
7409,2024-11-04 17:00:00,226.2,fuel,atm,CA,72,7,0,0
7410,2024-11-04 18:00:00,214.7,ecommerce,pos,IN,32,144,0,0
7411,2024-11-04 19:00:00,128.77,ecommerce,pos,CA,51,212,0,0
7412,2024-11-04 20:00:00,99.58,electronics,mobile,US,20,93,0,0
7413,2024-11-04 21:00:00,156.0,travel,mobile,CA,18,35,0,0
7414,2024-11-04 22:00:00,325.99,grocery,pos,FR,41,92,0,1
7415,2024-11-04 23:00:00,38.69,restaurant,mobile,CA,60,7,1,0
7416,2024-11-05 00:00:00,190.38,grocery,pos,CA,44,214,1,0
7417,2024-11-05 01:00:00,37.95,fuel,pos,CA,26,14,1,0
7418,2024-11-05 02:00:00,118.21,grocery,mobile,US,34,59,1,0
7419,2024-11-05 03:00:00,97.69,electronics,mobile,GB,56,228,1,0
7420,2024-11-05 04:00:00,81.45,travel,pos,CA,72,62,1,0
7421,2024-11-05 05:00:00,119.06,restaurant,pos,CA,62,202,1,0
7422,2024-11-05 06:00:00,17.92,ecommerce,pos,CA,45,120,0,0
7423,2024-11-05 07:00:00,212.63,ecommerce,mobile,CA,73,66,0,0
7424,2024-11-05 08:00:00,41.47,electronics,atm,US,46,22,0,0
7425,2024-11-05 09:00:00,168.58,restaurant,pos,CA,46,144,0,0
7426,2024-11-05 10:00:00,90.61,grocery,mobile,CA,28,99,0,0
7427,2024-11-05 11:00:00,14.62,ecommerce,pos,CA,19,239,0,0
7428,2024-11-05 12:00:00,138.21,grocery,mobile,US,27,232,0,0
7429,2024-11-05 13:00:00,20.13,electronics,pos,CA,44,203,0,0
7430,2024-11-05 14:00:00,123.57,ecommerce,web,CA,52,120,0,0
7431,2024-11-05 15:00:00,8.06,fuel,pos,FR,67,235,0,0
7432,2024-11-05 16:00:00,161.51,travel,mobile,CA,19,43,0,0
7433,2024-11-05 17:00:00,36.81,grocery,pos,US,34,97,0,0
7434,2024-11-05 18:00:00,79.41,restaurant,pos,CA,41,98,0,0
7435,2024-11-05 19:00:00,146.46,grocery,mobile,CA,74,116,0,0
7436,2024-11-05 20:00:00,50.47,grocery,web,GB,33,225,0,0
7437,2024-11-05 21:00:00,114.78,grocery,pos,US,53,211,0,0
7438,2024-11-05 22:00:00,16.24,electronics,web,CA,62,148,0,0
7439,2024-11-05 23:00:00,176.78,electronics,mobile,CA,27,138,1,0
7440,2024-11-06 00:00:00,278.84,restaurant,web,CA,80,147,1,0
7441,2024-11-06 01:00:00,371.3,electronics,pos,CA,60,235,1,0
7442,2024-11-06 02:00:00,128.21,restaurant,pos,CA,68,12,1,0
7443,2024-11-06 03:00:00,190.94,restaurant,atm,US,20,138,1,0
7444,2024-11-06 04:00:00,40.26,electronics,pos,MX,83,71,1,0
7445,2024-11-06 05:00:00,255.25,ecommerce,web,CA,52,184,1,0
7446,2024-11-06 06:00:00,189.86,electronics,web,CA,53,104,0,0
7447,2024-11-06 07:00:00,76.45,ecommerce,pos,CA,66,11,0,0
7448,2024-11-06 08:00:00,231.35,fuel,pos,CA,18,208,0,0
7449,2024-11-06 09:00:00,97.1,electronics,mobile,CA,59,225,0,0
7450,2024-11-06 10:00:00,78.78,fuel,pos,GB,58,61,0,0
7451,2024-11-06 11:00:00,162.78,electronics,mobile,CA,74,126,0,0
7452,2024-11-06 12:00:00,24.3,fuel,mobile,CA,37,166,0,0
7453,2024-11-06 13:00:00,211.95,travel,pos,CA,31,17,0,0
7454,2024-11-06 14:00:00,24.96,fuel,pos,CA,69,54,0,0
7455,2024-11-06 15:00:00,25.5,ecommerce,mobile,GB,71,173,0,1
7456,2024-11-06 16:00:00,38.13,grocery,mobile,CA,66,153,0,0
7457,2024-11-06 17:00:00,188.36,restaurant,pos,US,47,106,0,0
7458,2024-11-06 18:00:00,64.49,fuel,pos,CA,20,159,0,0
7459,2024-11-06 19:00:00,1.32,grocery,web,CA,29,106,0,0
7460,2024-11-06 20:00:00,65.49,travel,web,US,48,193,0,0
7461,2024-11-06 21:00:00,117.12,travel,web,CA,54,39,0,0
7462,2024-11-06 22:00:00,13.71,ecommerce,atm,CA,44,20,0,0
7463,2024-11-06 23:00:00,16.35,ecommerce,web,CA,41,73,1,0
7464,2024-11-07 00:00:00,310.02,fuel,mobile,CA,58,43,1,0
7465,2024-11-07 01:00:00,42.55,electronics,mobile,CA,81,116,1,0
7466,2024-11-07 02:00:00,90.93,travel,pos,CA,28,194,1,0
7467,2024-11-07 03:00:00,86.95,grocery,mobile,CA,33,129,1,0
7468,2024-11-07 04:00:00,82.08,electronics,web,CA,31,55,1,0
7469,2024-11-07 05:00:00,175.92,travel,pos,CA,64,108,1,0
7470,2024-11-07 06:00:00,205.33,fuel,pos,CA,47,103,0,0
7471,2024-11-07 07:00:00,92.46,travel,web,CA,41,179,0,0
7472,2024-11-07 08:00:00,8.72,ecommerce,web,CA,30,133,0,0
7473,2024-11-07 09:00:00,234.7,grocery,atm,CA,26,140,0,0
7474,2024-11-07 10:00:00,111.42,grocery,mobile,CA,66,14,0,0
7475,2024-11-07 11:00:00,275.73,ecommerce,pos,CA,43,188,0,0
7476,2024-11-07 12:00:00,82.1,electronics,mobile,CA,66,103,0,0
7477,2024-11-07 13:00:00,137.59,ecommerce,pos,CA,59,224,0,0
7478,2024-11-07 14:00:00,292.67,grocery,pos,CA,62,40,0,0
7479,2024-11-07 15:00:00,88.21,fuel,pos,CA,38,238,0,0
7480,2024-11-07 16:00:00,99.71,electronics,web,IN,46,108,0,0
7481,2024-11-07 17:00:00,146.6,restaurant,pos,CA,41,137,0,0
7482,2024-11-07 18:00:00,69.71,travel,pos,CA,59,170,0,0
7483,2024-11-07 19:00:00,91.91,restaurant,pos,CA,58,42,0,0
7484,2024-11-07 20:00:00,89.6,fuel,pos,CA,65,33,0,0
7485,2024-11-07 21:00:00,63.53,restaurant,mobile,CA,60,25,0,0
7486,2024-11-07 22:00:00,230.6,electronics,atm,CA,25,118,0,0
7487,2024-11-07 23:00:00,161.5,grocery,mobile,CA,80,230,1,0
7488,2024-11-08 00:00:00,142.56,grocery,web,CA,80,78,1,0
7489,2024-11-08 01:00:00,192.77,fuel,mobile,CA,23,9,1,0
7490,2024-11-08 02:00:00,96.21,restaurant,mobile,CA,69,119,1,0
7491,2024-11-08 03:00:00,50.32,electronics,mobile,CA,38,119,1,0
7492,2024-11-08 04:00:00,65.76,travel,pos,CA,31,91,1,0
7493,2024-11-08 05:00:00,120.16,restaurant,pos,CA,75,172,1,0
7494,2024-11-08 06:00:00,24.67,restaurant,pos,CA,42,211,0,0
7495,2024-11-08 07:00:00,74.98,travel,pos,CA,73,58,0,0
7496,2024-11-08 08:00:00,73.55,ecommerce,pos,CA,26,153,0,0
7497,2024-11-08 09:00:00,311.21,fuel,mobile,CA,53,116,0,0
7498,2024-11-08 10:00:00,129.64,electronics,mobile,CA,74,32,0,0
7499,2024-11-08 11:00:00,103.83,fuel,pos,CA,22,22,0,0
7500,2024-11-08 12:00:00,275.31,travel,pos,IN,24,93,0,0
7501,2024-11-08 13:00:00,130.97,electronics,web,CA,23,55,0,1
7502,2024-11-08 14:00:00,187.81,grocery,pos,GB,69,220,0,0
7503,2024-11-08 15:00:00,128.98,grocery,pos,GB,72,189,0,0
7504,2024-11-08 16:00:00,59.94,electronics,mobile,CA,31,108,0,0
7505,2024-11-08 17:00:00,81.77,fuel,web,CA,18,185,0,0
7506,2024-11-08 18:00:00,138.49,fuel,mobile,US,54,77,0,0
7507,2024-11-08 19:00:00,50.2,grocery,mobile,CA,66,61,0,0
7508,2024-11-08 20:00:00,47.97,grocery,mobile,CA,29,122,0,0
7509,2024-11-08 21:00:00,75.09,travel,pos,CA,22,92,0,0
7510,2024-11-08 22:00:00,277.04,electronics,pos,CA,28,67,0,0
7511,2024-11-08 23:00:00,336.44,fuel,pos,CA,70,222,1,0
7512,2024-11-09 00:00:00,139.55,travel,pos,CA,72,203,1,0
7513,2024-11-09 01:00:00,78.17,fuel,web,CA,67,130,1,0
7514,2024-11-09 02:00:00,14.05,grocery,mobile,IN,70,114,1,0
7515,2024-11-09 03:00:00,162.17,electronics,atm,CA,72,185,1,0
7516,2024-11-09 04:00:00,280.46,ecommerce,mobile,CA,20,121,1,0
7517,2024-11-09 05:00:00,97.74,electronics,web,CA,33,201,1,0
7518,2024-11-09 06:00:00,94.11,restaurant,web,CA,62,161,0,0
7519,2024-11-09 07:00:00,180.3,ecommerce,pos,CA,53,218,0,0
7520,2024-11-09 08:00:00,208.69,travel,web,CA,36,63,0,0
7521,2024-11-09 09:00:00,22.73,ecommerce,mobile,CA,21,144,0,0
7522,2024-11-09 10:00:00,135.88,ecommerce,pos,US,76,217,0,0
7523,2024-11-09 11:00:00,160.61,travel,web,CA,29,129,0,0
7524,2024-11-09 12:00:00,113.42,electronics,mobile,CA,80,85,0,0
7525,2024-11-09 13:00:00,48.83,travel,pos,CA,73,64,0,0
7526,2024-11-09 14:00:00,211.43,restaurant,atm,CA,44,212,0,0
7527,2024-11-09 15:00:00,83.7,grocery,pos,CA,41,120,0,0
7528,2024-11-09 16:00:00,13.67,grocery,mobile,CA,43,69,0,0
7529,2024-11-09 17:00:00,64.45,ecommerce,pos,CA,39,124,0,1
7530,2024-11-09 18:00:00,233.48,travel,pos,US,36,121,0,0
7531,2024-11-09 19:00:00,175.5,travel,pos,CA,51,145,0,0
7532,2024-11-09 20:00:00,127.92,travel,mobile,CA,28,40,0,0
7533,2024-11-09 21:00:00,80.38,restaurant,mobile,CA,62,102,0,0
7534,2024-11-09 22:00:00,72.39,restaurant,web,CA,54,129,0,0
7535,2024-11-09 23:00:00,23.18,electronics,mobile,CA,40,13,1,0
7536,2024-11-10 00:00:00,81.17,fuel,mobile,US,57,18,1,0
7537,2024-11-10 01:00:00,70.81,fuel,pos,CA,60,68,1,1
7538,2024-11-10 02:00:00,53.75,fuel,mobile,CA,21,111,1,0
7539,2024-11-10 03:00:00,92.02,electronics,pos,CA,32,14,1,0
7540,2024-11-10 04:00:00,174.89,travel,web,US,40,133,1,0
7541,2024-11-10 05:00:00,116.41,fuel,pos,CA,29,62,1,0
7542,2024-11-10 06:00:00,191.54,travel,pos,IN,69,161,0,0
7543,2024-11-10 07:00:00,241.42,ecommerce,web,CA,58,26,0,0
7544,2024-11-10 08:00:00,215.24,fuel,pos,CA,76,189,0,0
7545,2024-11-10 09:00:00,162.35,ecommerce,web,CA,75,196,0,0
7546,2024-11-10 10:00:00,121.07,electronics,mobile,CA,76,30,0,0
7547,2024-11-10 11:00:00,31.73,grocery,pos,CA,40,190,0,0
7548,2024-11-10 12:00:00,186.59,restaurant,mobile,CA,18,62,0,0
7549,2024-11-10 13:00:00,271.18,electronics,web,CA,73,81,0,0
7550,2024-11-10 14:00:00,150.79,electronics,pos,CA,21,220,0,0
7551,2024-11-10 15:00:00,292.55,electronics,mobile,CA,46,70,0,0
7552,2024-11-10 16:00:00,17.3,fuel,pos,CA,34,185,0,0
7553,2024-11-10 17:00:00,16.13,ecommerce,pos,CA,66,91,0,0
7554,2024-11-10 18:00:00,196.97,restaurant,pos,CA,68,36,0,0
7555,2024-11-10 19:00:00,143.79,fuel,web,CA,66,7,0,0
7556,2024-11-10 20:00:00,238.24,grocery,web,CA,41,65,0,0
7557,2024-11-10 21:00:00,118.61,restaurant,pos,CA,61,202,0,0
7558,2024-11-10 22:00:00,41.88,electronics,pos,CA,58,77,0,0
7559,2024-11-10 23:00:00,100.78,travel,mobile,CA,74,41,1,0
7560,2024-11-11 00:00:00,17.94,grocery,mobile,CA,73,32,1,0
7561,2024-11-11 01:00:00,18.43,ecommerce,web,CA,49,142,1,0
7562,2024-11-11 02:00:00,207.52,grocery,pos,CA,48,161,1,0
7563,2024-11-11 03:00:00,198.55,fuel,pos,US,33,30,1,0
7564,2024-11-11 04:00:00,152.67,travel,mobile,CA,49,201,1,0
7565,2024-11-11 05:00:00,34.9,fuel,pos,CA,59,6,1,0
7566,2024-11-11 06:00:00,87.74,restaurant,pos,CA,51,10,0,0
7567,2024-11-11 07:00:00,9.75,electronics,web,CA,54,203,0,0
7568,2024-11-11 08:00:00,225.89,electronics,mobile,US,33,103,0,0
7569,2024-11-11 09:00:00,67.47,grocery,web,CA,30,20,0,0
7570,2024-11-11 10:00:00,22.28,electronics,pos,US,83,89,0,0
7571,2024-11-11 11:00:00,122.68,electronics,mobile,CA,50,124,0,0
7572,2024-11-11 12:00:00,62.39,restaurant,web,US,52,118,0,0
7573,2024-11-11 13:00:00,253.54,ecommerce,mobile,CA,54,12,0,0
7574,2024-11-11 14:00:00,53.87,ecommerce,pos,CA,57,22,0,0
7575,2024-11-11 15:00:00,5.93,fuel,mobile,CA,25,76,0,0
7576,2024-11-11 16:00:00,73.76,fuel,web,CA,71,14,0,0
7577,2024-11-11 17:00:00,117.23,ecommerce,web,GB,24,106,0,0
7578,2024-11-11 18:00:00,69.43,grocery,web,CA,19,176,0,0
7579,2024-11-11 19:00:00,8.6,ecommerce,pos,MX,73,182,0,0
7580,2024-11-11 20:00:00,227.03,fuel,pos,US,74,36,0,0
7581,2024-11-11 21:00:00,180.05,travel,pos,CA,66,189,0,0
7582,2024-11-11 22:00:00,117.46,electronics,pos,CA,25,55,0,0
7583,2024-11-11 23:00:00,242.79,restaurant,web,CA,80,14,1,0
7584,2024-11-12 00:00:00,179.63,travel,mobile,US,63,2,1,0
7585,2024-11-12 01:00:00,45.94,travel,pos,CA,84,2,1,0
7586,2024-11-12 02:00:00,26.47,electronics,mobile,CA,63,61,1,0
7587,2024-11-12 03:00:00,193.62,ecommerce,pos,MX,84,107,1,0
7588,2024-11-12 04:00:00,155.67,grocery,pos,CA,59,107,1,0
7589,2024-11-12 05:00:00,135.28,travel,pos,US,81,134,1,1
7590,2024-11-12 06:00:00,43.82,grocery,mobile,CA,70,153,0,0
7591,2024-11-12 07:00:00,174.72,restaurant,mobile,US,24,195,0,0
7592,2024-11-12 08:00:00,52.01,restaurant,mobile,CA,24,23,0,0
7593,2024-11-12 09:00:00,110.82,restaurant,pos,CA,53,73,0,0
7594,2024-11-12 10:00:00,250.22,fuel,pos,CA,30,95,0,0
7595,2024-11-12 11:00:00,60.52,travel,mobile,MX,84,28,0,0
7596,2024-11-12 12:00:00,21.57,restaurant,mobile,CA,37,25,0,0
7597,2024-11-12 13:00:00,25.27,fuel,mobile,CA,70,99,0,0
7598,2024-11-12 14:00:00,209.49,restaurant,pos,CA,69,65,0,0
7599,2024-11-12 15:00:00,142.93,ecommerce,mobile,US,78,194,0,0
7600,2024-11-12 16:00:00,108.4,travel,pos,CA,78,207,0,0
7601,2024-11-12 17:00:00,74.18,fuel,web,CA,73,43,0,0
7602,2024-11-12 18:00:00,163.68,restaurant,pos,US,57,40,0,0
7603,2024-11-12 19:00:00,43.58,fuel,mobile,US,80,208,0,0
7604,2024-11-12 20:00:00,147.51,restaurant,web,CA,74,23,0,0
7605,2024-11-12 21:00:00,54.19,ecommerce,pos,CA,21,177,0,0
7606,2024-11-12 22:00:00,39.21,grocery,pos,CA,43,227,0,0
7607,2024-11-12 23:00:00,62.63,restaurant,pos,MX,79,8,1,0
7608,2024-11-13 00:00:00,86.21,grocery,pos,US,71,128,1,0
7609,2024-11-13 01:00:00,115.61,travel,pos,US,79,7,1,1
7610,2024-11-13 02:00:00,141.19,ecommerce,pos,CA,35,21,1,0
7611,2024-11-13 03:00:00,211.95,travel,mobile,CA,27,35,1,0
7612,2024-11-13 04:00:00,47.31,grocery,pos,CA,53,231,1,0
7613,2024-11-13 05:00:00,84.76,ecommerce,pos,CA,19,101,1,0
7614,2024-11-13 06:00:00,255.46,electronics,mobile,CA,77,225,0,0
7615,2024-11-13 07:00:00,22.8,ecommerce,pos,FR,64,229,0,0
7616,2024-11-13 08:00:00,134.65,ecommerce,mobile,CA,49,99,0,0
7617,2024-11-13 09:00:00,254.55,electronics,web,FR,68,82,0,0
7618,2024-11-13 10:00:00,1.83,fuel,mobile,MX,84,61,0,0
7619,2024-11-13 11:00:00,155.46,fuel,pos,US,84,211,0,0
7620,2024-11-13 12:00:00,47.8,fuel,mobile,CA,73,74,0,0
7621,2024-11-13 13:00:00,74.58,grocery,pos,CA,31,196,0,0
7622,2024-11-13 14:00:00,47.72,ecommerce,mobile,CA,33,158,0,0
7623,2024-11-13 15:00:00,54.13,restaurant,pos,CA,83,109,0,0
7624,2024-11-13 16:00:00,364.97,electronics,web,CA,50,225,0,0
7625,2024-11-13 17:00:00,196.0,restaurant,pos,CA,30,68,0,0
7626,2024-11-13 18:00:00,219.16,grocery,mobile,CA,47,137,0,0
7627,2024-11-13 19:00:00,164.28,electronics,mobile,MX,43,17,0,1
7628,2024-11-13 20:00:00,24.56,restaurant,pos,MX,30,43,0,1
7629,2024-11-13 21:00:00,155.55,grocery,pos,CA,50,103,0,0
7630,2024-11-13 22:00:00,216.56,grocery,pos,GB,32,88,0,0
7631,2024-11-13 23:00:00,43.19,grocery,pos,CA,34,185,1,0
7632,2024-11-14 00:00:00,206.88,electronics,pos,CA,23,103,1,0
7633,2024-11-14 01:00:00,183.39,restaurant,atm,CA,22,141,1,1
7634,2024-11-14 02:00:00,286.68,restaurant,mobile,CA,50,185,1,0
7635,2024-11-14 03:00:00,82.4,travel,mobile,CA,71,154,1,0
7636,2024-11-14 04:00:00,21.22,grocery,web,CA,33,189,1,1
7637,2024-11-14 05:00:00,87.45,fuel,mobile,CA,63,62,1,1
7638,2024-11-14 06:00:00,249.2,ecommerce,web,US,41,19,0,0
7639,2024-11-14 07:00:00,44.56,travel,pos,FR,22,81,0,0
7640,2024-11-14 08:00:00,66.15,travel,web,MX,84,30,0,0
7641,2024-11-14 09:00:00,128.05,electronics,web,CA,67,127,0,0
7642,2024-11-14 10:00:00,80.17,travel,atm,CA,58,218,0,0
7643,2024-11-14 11:00:00,120.7,restaurant,web,CA,72,13,0,0
7644,2024-11-14 12:00:00,205.08,electronics,mobile,CA,37,177,0,0
7645,2024-11-14 13:00:00,70.27,electronics,mobile,US,67,82,0,0
7646,2024-11-14 14:00:00,48.57,fuel,web,CA,52,121,0,0
7647,2024-11-14 15:00:00,304.0,grocery,web,FR,67,213,0,0
7648,2024-11-14 16:00:00,30.25,travel,pos,CA,50,116,0,0
7649,2024-11-14 17:00:00,24.69,grocery,pos,CA,84,226,0,0
7650,2024-11-14 18:00:00,219.33,grocery,mobile,CA,27,179,0,1
7651,2024-11-14 19:00:00,85.4,grocery,mobile,CA,58,111,0,0
7652,2024-11-14 20:00:00,114.29,electronics,pos,CA,57,9,0,0
7653,2024-11-14 21:00:00,163.45,grocery,mobile,CA,23,222,0,0
7654,2024-11-14 22:00:00,217.52,travel,pos,CA,50,29,0,0
7655,2024-11-14 23:00:00,89.99,electronics,web,CA,33,93,1,0
7656,2024-11-15 00:00:00,256.8,travel,pos,CA,41,110,1,0
7657,2024-11-15 01:00:00,72.22,electronics,pos,CA,77,211,1,0
7658,2024-11-15 02:00:00,188.38,ecommerce,pos,CA,28,136,1,0
7659,2024-11-15 03:00:00,44.44,ecommerce,pos,CA,61,108,1,0
7660,2024-11-15 04:00:00,243.5,ecommerce,pos,FR,20,81,1,0
7661,2024-11-15 05:00:00,132.78,ecommerce,pos,CA,55,204,1,0
7662,2024-11-15 06:00:00,59.44,electronics,pos,CA,57,15,0,0
7663,2024-11-15 07:00:00,179.66,grocery,pos,CA,36,197,0,0
7664,2024-11-15 08:00:00,200.39,fuel,pos,US,57,162,0,0
7665,2024-11-15 09:00:00,177.77,restaurant,web,CA,70,180,0,0
7666,2024-11-15 10:00:00,27.33,fuel,mobile,CA,53,178,0,0
7667,2024-11-15 11:00:00,76.44,ecommerce,pos,CA,84,195,0,0
7668,2024-11-15 12:00:00,119.63,grocery,pos,CA,37,5,0,0
7669,2024-11-15 13:00:00,116.29,travel,mobile,CA,45,98,0,0
7670,2024-11-15 14:00:00,187.48,grocery,pos,CA,74,9,0,0
7671,2024-11-15 15:00:00,61.34,travel,mobile,CA,20,216,0,0
7672,2024-11-15 16:00:00,150.09,fuel,pos,US,54,5,0,0
7673,2024-11-15 17:00:00,93.9,grocery,pos,CA,35,155,0,0
7674,2024-11-15 18:00:00,44.53,grocery,pos,CA,63,113,0,0
7675,2024-11-15 19:00:00,53.18,restaurant,pos,CA,22,117,0,0
7676,2024-11-15 20:00:00,100.69,fuel,mobile,US,74,84,0,0
7677,2024-11-15 21:00:00,204.1,grocery,pos,CA,43,47,0,0
7678,2024-11-15 22:00:00,56.88,travel,atm,CA,50,62,0,0
7679,2024-11-15 23:00:00,41.18,grocery,pos,CA,53,45,1,0
7680,2024-11-16 00:00:00,167.95,travel,mobile,US,39,233,1,0
7681,2024-11-16 01:00:00,47.5,ecommerce,pos,CA,34,66,1,0
7682,2024-11-16 02:00:00,100.64,grocery,pos,CA,61,23,1,0
7683,2024-11-16 03:00:00,258.8,travel,web,CA,69,98,1,0
7684,2024-11-16 04:00:00,209.49,fuel,pos,MX,39,189,1,0
7685,2024-11-16 05:00:00,201.2,ecommerce,mobile,IN,18,93,1,0
7686,2024-11-16 06:00:00,75.01,grocery,web,CA,47,43,0,0
7687,2024-11-16 07:00:00,168.87,restaurant,mobile,CA,56,163,0,0
7688,2024-11-16 08:00:00,98.95,travel,pos,CA,52,158,0,0
7689,2024-11-16 09:00:00,102.35,restaurant,web,CA,28,67,0,0
7690,2024-11-16 10:00:00,156.87,grocery,web,CA,68,138,0,0
7691,2024-11-16 11:00:00,66.27,travel,mobile,CA,80,128,0,0
7692,2024-11-16 12:00:00,254.37,grocery,pos,CA,51,56,0,0
7693,2024-11-16 13:00:00,105.59,ecommerce,mobile,CA,72,34,0,0
7694,2024-11-16 14:00:00,175.65,ecommerce,atm,US,37,65,0,0
7695,2024-11-16 15:00:00,251.0,grocery,mobile,CA,75,6,0,0
7696,2024-11-16 16:00:00,212.85,grocery,web,CA,34,198,0,1
7697,2024-11-16 17:00:00,6.8,electronics,web,CA,51,171,0,0
7698,2024-11-16 18:00:00,160.04,grocery,pos,GB,79,16,0,0
7699,2024-11-16 19:00:00,196.56,grocery,mobile,US,51,191,0,0
7700,2024-11-16 20:00:00,200.27,restaurant,atm,CA,36,193,0,0
7701,2024-11-16 21:00:00,19.8,restaurant,pos,CA,83,133,0,0
7702,2024-11-16 22:00:00,60.87,ecommerce,pos,GB,59,25,0,0
7703,2024-11-16 23:00:00,209.51,restaurant,mobile,CA,68,27,1,0
7704,2024-11-17 00:00:00,51.44,grocery,pos,CA,66,170,1,0
7705,2024-11-17 01:00:00,93.03,fuel,pos,GB,46,117,1,0
7706,2024-11-17 02:00:00,261.83,grocery,atm,US,47,124,1,1
7707,2024-11-17 03:00:00,115.7,electronics,mobile,CA,42,55,1,1
7708,2024-11-17 04:00:00,54.59,travel,mobile,CA,79,230,1,1
7709,2024-11-17 05:00:00,41.01,ecommerce,pos,CA,55,107,1,0
7710,2024-11-17 06:00:00,149.94,restaurant,pos,CA,34,26,0,0
7711,2024-11-17 07:00:00,0.02,fuel,web,US,18,16,0,0
7712,2024-11-17 08:00:00,97.74,travel,web,CA,35,109,0,0
7713,2024-11-17 09:00:00,149.99,fuel,pos,FR,80,108,0,0
7714,2024-11-17 10:00:00,236.92,ecommerce,mobile,CA,63,90,0,0
7715,2024-11-17 11:00:00,180.08,restaurant,mobile,CA,36,237,0,0
7716,2024-11-17 12:00:00,55.73,electronics,pos,CA,67,101,0,0
7717,2024-11-17 13:00:00,226.06,ecommerce,pos,CA,71,156,0,0
7718,2024-11-17 14:00:00,93.04,fuel,pos,CA,48,220,0,0
7719,2024-11-17 15:00:00,8.79,fuel,web,CA,82,158,0,1
7720,2024-11-17 16:00:00,104.52,ecommerce,pos,CA,63,126,0,0
7721,2024-11-17 17:00:00,249.44,grocery,web,MX,52,122,0,0
7722,2024-11-17 18:00:00,134.87,ecommerce,web,CA,66,205,0,0
7723,2024-11-17 19:00:00,121.13,restaurant,mobile,CA,51,89,0,0
7724,2024-11-17 20:00:00,267.35,restaurant,pos,CA,46,173,0,0
7725,2024-11-17 21:00:00,8.82,electronics,web,CA,23,147,0,0
7726,2024-11-17 22:00:00,4.3,ecommerce,mobile,CA,18,13,0,0
7727,2024-11-17 23:00:00,25.43,travel,web,CA,72,75,1,0
7728,2024-11-18 00:00:00,153.54,restaurant,atm,CA,44,112,1,0
7729,2024-11-18 01:00:00,134.98,restaurant,web,CA,29,151,1,0
7730,2024-11-18 02:00:00,258.85,restaurant,mobile,CA,21,14,1,0
7731,2024-11-18 03:00:00,141.91,grocery,pos,CA,69,202,1,0
7732,2024-11-18 04:00:00,83.63,travel,web,CA,28,98,1,0
7733,2024-11-18 05:00:00,120.16,ecommerce,web,CA,69,104,1,0
7734,2024-11-18 06:00:00,130.59,grocery,atm,CA,43,151,0,1
7735,2024-11-18 07:00:00,30.46,restaurant,pos,CA,45,168,0,0
7736,2024-11-18 08:00:00,363.93,travel,pos,CA,83,64,0,1
7737,2024-11-18 09:00:00,166.79,travel,web,US,44,213,0,0
7738,2024-11-18 10:00:00,138.9,grocery,pos,US,72,187,0,0
7739,2024-11-18 11:00:00,175.36,restaurant,web,CA,71,20,0,0
7740,2024-11-18 12:00:00,183.85,grocery,atm,CA,63,160,0,0
7741,2024-11-18 13:00:00,107.35,fuel,mobile,CA,53,78,0,0
7742,2024-11-18 14:00:00,63.19,restaurant,pos,US,38,24,0,0
7743,2024-11-18 15:00:00,173.95,grocery,pos,CA,66,46,0,1
7744,2024-11-18 16:00:00,154.71,ecommerce,web,CA,51,18,0,0
7745,2024-11-18 17:00:00,47.11,restaurant,web,US,51,111,0,0
7746,2024-11-18 18:00:00,247.71,electronics,mobile,US,57,94,0,1
7747,2024-11-18 19:00:00,146.4,restaurant,mobile,CA,24,220,0,0
7748,2024-11-18 20:00:00,185.68,fuel,web,CA,69,176,0,0
7749,2024-11-18 21:00:00,245.27,grocery,pos,CA,66,142,0,0
7750,2024-11-18 22:00:00,121.97,electronics,mobile,CA,54,234,0,0
7751,2024-11-18 23:00:00,148.53,fuel,pos,CA,79,182,1,0
7752,2024-11-19 00:00:00,192.9,ecommerce,pos,GB,32,149,1,0
7753,2024-11-19 01:00:00,54.76,restaurant,mobile,CA,19,98,1,0
7754,2024-11-19 02:00:00,124.86,electronics,web,CA,28,5,1,0
7755,2024-11-19 03:00:00,131.3,grocery,mobile,CA,34,128,1,0
7756,2024-11-19 04:00:00,33.95,grocery,pos,CA,62,159,1,0
7757,2024-11-19 05:00:00,328.59,ecommerce,pos,CA,78,195,1,1
7758,2024-11-19 06:00:00,6.66,fuel,pos,CA,63,87,0,0
7759,2024-11-19 07:00:00,3.17,electronics,web,GB,49,231,0,0
7760,2024-11-19 08:00:00,238.28,ecommerce,pos,CA,36,120,0,0
7761,2024-11-19 09:00:00,184.19,fuel,mobile,CA,84,187,0,0
7762,2024-11-19 10:00:00,27.66,travel,mobile,US,21,172,0,0
7763,2024-11-19 11:00:00,174.66,travel,web,US,42,64,0,1
7764,2024-11-19 12:00:00,252.11,fuel,mobile,CA,38,94,0,0
7765,2024-11-19 13:00:00,117.28,grocery,mobile,CA,31,170,0,0
7766,2024-11-19 14:00:00,353.89,grocery,mobile,US,39,235,0,0
7767,2024-11-19 15:00:00,35.17,travel,mobile,CA,65,222,0,0
7768,2024-11-19 16:00:00,182.44,grocery,pos,CA,68,121,0,0
7769,2024-11-19 17:00:00,224.99,grocery,web,US,28,100,0,0
7770,2024-11-19 18:00:00,200.22,fuel,mobile,CA,76,166,0,0
7771,2024-11-19 19:00:00,101.61,restaurant,pos,CA,31,135,0,1
7772,2024-11-19 20:00:00,93.86,fuel,mobile,CA,24,59,0,0
7773,2024-11-19 21:00:00,159.97,grocery,web,CA,75,69,0,0
7774,2024-11-19 22:00:00,193.42,fuel,pos,CA,57,198,0,0
7775,2024-11-19 23:00:00,174.22,electronics,web,CA,42,49,1,1
7776,2024-11-20 00:00:00,213.61,travel,pos,CA,59,206,1,0
7777,2024-11-20 01:00:00,28.3,restaurant,pos,CA,61,11,1,0
7778,2024-11-20 02:00:00,99.5,electronics,mobile,CA,22,101,1,1
7779,2024-11-20 03:00:00,35.4,electronics,web,CA,45,130,1,0
7780,2024-11-20 04:00:00,85.25,grocery,web,US,77,223,1,0
7781,2024-11-20 05:00:00,211.37,grocery,pos,CA,38,110,1,0
7782,2024-11-20 06:00:00,129.72,electronics,web,CA,66,27,0,0
7783,2024-11-20 07:00:00,354.62,electronics,pos,CA,73,144,0,0
7784,2024-11-20 08:00:00,137.41,ecommerce,mobile,CA,74,64,0,0
7785,2024-11-20 09:00:00,125.37,ecommerce,mobile,CA,78,194,0,0
7786,2024-11-20 10:00:00,129.56,travel,mobile,GB,55,177,0,0
7787,2024-11-20 11:00:00,62.6,electronics,pos,FR,19,90,0,0
7788,2024-11-20 12:00:00,114.79,fuel,web,CA,20,16,0,0
7789,2024-11-20 13:00:00,221.5,restaurant,mobile,CA,60,73,0,0
7790,2024-11-20 14:00:00,130.26,ecommerce,pos,MX,52,180,0,0
7791,2024-11-20 15:00:00,48.59,grocery,pos,CA,57,116,0,0
7792,2024-11-20 16:00:00,36.74,electronics,mobile,MX,75,201,0,0
7793,2024-11-20 17:00:00,79.48,fuel,mobile,CA,51,133,0,0
7794,2024-11-20 18:00:00,126.65,restaurant,web,CA,42,164,0,0
7795,2024-11-20 19:00:00,227.42,fuel,pos,FR,73,7,0,0
7796,2024-11-20 20:00:00,0.64,fuel,web,CA,49,61,0,0
7797,2024-11-20 21:00:00,91.22,grocery,pos,CA,39,96,0,0
7798,2024-11-20 22:00:00,132.99,ecommerce,web,CA,82,157,0,0
7799,2024-11-20 23:00:00,45.03,fuel,web,GB,38,229,1,0
7800,2024-11-21 00:00:00,44.98,restaurant,web,CA,38,120,1,0
7801,2024-11-21 01:00:00,58.81,ecommerce,mobile,GB,45,195,1,0
7802,2024-11-21 02:00:00,48.36,travel,mobile,CA,36,158,1,0
7803,2024-11-21 03:00:00,137.27,grocery,web,IN,31,168,1,0
7804,2024-11-21 04:00:00,105.55,ecommerce,pos,CA,41,31,1,0
7805,2024-11-21 05:00:00,70.02,ecommerce,pos,CA,37,48,1,0
7806,2024-11-21 06:00:00,158.52,fuel,pos,US,49,91,0,0
7807,2024-11-21 07:00:00,275.08,restaurant,web,CA,69,6,0,0
7808,2024-11-21 08:00:00,267.53,fuel,atm,FR,82,190,0,0
7809,2024-11-21 09:00:00,53.05,restaurant,web,CA,69,29,0,0
7810,2024-11-21 10:00:00,171.94,grocery,pos,CA,75,137,0,0
7811,2024-11-21 11:00:00,103.98,ecommerce,pos,CA,27,182,0,0
7812,2024-11-21 12:00:00,133.96,electronics,pos,CA,32,84,0,0
7813,2024-11-21 13:00:00,84.15,restaurant,pos,US,64,114,0,0
7814,2024-11-21 14:00:00,130.58,restaurant,web,US,27,139,0,0
7815,2024-11-21 15:00:00,133.63,fuel,pos,CA,38,19,0,1
7816,2024-11-21 16:00:00,67.89,fuel,pos,CA,36,231,0,0
7817,2024-11-21 17:00:00,39.33,travel,pos,CA,39,74,0,0
7818,2024-11-21 18:00:00,79.62,restaurant,mobile,GB,80,133,0,0
7819,2024-11-21 19:00:00,141.08,grocery,web,US,55,103,0,0
7820,2024-11-21 20:00:00,173.91,ecommerce,mobile,CA,32,215,0,0
7821,2024-11-21 21:00:00,196.8,ecommerce,pos,FR,61,70,0,0
7822,2024-11-21 22:00:00,75.52,ecommerce,mobile,CA,47,95,0,0
7823,2024-11-21 23:00:00,145.55,restaurant,web,CA,41,18,1,1
7824,2024-11-22 00:00:00,206.63,fuel,pos,CA,63,21,1,0
7825,2024-11-22 01:00:00,224.9,grocery,pos,CA,21,143,1,0
7826,2024-11-22 02:00:00,114.71,ecommerce,pos,CA,23,187,1,0
7827,2024-11-22 03:00:00,100.12,restaurant,web,CA,55,223,1,0
7828,2024-11-22 04:00:00,137.2,electronics,pos,US,43,202,1,0
7829,2024-11-22 05:00:00,16.53,travel,mobile,CA,36,6,1,0
7830,2024-11-22 06:00:00,102.58,travel,pos,CA,19,24,0,0
7831,2024-11-22 07:00:00,187.01,ecommerce,web,CA,64,225,0,0
7832,2024-11-22 08:00:00,177.78,fuel,pos,CA,46,60,0,0
7833,2024-11-22 09:00:00,95.68,travel,web,CA,81,28,0,0
7834,2024-11-22 10:00:00,139.59,travel,mobile,CA,29,220,0,0
7835,2024-11-22 11:00:00,45.78,travel,atm,CA,28,74,0,0
7836,2024-11-22 12:00:00,183.31,travel,pos,CA,25,23,0,0
7837,2024-11-22 13:00:00,113.0,ecommerce,pos,GB,77,79,0,0
7838,2024-11-22 14:00:00,95.16,restaurant,mobile,CA,43,46,0,0
7839,2024-11-22 15:00:00,87.44,grocery,pos,GB,49,112,0,0
7840,2024-11-22 16:00:00,114.34,grocery,web,CA,56,37,0,0
7841,2024-11-22 17:00:00,79.69,fuel,atm,IN,21,142,0,0
7842,2024-11-22 18:00:00,179.23,restaurant,web,CA,61,48,0,0
7843,2024-11-22 19:00:00,84.42,electronics,pos,US,52,78,0,0
7844,2024-11-22 20:00:00,263.37,grocery,mobile,CA,68,199,0,0
7845,2024-11-22 21:00:00,251.87,electronics,atm,CA,68,115,0,0
7846,2024-11-22 22:00:00,39.76,grocery,mobile,US,46,36,0,0
7847,2024-11-22 23:00:00,126.27,grocery,web,US,53,210,1,0
7848,2024-11-23 00:00:00,61.44,fuel,mobile,US,77,60,1,0
7849,2024-11-23 01:00:00,90.6,travel,atm,CA,32,182,1,0
7850,2024-11-23 02:00:00,300.22,fuel,mobile,CA,68,79,1,0
7851,2024-11-23 03:00:00,92.32,grocery,web,CA,67,113,1,0
7852,2024-11-23 04:00:00,152.42,restaurant,mobile,CA,72,191,1,0
7853,2024-11-23 05:00:00,168.72,travel,mobile,MX,29,97,1,0
7854,2024-11-23 06:00:00,29.94,restaurant,pos,CA,67,111,0,0
7855,2024-11-23 07:00:00,43.04,restaurant,web,IN,79,48,0,0
7856,2024-11-23 08:00:00,11.46,restaurant,mobile,CA,22,120,0,0
7857,2024-11-23 09:00:00,40.26,travel,mobile,FR,44,150,0,0
7858,2024-11-23 10:00:00,136.5,restaurant,mobile,CA,26,43,0,0
7859,2024-11-23 11:00:00,169.01,travel,pos,CA,52,41,0,0
7860,2024-11-23 12:00:00,304.88,electronics,web,CA,30,145,0,0
7861,2024-11-23 13:00:00,133.3,grocery,web,US,61,63,0,0
7862,2024-11-23 14:00:00,7.46,ecommerce,mobile,US,63,218,0,0
7863,2024-11-23 15:00:00,62.15,restaurant,pos,CA,70,207,0,0
7864,2024-11-23 16:00:00,78.7,fuel,mobile,CA,18,232,0,0
7865,2024-11-23 17:00:00,28.42,electronics,web,CA,28,146,0,1
7866,2024-11-23 18:00:00,197.42,fuel,mobile,CA,67,72,0,0
7867,2024-11-23 19:00:00,192.92,ecommerce,web,IN,26,3,0,1
7868,2024-11-23 20:00:00,16.01,travel,mobile,CA,55,54,0,0
7869,2024-11-23 21:00:00,185.26,ecommerce,atm,CA,30,119,0,0
7870,2024-11-23 22:00:00,257.41,fuel,mobile,CA,22,142,0,0
7871,2024-11-23 23:00:00,291.23,ecommerce,pos,CA,42,34,1,0
7872,2024-11-24 00:00:00,377.87,grocery,pos,MX,27,127,1,0
7873,2024-11-24 01:00:00,38.82,ecommerce,mobile,CA,22,225,1,0
7874,2024-11-24 02:00:00,374.18,restaurant,pos,CA,39,126,1,0
7875,2024-11-24 03:00:00,88.12,grocery,mobile,US,59,229,1,0
7876,2024-11-24 04:00:00,66.68,restaurant,mobile,CA,37,1,1,1
7877,2024-11-24 05:00:00,149.44,ecommerce,atm,CA,45,176,1,0
7878,2024-11-24 06:00:00,67.61,grocery,web,CA,38,99,0,0
7879,2024-11-24 07:00:00,155.91,grocery,mobile,CA,28,10,0,0
7880,2024-11-24 08:00:00,1.19,ecommerce,pos,CA,54,83,0,0
7881,2024-11-24 09:00:00,98.51,electronics,web,CA,66,139,0,0
7882,2024-11-24 10:00:00,235.7,travel,pos,CA,50,119,0,0
7883,2024-11-24 11:00:00,114.86,travel,mobile,CA,62,127,0,0
7884,2024-11-24 12:00:00,132.74,travel,mobile,CA,25,99,0,0
7885,2024-11-24 13:00:00,162.77,grocery,pos,CA,23,66,0,0
7886,2024-11-24 14:00:00,225.36,travel,pos,CA,32,3,0,0
7887,2024-11-24 15:00:00,28.97,grocery,mobile,CA,32,143,0,0
7888,2024-11-24 16:00:00,172.61,electronics,mobile,CA,26,59,0,0
7889,2024-11-24 17:00:00,95.87,ecommerce,mobile,FR,78,105,0,0
7890,2024-11-24 18:00:00,135.0,ecommerce,atm,CA,73,192,0,1
7891,2024-11-24 19:00:00,215.4,grocery,mobile,CA,22,175,0,0
7892,2024-11-24 20:00:00,12.52,grocery,web,CA,43,92,0,0
7893,2024-11-24 21:00:00,28.86,electronics,pos,CA,74,130,0,0
7894,2024-11-24 22:00:00,54.19,travel,web,US,52,158,0,0
7895,2024-11-24 23:00:00,70.58,electronics,mobile,MX,27,166,1,0
7896,2024-11-25 00:00:00,239.74,ecommerce,web,CA,38,5,1,0
7897,2024-11-25 01:00:00,109.15,ecommerce,mobile,CA,29,134,1,0
7898,2024-11-25 02:00:00,0.61,restaurant,pos,CA,26,133,1,0
7899,2024-11-25 03:00:00,76.29,travel,mobile,FR,33,12,1,0
7900,2024-11-25 04:00:00,13.91,ecommerce,mobile,CA,71,132,1,0
7901,2024-11-25 05:00:00,18.73,restaurant,pos,CA,40,152,1,0
7902,2024-11-25 06:00:00,154.99,grocery,pos,CA,56,153,0,0
7903,2024-11-25 07:00:00,14.35,ecommerce,pos,CA,39,26,0,0
7904,2024-11-25 08:00:00,220.14,fuel,mobile,US,72,55,0,0
7905,2024-11-25 09:00:00,113.6,travel,mobile,GB,48,126,0,0
7906,2024-11-25 10:00:00,127.7,restaurant,web,CA,64,46,0,0
7907,2024-11-25 11:00:00,94.95,travel,pos,US,44,174,0,0
7908,2024-11-25 12:00:00,189.56,travel,pos,GB,65,43,0,0
7909,2024-11-25 13:00:00,190.48,fuel,web,GB,56,188,0,0
7910,2024-11-25 14:00:00,150.15,electronics,pos,US,38,161,0,1
7911,2024-11-25 15:00:00,170.83,grocery,web,CA,32,21,0,0
7912,2024-11-25 16:00:00,100.91,travel,pos,CA,62,215,0,0
7913,2024-11-25 17:00:00,168.8,ecommerce,pos,GB,36,229,0,0
7914,2024-11-25 18:00:00,89.59,grocery,mobile,CA,70,165,0,0
7915,2024-11-25 19:00:00,120.2,ecommerce,mobile,CA,72,12,0,0
7916,2024-11-25 20:00:00,95.28,grocery,pos,CA,66,101,0,0
7917,2024-11-25 21:00:00,78.85,grocery,mobile,CA,78,149,0,0
7918,2024-11-25 22:00:00,57.98,restaurant,pos,CA,77,141,0,0
7919,2024-11-25 23:00:00,162.09,ecommerce,web,US,41,235,1,0
7920,2024-11-26 00:00:00,237.95,ecommerce,mobile,CA,56,117,1,0
7921,2024-11-26 01:00:00,225.4,grocery,pos,CA,78,33,1,0
7922,2024-11-26 02:00:00,6.91,travel,pos,CA,40,236,1,0
7923,2024-11-26 03:00:00,236.03,ecommerce,pos,CA,56,198,1,0
7924,2024-11-26 04:00:00,91.37,fuel,web,CA,28,235,1,0
7925,2024-11-26 05:00:00,174.07,fuel,mobile,CA,59,76,1,0
7926,2024-11-26 06:00:00,38.44,grocery,pos,CA,42,189,0,0
7927,2024-11-26 07:00:00,132.78,electronics,pos,MX,51,230,0,0
7928,2024-11-26 08:00:00,148.24,grocery,mobile,CA,39,120,0,0
7929,2024-11-26 09:00:00,13.61,grocery,web,CA,19,158,0,0
7930,2024-11-26 10:00:00,174.74,travel,web,CA,68,37,0,0
7931,2024-11-26 11:00:00,241.13,travel,mobile,CA,33,82,0,0
7932,2024-11-26 12:00:00,104.28,restaurant,pos,CA,28,144,0,0
7933,2024-11-26 13:00:00,242.42,electronics,mobile,CA,79,45,0,0
7934,2024-11-26 14:00:00,102.93,electronics,atm,CA,36,199,0,1
7935,2024-11-26 15:00:00,196.46,electronics,pos,CA,46,238,0,0
7936,2024-11-26 16:00:00,79.67,electronics,web,FR,59,129,0,1
7937,2024-11-26 17:00:00,337.69,electronics,web,CA,40,181,0,0
7938,2024-11-26 18:00:00,254.59,grocery,mobile,CA,77,28,0,0
7939,2024-11-26 19:00:00,94.38,grocery,pos,CA,35,181,0,0
7940,2024-11-26 20:00:00,57.49,restaurant,mobile,US,72,44,0,0
7941,2024-11-26 21:00:00,145.92,fuel,atm,US,35,67,0,0
7942,2024-11-26 22:00:00,9.95,fuel,mobile,CA,44,107,0,0
7943,2024-11-26 23:00:00,160.04,restaurant,mobile,CA,18,167,1,0
7944,2024-11-27 00:00:00,157.04,restaurant,mobile,CA,31,10,1,0
7945,2024-11-27 01:00:00,35.27,ecommerce,mobile,CA,76,51,1,0
7946,2024-11-27 02:00:00,220.89,grocery,pos,CA,50,109,1,0
7947,2024-11-27 03:00:00,192.5,electronics,mobile,CA,53,142,1,0
7948,2024-11-27 04:00:00,207.82,ecommerce,mobile,CA,56,79,1,0
7949,2024-11-27 05:00:00,120.8,travel,web,US,62,134,1,0
7950,2024-11-27 06:00:00,7.4,grocery,pos,CA,42,167,0,0
7951,2024-11-27 07:00:00,208.01,restaurant,web,US,32,237,0,0
7952,2024-11-27 08:00:00,95.67,fuel,pos,CA,37,80,0,0
7953,2024-11-27 09:00:00,5.08,grocery,pos,IN,51,239,0,0
7954,2024-11-27 10:00:00,241.68,restaurant,pos,FR,75,82,0,0
7955,2024-11-27 11:00:00,308.95,grocery,atm,CA,77,99,0,0
7956,2024-11-27 12:00:00,116.29,grocery,pos,CA,47,176,0,0
7957,2024-11-27 13:00:00,314.32,grocery,mobile,US,30,153,0,0
7958,2024-11-27 14:00:00,128.22,travel,pos,US,84,225,0,0
7959,2024-11-27 15:00:00,85.76,fuel,web,GB,62,120,0,0
7960,2024-11-27 16:00:00,63.26,grocery,web,CA,57,33,0,1
7961,2024-11-27 17:00:00,267.34,restaurant,web,CA,55,83,0,0
7962,2024-11-27 18:00:00,49.79,travel,mobile,CA,64,102,0,0
7963,2024-11-27 19:00:00,186.17,ecommerce,mobile,CA,46,75,0,0
7964,2024-11-27 20:00:00,69.68,grocery,mobile,MX,51,120,0,0
7965,2024-11-27 21:00:00,78.57,travel,web,IN,28,231,0,0
7966,2024-11-27 22:00:00,212.72,electronics,mobile,CA,37,195,0,0
7967,2024-11-27 23:00:00,85.8,ecommerce,web,CA,37,102,1,0
7968,2024-11-28 00:00:00,83.57,fuel,pos,CA,73,65,1,1
7969,2024-11-28 01:00:00,221.95,grocery,mobile,CA,40,168,1,0
7970,2024-11-28 02:00:00,263.77,grocery,mobile,MX,42,25,1,0
7971,2024-11-28 03:00:00,178.02,travel,pos,CA,50,57,1,0
7972,2024-11-28 04:00:00,61.07,fuel,mobile,CA,48,160,1,0
7973,2024-11-28 05:00:00,74.05,electronics,mobile,CA,18,46,1,0
7974,2024-11-28 06:00:00,127.19,ecommerce,web,CA,71,100,0,0
7975,2024-11-28 07:00:00,148.88,restaurant,pos,CA,33,132,0,0
7976,2024-11-28 08:00:00,31.09,fuel,atm,CA,76,119,0,0
7977,2024-11-28 09:00:00,185.07,grocery,mobile,CA,83,151,0,0
7978,2024-11-28 10:00:00,127.7,travel,pos,CA,20,80,0,1
7979,2024-11-28 11:00:00,34.41,electronics,web,CA,32,75,0,0
7980,2024-11-28 12:00:00,36.4,travel,web,CA,49,150,0,0
7981,2024-11-28 13:00:00,74.63,ecommerce,web,US,67,103,0,0
7982,2024-11-28 14:00:00,113.44,fuel,web,FR,77,126,0,0
7983,2024-11-28 15:00:00,290.04,travel,web,MX,25,33,0,0
7984,2024-11-28 16:00:00,141.44,restaurant,mobile,CA,24,41,0,0
7985,2024-11-28 17:00:00,44.33,restaurant,mobile,CA,21,190,0,0
7986,2024-11-28 18:00:00,139.86,travel,atm,CA,27,166,0,0
7987,2024-11-28 19:00:00,88.31,grocery,mobile,CA,77,184,0,0
7988,2024-11-28 20:00:00,149.23,travel,mobile,MX,42,63,0,0
7989,2024-11-28 21:00:00,172.25,electronics,mobile,CA,59,205,0,0
7990,2024-11-28 22:00:00,228.83,fuel,pos,CA,64,85,0,0
7991,2024-11-28 23:00:00,117.81,ecommerce,mobile,CA,49,204,1,0
7992,2024-11-29 00:00:00,267.51,restaurant,pos,CA,42,183,1,0
7993,2024-11-29 01:00:00,201.72,travel,pos,IN,33,179,1,0
7994,2024-11-29 02:00:00,56.33,electronics,web,US,66,90,1,1
7995,2024-11-29 03:00:00,318.89,restaurant,web,US,33,65,1,0
7996,2024-11-29 04:00:00,149.43,restaurant,web,CA,55,105,1,0
7997,2024-11-29 05:00:00,44.84,ecommerce,mobile,CA,22,57,1,0
7998,2024-11-29 06:00:00,268.76,restaurant,pos,CA,24,86,0,0
7999,2024-11-29 07:00:00,307.0,electronics,atm,CA,25,155,0,0
