transaction_id,timestamp,amount,merchant_category,channel,country,customer_age,customer_tenure_months,is_night,label_fraud
0,2024-01-01 00:00:00,141.16,electronics,web,US,30,38,1,1
1,2024-01-01 01:00:00,142.21,ecommerce,mobile,CA,70,403,1,0
2,2024-01-01 02:00:00,7.56,restaurant,pos,CA,40,383,1,0
3,2024-01-01 03:00:00,62.13,electronics,pos,CA,54,526,1,0
4,2024-01-01 04:00:00,30.64,grocery,mobile,CA,79,346,1,0
5,2024-01-01 05:00:00,32.56,restaurant,mobile,IN,30,409,1,1
6,2024-01-01 06:00:00,14.72,electronics,web,GB,47,215,0,0
7,2024-01-01 07:00:00,31.69,electronics,mobile,CA,29,233,0,0
8,2024-01-01 08:00:00,32.27,grocery,mobile,CA,47,247,0,0
9,2024-01-01 09:00:00,67.94,fuel,web,MX,38,582,0,0
10,2024-01-01 10:00:00,41.19,ecommerce,atm,CA,80,283,0,0
11,2024-01-01 11:00:00,14.98,restaurant,mobile,CA,38,518,0,0
12,2024-01-01 12:00:00,219.66,travel,mobile,MX,59,192,0,0
13,2024-01-01 13:00:00,73.15,electronics,web,CA,27,411,0,0
14,2024-01-01 14:00:00,60.32,fuel,pos,CA,49,164,0,0
15,2024-01-01 15:00:00,49.21,ecommerce,pos,CA,74,238,0,0
16,2024-01-01 16:00:00,10.01,fuel,mobile,CA,63,516,0,0
17,2024-01-01 17:00:00,117.65,grocery,mobile,MX,37,410,0,0
18,2024-01-01 18:00:00,299.26,electronics,pos,MX,84,292,0,0
19,2024-01-01 19:00:00,57.76,travel,web,IN,72,245,0,0
20,2024-01-01 20:00:00,140.32,electronics,pos,CA,45,480,0,0
21,2024-01-01 21:00:00,44.76,ecommerce,pos,MX,84,93,0,0
22,2024-01-01 22:00:00,47.66,restaurant,atm,IN,30,510,0,0
23,2024-01-01 23:00:00,12.41,restaurant,web,US,40,371,0,0
24,2024-01-02 00:00:00,215.39,electronics,pos,IN,81,197,1,1
25,2024-01-02 01:00:00,96.03,grocery,web,IN,83,419,1,1
26,2024-01-02 02:00:00,11.64,fuel,web,GB,73,595,1,0
27,2024-01-02 03:00:00,34.82,grocery,mobile,IN,31,209,1,0
28,2024-01-02 04:00:00,97.86,grocery,atm,US,32,236,1,0
29,2024-01-02 05:00:00,39.91,electronics,web,CA,62,558,1,0
30,2024-01-02 06:00:00,53.83,electronics,web,IN,21,206,0,0
31,2024-01-02 07:00:00,49.52,restaurant,web,FR,85,513,0,0
32,2024-01-02 08:00:00,51.97,ecommerce,web,CA,82,540,0,0
33,2024-01-02 09:00:00,14.55,ecommerce,pos,CA,72,350,0,0
34,2024-01-02 10:00:00,20.46,fuel,pos,CA,83,49,0,0
35,2024-01-02 11:00:00,157.74,grocery,mobile,FR,33,36,0,0
36,2024-01-02 12:00:00,209.72,grocery,web,CA,77,168,0,0
37,2024-01-02 13:00:00,15.39,fuel,web,CA,35,10,0,0
38,2024-01-02 14:00:00,26.4,ecommerce,pos,CA,26,458,0,0
39,2024-01-02 15:00:00,90.39,travel,mobile,CA,35,384,0,0
40,2024-01-02 16:00:00,304.0,ecommerce,pos,IN,70,273,0,0
41,2024-01-02 17:00:00,209.7,electronics,web,CA,82,489,0,0
42,2024-01-02 18:00:00,367.04,electronics,mobile,CA,59,80,0,0
43,2024-01-02 19:00:00,147.54,ecommerce,web,CA,34,300,0,0
44,2024-01-02 20:00:00,29.97,electronics,atm,GB,58,203,0,0
45,2024-01-02 21:00:00,41.84,electronics,pos,US,52,14,0,0
46,2024-01-02 22:00:00,32.1,ecommerce,mobile,CA,53,287,0,0
47,2024-01-02 23:00:00,37.54,ecommerce,atm,CA,41,87,0,0
48,2024-01-03 00:00:00,53.37,electronics,web,FR,27,27,1,0
49,2024-01-03 01:00:00,19.75,grocery,mobile,GB,42,126,1,0
50,2024-01-03 02:00:00,58.3,grocery,web,MX,78,117,1,0
51,2024-01-03 03:00:00,37.02,grocery,mobile,CA,45,377,1,0
52,2024-01-03 04:00:00,294.59,electronics,atm,IN,19,476,1,1
53,2024-01-03 05:00:00,171.22,travel,mobile,MX,41,292,1,1
54,2024-01-03 06:00:00,53.47,electronics,atm,CA,49,385,0,0
55,2024-01-03 07:00:00,116.44,electronics,web,IN,58,61,0,0
56,2024-01-03 08:00:00,7.01,fuel,web,FR,61,472,0,0
57,2024-01-03 09:00:00,5.0,fuel,pos,MX,46,301,0,0
58,2024-01-03 10:00:00,58.44,grocery,mobile,GB,27,257,0,0
59,2024-01-03 11:00:00,81.91,grocery,mobile,CA,47,522,0,0
60,2024-01-03 12:00:00,145.65,travel,mobile,CA,18,188,0,0
61,2024-01-03 13:00:00,19.2,fuel,pos,CA,52,263,0,0
62,2024-01-03 14:00:00,8.16,fuel,web,US,48,556,0,0
63,2024-01-03 15:00:00,280.91,electronics,mobile,CA,42,90,0,0
64,2024-01-03 16:00:00,212.63,travel,atm,CA,63,313,0,0
65,2024-01-03 17:00:00,35.48,fuel,pos,IN,69,347,0,0
66,2024-01-03 18:00:00,27.18,fuel,pos,CA,35,420,0,0
67,2024-01-03 19:00:00,39.36,ecommerce,web,GB,52,558,0,0
68,2024-01-03 20:00:00,12.03,grocery,pos,CA,52,206,0,0
69,2024-01-03 21:00:00,75.4,ecommerce,atm,CA,52,69,0,0
70,2024-01-03 22:00:00,20.18,grocery,web,CA,45,239,0,0
71,2024-01-03 23:00:00,41.01,ecommerce,web,CA,32,94,0,0
72,2024-01-04 00:00:00,128.11,restaurant,pos,CA,29,437,1,0
73,2024-01-04 01:00:00,57.51,ecommerce,web,CA,20,340,1,0
74,2024-01-04 02:00:00,5.0,grocery,atm,US,21,455,1,0
75,2024-01-04 03:00:00,37.09,ecommerce,web,CA,73,204,1,0
76,2024-01-04 04:00:00,24.39,ecommerce,pos,CA,22,573,1,0
77,2024-01-04 05:00:00,120.42,travel,pos,CA,76,538,1,0
78,2024-01-04 06:00:00,7.58,fuel,atm,CA,78,550,0,0
79,2024-01-04 07:00:00,145.19,electronics,atm,CA,34,428,0,0
80,2024-01-04 08:00:00,104.57,travel,pos,CA,48,112,0,0
81,2024-01-04 09:00:00,39.14,ecommerce,web,MX,42,88,0,0
82,2024-01-04 10:00:00,112.44,electronics,pos,MX,44,575,0,0
83,2024-01-04 11:00:00,30.58,grocery,web,FR,42,523,0,0
84,2024-01-04 12:00:00,29.02,grocery,pos,GB,41,529,0,0
85,2024-01-04 13:00:00,26.77,grocery,mobile,CA,64,386,0,0
86,2024-01-04 14:00:00,96.5,electronics,atm,CA,46,514,0,0
87,2024-01-04 15:00:00,37.18,fuel,pos,CA,30,296,0,0
88,2024-01-04 16:00:00,39.86,grocery,web,US,43,97,0,0
89,2024-01-04 17:00:00,75.27,fuel,pos,CA,84,154,0,0
90,2024-01-04 18:00:00,20.03,grocery,pos,CA,85,511,0,0
91,2024-01-04 19:00:00,121.77,electronics,pos,IN,22,390,0,0
92,2024-01-04 20:00:00,246.74,fuel,pos,CA,57,599,0,0
93,2024-01-04 21:00:00,57.88,ecommerce,atm,CA,84,539,0,0
94,2024-01-04 22:00:00,59.94,ecommerce,pos,IN,31,456,0,0
95,2024-01-04 23:00:00,43.78,travel,mobile,CA,22,23,0,0
96,2024-01-05 00:00:00,31.61,ecommerce,pos,CA,32,111,1,0
97,2024-01-05 01:00:00,29.77,grocery,web,CA,39,225,1,0
98,2024-01-05 02:00:00,52.95,grocery,web,CA,81,21,1,0
99,2024-01-05 03:00:00,48.96,restaurant,atm,IN,35,562,1,0
100,2024-01-05 04:00:00,36.62,restaurant,pos,MX,40,137,1,0
101,2024-01-05 05:00:00,202.65,electronics,pos,CA,35,230,1,0
102,2024-01-05 06:00:00,24.43,ecommerce,mobile,CA,44,405,0,0
103,2024-01-05 07:00:00,42.39,restaurant,mobile,CA,85,21,0,0
104,2024-01-05 08:00:00,99.46,electronics,mobile,US,23,382,0,1
105,2024-01-05 09:00:00,109.97,electronics,pos,CA,49,60,0,0
106,2024-01-05 10:00:00,19.7,fuel,pos,CA,59,542,0,0
107,2024-01-05 11:00:00,25.47,ecommerce,mobile,MX,26,415,0,0
108,2024-01-05 12:00:00,10.97,grocery,web,FR,21,201,0,0
109,2024-01-05 13:00:00,36.43,restaurant,web,FR,84,420,0,0
110,2024-01-05 14:00:00,42.73,fuel,pos,FR,36,188,0,0
111,2024-01-05 15:00:00,29.15,grocery,pos,CA,34,69,0,0
112,2024-01-05 16:00:00,59.26,ecommerce,atm,GB,41,5,0,0
113,2024-01-05 17:00:00,14.28,fuel,mobile,IN,22,131,0,0
114,2024-01-05 18:00:00,51.52,grocery,pos,CA,27,425,0,0
115,2024-01-05 19:00:00,28.83,restaurant,atm,CA,19,338,0,0
116,2024-01-05 20:00:00,70.72,electronics,web,CA,54,164,0,0
117,2024-01-05 21:00:00,214.28,electronics,pos,IN,49,412,0,0
118,2024-01-05 22:00:00,107.32,ecommerce,web,IN,36,233,0,0
119,2024-01-05 23:00:00,34.26,travel,mobile,GB,80,94,0,0
120,2024-01-06 00:00:00,142.67,travel,web,CA,38,408,1,0
121,2024-01-06 01:00:00,57.62,travel,web,IN,19,274,1,0
122,2024-01-06 02:00:00,37.14,grocery,mobile,CA,24,399,1,0
123,2024-01-06 03:00:00,5.0,ecommerce,pos,CA,67,337,1,0
124,2024-01-06 04:00:00,39.12,grocery,atm,US,54,60,1,0
125,2024-01-06 05:00:00,51.81,fuel,web,GB,35,29,1,0
126,2024-01-06 06:00:00,54.36,ecommerce,web,FR,34,60,0,0
127,2024-01-06 07:00:00,11.48,grocery,mobile,CA,32,134,0,0
128,2024-01-06 08:00:00,190.55,grocery,web,CA,46,134,0,0
129,2024-01-06 09:00:00,386.32,travel,web,CA,65,552,0,0
130,2024-01-06 10:00:00,20.31,grocery,mobile,CA,61,470,0,0
131,2024-01-06 11:00:00,21.58,restaurant,atm,FR,68,528,0,0
132,2024-01-06 12:00:00,22.95,travel,mobile,CA,20,285,0,0
133,2024-01-06 13:00:00,91.96,ecommerce,mobile,CA,56,193,0,0
134,2024-01-06 14:00:00,39.8,travel,pos,CA,69,242,0,0
135,2024-01-06 15:00:00,59.67,grocery,web,MX,31,521,0,0
136,2024-01-06 16:00:00,68.73,restaurant,web,FR,57,213,0,0
137,2024-01-06 17:00:00,25.63,fuel,pos,CA,18,380,0,0
138,2024-01-06 18:00:00,37.7,electronics,mobile,CA,79,86,0,0
139,2024-01-06 19:00:00,100.82,grocery,pos,IN,68,589,0,0
140,2024-01-06 20:00:00,27.35,fuel,pos,US,60,385,0,0
141,2024-01-06 21:00:00,29.69,fuel,pos,CA,58,580,0,0
142,2024-01-06 22:00:00,11.8,restaurant,pos,CA,63,177,0,0
143,2024-01-06 23:00:00,32.48,fuel,pos,IN,46,370,0,0
144,2024-01-07 00:00:00,22.74,fuel,web,MX,83,164,1,0
145,2024-01-07 01:00:00,18.17,ecommerce,web,CA,32,281,1,0
146,2024-01-07 02:00:00,200.6,ecommerce,pos,CA,73,194,1,0
147,2024-01-07 03:00:00,132.96,fuel,pos,CA,69,85,1,0
148,2024-01-07 04:00:00,150.16,ecommerce,mobile,CA,74,265,1,0
149,2024-01-07 05:00:00,71.6,grocery,pos,CA,22,318,1,0
150,2024-01-07 06:00:00,481.25,electronics,web,CA,48,94,0,1
151,2024-01-07 07:00:00,10.63,restaurant,web,CA,61,239,0,0
152,2024-01-07 08:00:00,12.62,grocery,web,CA,60,56,0,0
153,2024-01-07 09:00:00,18.8,fuel,mobile,CA,64,388,0,0
154,2024-01-07 10:00:00,42.83,grocery,web,CA,61,188,0,0
155,2024-01-07 11:00:00,104.89,travel,atm,GB,33,53,0,0
156,2024-01-07 12:00:00,23.98,ecommerce,mobile,CA,74,308,0,0
157,2024-01-07 13:00:00,137.19,travel,pos,FR,50,501,0,0
158,2024-01-07 14:00:00,90.27,electronics,pos,FR,84,595,0,0
159,2024-01-07 15:00:00,209.55,electronics,pos,IN,53,581,0,0
160,2024-01-07 16:00:00,34.1,grocery,web,CA,54,104,0,0
161,2024-01-07 17:00:00,5.0,restaurant,web,CA,58,125,0,0
162,2024-01-07 18:00:00,84.96,ecommerce,pos,US,77,536,0,0
163,2024-01-07 19:00:00,136.02,grocery,pos,CA,79,380,0,0
164,2024-01-07 20:00:00,28.02,fuel,web,CA,57,326,0,0
165,2024-01-07 21:00:00,146.0,ecommerce,mobile,CA,55,481,0,0
166,2024-01-07 22:00:00,62.38,electronics,mobile,US,21,38,0,1
167,2024-01-07 23:00:00,163.52,electronics,atm,GB,22,333,0,1
168,2024-01-08 00:00:00,30.73,ecommerce,pos,CA,68,344,1,0
169,2024-01-08 01:00:00,21.87,restaurant,web,IN,41,562,1,0
170,2024-01-08 02:00:00,48.45,ecommerce,atm,GB,47,280,1,0
171,2024-01-08 03:00:00,41.92,fuel,mobile,CA,60,307,1,0
172,2024-01-08 04:00:00,28.6,ecommerce,web,CA,33,481,1,0
173,2024-01-08 05:00:00,7.3,restaurant,web,CA,40,162,1,0
174,2024-01-08 06:00:00,50.01,grocery,pos,IN,20,42,0,0
175,2024-01-08 07:00:00,48.35,grocery,mobile,MX,70,283,0,0
176,2024-01-08 08:00:00,66.46,ecommerce,web,MX,52,366,0,0
177,2024-01-08 09:00:00,63.21,restaurant,web,MX,30,293,0,0
178,2024-01-08 10:00:00,22.75,restaurant,web,CA,58,424,0,0
179,2024-01-08 11:00:00,126.6,electronics,web,IN,27,152,0,0
180,2024-01-08 12:00:00,19.92,restaurant,pos,IN,71,8,0,0
181,2024-01-08 13:00:00,21.63,restaurant,mobile,MX,33,472,0,0
182,2024-01-08 14:00:00,37.08,fuel,web,CA,36,511,0,0
183,2024-01-08 15:00:00,461.86,ecommerce,pos,CA,77,371,0,0
184,2024-01-08 16:00:00,191.69,electronics,web,CA,68,188,0,1
185,2024-01-08 17:00:00,223.64,travel,atm,CA,64,222,0,0
186,2024-01-08 18:00:00,120.47,ecommerce,web,US,58,288,0,0
187,2024-01-08 19:00:00,5.0,grocery,web,GB,53,253,0,0
188,2024-01-08 20:00:00,130.98,electronics,web,IN,31,134,0,0
189,2024-01-08 21:00:00,136.28,ecommerce,mobile,CA,38,223,0,0
190,2024-01-08 22:00:00,29.45,restaurant,mobile,CA,83,179,0,0
191,2024-01-08 23:00:00,57.77,ecommerce,mobile,CA,80,269,0,0
192,2024-01-09 00:00:00,14.06,grocery,pos,IN,67,225,1,0
193,2024-01-09 01:00:00,66.53,electronics,atm,GB,78,317,1,0
194,2024-01-09 02:00:00,15.47,grocery,atm,CA,72,484,1,0
195,2024-01-09 03:00:00,80.54,grocery,web,US,45,198,1,0
196,2024-01-09 04:00:00,527.31,travel,web,US,66,34,1,1
197,2024-01-09 05:00:00,155.77,restaurant,pos,CA,69,491,1,0
198,2024-01-09 06:00:00,15.24,grocery,web,CA,27,111,0,0
199,2024-01-09 07:00:00,32.91,ecommerce,pos,CA,80,557,0,0
200,2024-01-09 08:00:00,50.05,electronics,pos,CA,51,317,0,0
201,2024-01-09 09:00:00,10.92,restaurant,atm,US,39,314,0,0
202,2024-01-09 10:00:00,11.07,fuel,pos,CA,50,245,0,0
203,2024-01-09 11:00:00,20.6,grocery,web,MX,40,427,0,0
204,2024-01-09 12:00:00,71.97,grocery,pos,US,40,392,0,0
205,2024-01-09 13:00:00,31.48,ecommerce,web,CA,55,559,0,0
206,2024-01-09 14:00:00,84.52,grocery,web,IN,85,9,0,1
207,2024-01-09 15:00:00,467.32,travel,pos,CA,45,115,0,0
208,2024-01-09 16:00:00,42.34,grocery,mobile,US,32,166,0,0
209,2024-01-09 17:00:00,82.52,fuel,atm,CA,69,114,0,0
210,2024-01-09 18:00:00,28.87,electronics,web,MX,38,569,0,0
211,2024-01-09 19:00:00,82.59,travel,atm,CA,54,43,0,0
212,2024-01-09 20:00:00,38.85,grocery,mobile,CA,35,72,0,0
213,2024-01-09 21:00:00,120.14,electronics,web,CA,32,265,0,0
214,2024-01-09 22:00:00,355.7,electronics,pos,MX,35,158,0,0
215,2024-01-09 23:00:00,40.0,electronics,pos,US,42,199,0,0
216,2024-01-10 00:00:00,20.2,grocery,mobile,US,82,362,1,0
217,2024-01-10 01:00:00,30.35,grocery,web,CA,63,336,1,0
218,2024-01-10 02:00:00,17.12,restaurant,web,US,65,519,1,0
219,2024-01-10 03:00:00,23.5,ecommerce,mobile,US,21,271,1,0
220,2024-01-10 04:00:00,39.11,ecommerce,pos,CA,18,563,1,0
221,2024-01-10 05:00:00,21.89,fuel,mobile,CA,41,114,1,0
222,2024-01-10 06:00:00,502.24,travel,pos,CA,78,116,0,0
223,2024-01-10 07:00:00,10.9,restaurant,atm,GB,19,235,0,0
224,2024-01-10 08:00:00,125.08,ecommerce,pos,CA,70,70,0,0
225,2024-01-10 09:00:00,85.78,restaurant,pos,CA,73,17,0,0
226,2024-01-10 10:00:00,20.65,grocery,mobile,IN,36,223,0,0
227,2024-01-10 11:00:00,34.49,fuel,pos,FR,25,322,0,0
228,2024-01-10 12:00:00,229.21,travel,atm,CA,28,166,0,0
229,2024-01-10 13:00:00,47.42,grocery,mobile,IN,23,162,0,0
230,2024-01-10 14:00:00,35.27,grocery,pos,CA,75,58,0,0
231,2024-01-10 15:00:00,32.6,ecommerce,pos,FR,71,67,0,0
232,2024-01-10 16:00:00,49.55,restaurant,atm,CA,63,530,0,0
233,2024-01-10 17:00:00,97.44,travel,web,CA,24,39,0,0
234,2024-01-10 18:00:00,28.01,restaurant,mobile,IN,82,422,0,0
235,2024-01-10 19:00:00,115.13,electronics,pos,CA,64,429,0,0
236,2024-01-10 20:00:00,58.98,fuel,atm,FR,74,122,0,0
237,2024-01-10 21:00:00,557.21,electronics,web,CA,43,148,0,0
238,2024-01-10 22:00:00,16.86,grocery,mobile,CA,31,220,0,0
239,2024-01-10 23:00:00,34.35,grocery,web,IN,73,395,0,0
240,2024-01-11 00:00:00,25.84,electronics,pos,CA,21,22,1,0
241,2024-01-11 01:00:00,372.82,electronics,atm,FR,30,490,1,1
242,2024-01-11 02:00:00,62.48,ecommerce,atm,FR,28,204,1,0
243,2024-01-11 03:00:00,20.85,fuel,web,CA,23,300,1,0
244,2024-01-11 04:00:00,143.06,travel,atm,CA,55,546,1,0
245,2024-01-11 05:00:00,29.94,restaurant,pos,CA,33,79,1,0
246,2024-01-11 06:00:00,70.64,travel,pos,CA,83,569,0,0
247,2024-01-11 07:00:00,174.95,ecommerce,pos,CA,81,369,0,0
248,2024-01-11 08:00:00,107.29,ecommerce,web,CA,29,256,0,0
249,2024-01-11 09:00:00,121.64,ecommerce,pos,GB,74,43,0,0
250,2024-01-11 10:00:00,74.02,travel,web,CA,20,40,0,0
251,2024-01-11 11:00:00,14.1,restaurant,pos,MX,37,491,0,0
252,2024-01-11 12:00:00,24.65,fuel,mobile,CA,62,241,0,0
253,2024-01-11 13:00:00,123.38,ecommerce,mobile,CA,32,457,0,0
254,2024-01-11 14:00:00,94.33,ecommerce,mobile,CA,23,500,0,0
255,2024-01-11 15:00:00,48.81,electronics,pos,CA,28,241,0,0
256,2024-01-11 16:00:00,179.25,electronics,mobile,US,62,190,0,0
257,2024-01-11 17:00:00,13.66,grocery,pos,CA,33,161,0,0
258,2024-01-11 18:00:00,18.06,grocery,mobile,GB,34,382,0,0
259,2024-01-11 19:00:00,157.31,travel,web,GB,31,426,0,0
260,2024-01-11 20:00:00,11.41,grocery,web,CA,77,210,0,0
261,2024-01-11 21:00:00,41.29,electronics,pos,FR,78,340,0,0
262,2024-01-11 22:00:00,242.8,ecommerce,mobile,IN,72,324,0,1
263,2024-01-11 23:00:00,112.04,grocery,atm,CA,19,87,0,0
264,2024-01-12 00:00:00,214.35,restaurant,mobile,IN,35,315,1,0
265,2024-01-12 01:00:00,49.14,grocery,atm,CA,77,456,1,0
266,2024-01-12 02:00:00,107.3,ecommerce,atm,US,55,578,1,0
267,2024-01-12 03:00:00,28.49,grocery,pos,CA,20,200,1,0
268,2024-01-12 04:00:00,23.9,grocery,mobile,GB,34,143,1,0
269,2024-01-12 05:00:00,71.8,grocery,pos,FR,74,537,1,0
270,2024-01-12 06:00:00,111.6,grocery,web,IN,77,552,0,0
271,2024-01-12 07:00:00,66.5,grocery,pos,IN,46,498,0,0
272,2024-01-12 08:00:00,15.38,grocery,atm,CA,28,201,0,0
273,2024-01-12 09:00:00,194.17,travel,mobile,US,23,165,0,0
274,2024-01-12 10:00:00,49.14,electronics,pos,CA,33,375,0,0
275,2024-01-12 11:00:00,44.85,ecommerce,web,CA,72,153,0,0
276,2024-01-12 12:00:00,261.89,ecommerce,web,CA,74,462,0,0
277,2024-01-12 13:00:00,9.27,fuel,mobile,IN,35,239,0,0
278,2024-01-12 14:00:00,192.23,restaurant,atm,MX,84,196,0,0
279,2024-01-12 15:00:00,44.77,restaurant,pos,CA,77,483,0,0
280,2024-01-12 16:00:00,21.53,grocery,web,IN,85,213,0,0
281,2024-01-12 17:00:00,34.83,grocery,web,GB,69,78,0,0
282,2024-01-12 18:00:00,32.42,ecommerce,web,CA,56,477,0,1
283,2024-01-12 19:00:00,36.71,ecommerce,web,CA,84,189,0,0
284,2024-01-12 20:00:00,29.16,fuel,pos,MX,64,393,0,0
285,2024-01-12 21:00:00,44.67,ecommerce,pos,MX,74,396,0,0
286,2024-01-12 22:00:00,14.15,grocery,web,CA,45,49,0,0
287,2024-01-12 23:00:00,49.21,ecommerce,atm,CA,34,20,0,0
288,2024-01-13 00:00:00,8.36,fuel,pos,CA,56,493,1,0
289,2024-01-13 01:00:00,10.43,grocery,pos,CA,45,33,1,0
290,2024-01-13 02:00:00,31.0,electronics,mobile,CA,41,199,1,0
291,2024-01-13 03:00:00,147.43,grocery,atm,CA,65,458,1,0
292,2024-01-13 04:00:00,39.33,restaurant,web,CA,59,106,1,0
293,2024-01-13 05:00:00,56.01,grocery,pos,US,39,313,1,0
294,2024-01-13 06:00:00,27.58,restaurant,mobile,CA,34,69,0,0
295,2024-01-13 07:00:00,43.06,restaurant,web,CA,55,335,0,0
296,2024-01-13 08:00:00,78.66,restaurant,mobile,CA,40,428,0,0
297,2024-01-13 09:00:00,141.86,electronics,pos,IN,34,149,0,0
298,2024-01-13 10:00:00,430.13,electronics,pos,CA,33,169,0,0
299,2024-01-13 11:00:00,132.0,travel,pos,CA,63,319,0,0
300,2024-01-13 12:00:00,168.48,electronics,mobile,CA,46,475,0,0
301,2024-01-13 13:00:00,61.73,grocery,web,MX,41,327,0,0
302,2024-01-13 14:00:00,11.8,fuel,pos,CA,25,421,0,0
303,2024-01-13 15:00:00,28.37,fuel,web,CA,21,248,0,0
304,2024-01-13 16:00:00,5.2,restaurant,mobile,FR,65,77,0,0
305,2024-01-13 17:00:00,24.29,fuel,pos,GB,83,579,0,0
306,2024-01-13 18:00:00,46.72,ecommerce,mobile,CA,40,478,0,0
307,2024-01-13 19:00:00,100.61,travel,mobile,CA,75,29,0,1
308,2024-01-13 20:00:00,41.62,ecommerce,web,IN,58,165,0,0
309,2024-01-13 21:00:00,51.93,grocery,atm,IN,38,249,0,0
310,2024-01-13 22:00:00,12.3,fuel,mobile,MX,56,49,0,0
311,2024-01-13 23:00:00,320.31,ecommerce,pos,GB,26,515,0,0
312,2024-01-14 00:00:00,100.09,ecommerce,pos,FR,40,103,1,1
313,2024-01-14 01:00:00,29.16,ecommerce,pos,IN,67,123,1,0
314,2024-01-14 02:00:00,107.53,ecommerce,pos,CA,75,190,1,0
315,2024-01-14 03:00:00,147.04,ecommerce,web,IN,33,561,1,0
316,2024-01-14 04:00:00,83.72,ecommerce,atm,MX,79,135,1,1
317,2024-01-14 05:00:00,39.75,electronics,mobile,US,59,255,1,0
318,2024-01-14 06:00:00,449.83,ecommerce,pos,CA,33,410,0,0
319,2024-01-14 07:00:00,48.54,restaurant,web,CA,70,94,0,0
320,2024-01-14 08:00:00,8.88,restaurant,pos,GB,77,53,0,0
321,2024-01-14 09:00:00,32.95,fuel,web,US,36,55,0,0
322,2024-01-14 10:00:00,49.26,ecommerce,pos,CA,25,110,0,0
323,2024-01-14 11:00:00,27.46,fuel,atm,US,37,196,0,0
324,2024-01-14 12:00:00,9.32,restaurant,mobile,CA,69,565,0,0
325,2024-01-14 13:00:00,143.34,travel,pos,CA,22,552,0,0
326,2024-01-14 14:00:00,46.51,electronics,mobile,US,37,342,0,0
327,2024-01-14 15:00:00,19.93,fuel,web,US,39,564,0,0
328,2024-01-14 16:00:00,193.44,travel,mobile,CA,19,17,0,1
329,2024-01-14 17:00:00,39.11,ecommerce,web,CA,58,338,0,0
330,2024-01-14 18:00:00,75.67,electronics,pos,CA,72,266,0,0
331,2024-01-14 19:00:00,68.54,grocery,mobile,US,28,71,0,0
332,2024-01-14 20:00:00,44.17,electronics,pos,IN,78,332,0,0
333,2024-01-14 21:00:00,15.23,restaurant,web,GB,82,274,0,0
334,2024-01-14 22:00:00,10.59,grocery,pos,MX,77,458,0,0
335,2024-01-14 23:00:00,65.09,travel,mobile,CA,67,251,0,0
336,2024-01-15 00:00:00,36.8,grocery,mobile,CA,48,257,1,0
337,2024-01-15 01:00:00,174.74,electronics,pos,FR,31,138,1,1
338,2024-01-15 02:00:00,15.86,grocery,web,CA,80,283,1,0
339,2024-01-15 03:00:00,47.26,restaurant,mobile,CA,54,45,1,0
340,2024-01-15 04:00:00,36.01,grocery,pos,CA,48,340,1,0
341,2024-01-15 05:00:00,7.87,restaurant,web,MX,44,229,1,0
342,2024-01-15 06:00:00,115.0,electronics,mobile,CA,32,164,0,0
343,2024-01-15 07:00:00,399.9,travel,web,CA,44,223,0,0
344,2024-01-15 08:00:00,17.9,electronics,mobile,US,72,536,0,0
345,2024-01-15 09:00:00,597.33,electronics,web,CA,56,423,0,1
346,2024-01-15 10:00:00,15.76,restaurant,web,CA,44,512,0,0
347,2024-01-15 11:00:00,13.61,ecommerce,pos,GB,25,236,0,0
348,2024-01-15 12:00:00,154.6,travel,pos,IN,46,236,0,0
349,2024-01-15 13:00:00,69.21,grocery,pos,CA,32,7,0,0
350,2024-01-15 14:00:00,106.05,travel,atm,CA,45,409,0,0
351,2024-01-15 15:00:00,43.36,grocery,mobile,CA,28,12,0,0
352,2024-01-15 16:00:00,183.94,fuel,mobile,CA,82,584,0,0
353,2024-01-15 17:00:00,32.85,fuel,pos,FR,29,413,0,0
354,2024-01-15 18:00:00,399.85,fuel,web,MX,26,279,0,0
355,2024-01-15 19:00:00,85.2,fuel,mobile,CA,62,397,0,0
356,2024-01-15 20:00:00,102.94,electronics,mobile,GB,41,597,0,0
357,2024-01-15 21:00:00,127.76,electronics,pos,CA,85,96,0,0
358,2024-01-15 22:00:00,20.48,fuel,mobile,CA,45,448,0,0
359,2024-01-15 23:00:00,170.87,travel,pos,IN,62,520,0,1
360,2024-01-16 00:00:00,45.25,restaurant,pos,CA,74,352,1,0
361,2024-01-16 01:00:00,22.77,grocery,atm,CA,84,398,1,0
362,2024-01-16 02:00:00,9.46,grocery,web,FR,73,304,1,0
363,2024-01-16 03:00:00,107.59,grocery,web,CA,57,92,1,0
364,2024-01-16 04:00:00,327.81,travel,web,CA,73,589,1,0
365,2024-01-16 05:00:00,16.78,ecommerce,atm,CA,37,172,1,0
366,2024-01-16 06:00:00,114.63,electronics,pos,CA,77,231,0,0
367,2024-01-16 07:00:00,344.0,travel,mobile,CA,77,585,0,0
368,2024-01-16 08:00:00,137.92,ecommerce,pos,CA,44,34,0,0
369,2024-01-16 09:00:00,14.62,restaurant,pos,CA,22,245,0,0
370,2024-01-16 10:00:00,237.86,electronics,web,CA,64,334,0,0
371,2024-01-16 11:00:00,60.88,ecommerce,web,US,24,142,0,0
372,2024-01-16 12:00:00,85.21,ecommerce,pos,FR,19,402,0,0
373,2024-01-16 13:00:00,26.25,ecommerce,web,US,82,315,0,0
374,2024-01-16 14:00:00,5.0,grocery,mobile,US,56,157,0,0
375,2024-01-16 15:00:00,16.27,grocery,web,GB,62,123,0,0
376,2024-01-16 16:00:00,44.25,restaurant,mobile,CA,77,172,0,0
377,2024-01-16 17:00:00,49.92,ecommerce,mobile,CA,81,475,0,0
378,2024-01-16 18:00:00,107.82,ecommerce,web,CA,83,313,0,0
379,2024-01-16 19:00:00,265.95,electronics,web,CA,27,477,0,0
380,2024-01-16 20:00:00,20.27,fuel,web,IN,40,431,0,0
381,2024-01-16 21:00:00,18.56,restaurant,web,CA,70,481,0,0
382,2024-01-16 22:00:00,13.73,electronics,pos,FR,19,513,0,0
383,2024-01-16 23:00:00,6.78,fuel,pos,CA,33,370,0,0
384,2024-01-17 00:00:00,17.98,ecommerce,pos,CA,53,216,1,0
385,2024-01-17 01:00:00,45.05,restaurant,web,CA,41,417,1,0
386,2024-01-17 02:00:00,73.65,electronics,atm,CA,29,567,1,0
387,2024-01-17 03:00:00,16.88,restaurant,web,CA,79,193,1,0
388,2024-01-17 04:00:00,18.27,grocery,web,US,48,293,1,0
389,2024-01-17 05:00:00,13.54,restaurant,web,CA,45,528,1,0
390,2024-01-17 06:00:00,313.38,travel,mobile,FR,62,358,0,1
391,2024-01-17 07:00:00,35.63,grocery,web,FR,63,86,0,0
392,2024-01-17 08:00:00,333.11,travel,web,CA,51,210,0,1
393,2024-01-17 09:00:00,13.65,electronics,mobile,IN,78,152,0,0
394,2024-01-17 10:00:00,52.91,grocery,pos,CA,38,286,0,0
395,2024-01-17 11:00:00,17.66,fuel,web,CA,77,596,0,0
396,2024-01-17 12:00:00,76.28,electronics,web,CA,77,504,0,0
397,2024-01-17 13:00:00,202.93,ecommerce,mobile,US,18,577,0,0
398,2024-01-17 14:00:00,19.22,fuel,atm,CA,69,445,0,1
399,2024-01-17 15:00:00,42.5,fuel,mobile,US,28,305,0,0
400,2024-01-17 16:00:00,24.03,ecommerce,web,FR,51,396,0,0
401,2024-01-17 17:00:00,28.2,restaurant,pos,CA,80,299,0,0
402,2024-01-17 18:00:00,23.47,electronics,web,GB,31,24,0,0
403,2024-01-17 19:00:00,31.11,grocery,mobile,US,56,70,0,0
404,2024-01-17 20:00:00,38.62,restaurant,atm,CA,70,333,0,0
405,2024-01-17 21:00:00,73.89,restaurant,mobile,CA,50,396,0,0
406,2024-01-17 22:00:00,28.77,ecommerce,pos,CA,23,152,0,0
407,2024-01-17 23:00:00,61.05,electronics,mobile,CA,22,18,0,0
408,2024-01-18 00:00:00,18.35,grocery,mobile,GB,53,41,1,0
409,2024-01-18 01:00:00,21.72,restaurant,mobile,CA,19,188,1,0
410,2024-01-18 02:00:00,57.33,travel,mobile,CA,19,517,1,0
411,2024-01-18 03:00:00,19.59,travel,web,GB,82,251,1,0
412,2024-01-18 04:00:00,12.82,grocery,mobile,US,54,585,1,0
413,2024-01-18 05:00:00,26.12,restaurant,pos,IN,50,537,1,0
414,2024-01-18 06:00:00,28.67,grocery,pos,CA,24,515,0,0
415,2024-01-18 07:00:00,98.71,ecommerce,mobile,US,71,582,0,0
416,2024-01-18 08:00:00,69.91,grocery,atm,CA,52,145,0,0
417,2024-01-18 09:00:00,65.57,electronics,mobile,MX,32,585,0,1
418,2024-01-18 10:00:00,7.86,grocery,pos,CA,69,555,0,0
419,2024-01-18 11:00:00,39.24,restaurant,pos,CA,34,480,0,0
420,2024-01-18 12:00:00,135.3,travel,pos,IN,52,115,0,0
421,2024-01-18 13:00:00,25.96,grocery,mobile,MX,56,174,0,0
422,2024-01-18 14:00:00,98.25,grocery,mobile,US,36,392,0,0
423,2024-01-18 15:00:00,49.14,grocery,atm,CA,77,27,0,0
424,2024-01-18 16:00:00,152.46,travel,pos,MX,65,493,0,0
425,2024-01-18 17:00:00,113.9,electronics,web,CA,37,255,0,0
426,2024-01-18 18:00:00,129.03,ecommerce,mobile,CA,28,13,0,0
427,2024-01-18 19:00:00,14.68,restaurant,pos,CA,40,178,0,0
428,2024-01-18 20:00:00,14.83,grocery,atm,CA,49,237,0,0
429,2024-01-18 21:00:00,79.6,electronics,web,CA,55,393,0,0
430,2024-01-18 22:00:00,9.46,restaurant,pos,GB,45,361,0,0
431,2024-01-18 23:00:00,94.34,electronics,pos,CA,20,223,0,1
432,2024-01-19 00:00:00,107.24,electronics,mobile,FR,63,372,1,0
433,2024-01-19 01:00:00,92.38,electronics,mobile,FR,43,535,1,0
434,2024-01-19 02:00:00,23.66,grocery,mobile,CA,40,210,1,0
435,2024-01-19 03:00:00,145.02,grocery,mobile,MX,55,224,1,0
436,2024-01-19 04:00:00,76.38,grocery,web,CA,74,61,1,0
437,2024-01-19 05:00:00,25.01,fuel,mobile,IN,18,227,1,0
438,2024-01-19 06:00:00,106.86,electronics,atm,CA,83,170,0,0
439,2024-01-19 07:00:00,471.07,travel,pos,CA,61,456,0,1
440,2024-01-19 08:00:00,16.13,restaurant,mobile,CA,55,67,0,0
441,2024-01-19 09:00:00,13.74,grocery,pos,FR,21,354,0,0
442,2024-01-19 10:00:00,120.54,electronics,pos,CA,66,464,0,0
443,2024-01-19 11:00:00,47.55,grocery,web,GB,66,153,0,0
444,2024-01-19 12:00:00,93.22,ecommerce,mobile,CA,56,40,0,0
445,2024-01-19 13:00:00,207.01,electronics,pos,US,72,406,0,0
446,2024-01-19 14:00:00,14.12,restaurant,web,CA,75,353,0,0
447,2024-01-19 15:00:00,38.42,travel,mobile,CA,75,338,0,0
448,2024-01-19 16:00:00,19.36,grocery,pos,CA,40,528,0,0
449,2024-01-19 17:00:00,230.43,travel,mobile,CA,63,62,0,0
450,2024-01-19 18:00:00,14.29,grocery,atm,GB,21,118,0,0
451,2024-01-19 19:00:00,5.0,restaurant,pos,MX,56,280,0,0
452,2024-01-19 20:00:00,111.9,electronics,pos,CA,27,337,0,0
453,2024-01-19 21:00:00,19.66,grocery,atm,CA,38,552,0,0
454,2024-01-19 22:00:00,6.92,grocery,pos,CA,64,371,0,0
455,2024-01-19 23:00:00,35.03,grocery,pos,MX,46,127,0,0
456,2024-01-20 00:00:00,19.28,restaurant,atm,GB,76,511,1,0
457,2024-01-20 01:00:00,123.38,fuel,mobile,FR,23,249,1,0
458,2024-01-20 02:00:00,106.46,electronics,mobile,FR,84,521,1,1
459,2024-01-20 03:00:00,231.31,travel,web,CA,66,165,1,0
460,2024-01-20 04:00:00,26.88,fuel,atm,CA,47,475,1,0
461,2024-01-20 05:00:00,19.13,grocery,mobile,FR,19,322,1,0
462,2024-01-20 06:00:00,17.6,restaurant,mobile,CA,20,333,0,0
463,2024-01-20 07:00:00,158.88,ecommerce,mobile,CA,46,586,0,0
464,2024-01-20 08:00:00,53.51,fuel,mobile,CA,56,92,0,0
465,2024-01-20 09:00:00,25.74,electronics,web,GB,52,186,0,0
466,2024-01-20 10:00:00,44.37,travel,web,MX,38,110,0,0
467,2024-01-20 11:00:00,9.33,restaurant,web,IN,62,500,0,0
468,2024-01-20 12:00:00,85.05,grocery,web,CA,59,511,0,0
469,2024-01-20 13:00:00,5.75,fuel,web,CA,41,503,0,0
470,2024-01-20 14:00:00,121.89,ecommerce,web,CA,40,143,0,0
471,2024-01-20 15:00:00,39.07,fuel,mobile,GB,48,155,0,0
472,2024-01-20 16:00:00,37.39,grocery,web,CA,68,241,0,0
473,2024-01-20 17:00:00,21.4,grocery,pos,IN,57,464,0,0
474,2024-01-20 18:00:00,175.05,ecommerce,pos,CA,26,451,0,0
475,2024-01-20 19:00:00,66.52,ecommerce,pos,GB,80,593,0,0
476,2024-01-20 20:00:00,16.37,ecommerce,mobile,GB,31,471,0,0
477,2024-01-20 21:00:00,45.88,travel,web,CA,63,573,0,0
478,2024-01-20 22:00:00,31.06,travel,pos,MX,19,159,0,0
479,2024-01-20 23:00:00,176.9,ecommerce,mobile,CA,35,364,0,0
480,2024-01-21 00:00:00,216.4,ecommerce,pos,GB,56,320,1,0
481,2024-01-21 01:00:00,87.08,grocery,pos,GB,75,91,1,0
482,2024-01-21 02:00:00,120.0,travel,mobile,US,56,569,1,1
483,2024-01-21 03:00:00,16.64,ecommerce,web,CA,21,71,1,0
484,2024-01-21 04:00:00,12.69,grocery,mobile,IN,82,513,1,0
485,2024-01-21 05:00:00,24.66,ecommerce,mobile,IN,36,160,1,0
486,2024-01-21 06:00:00,26.2,fuel,atm,US,42,133,0,0
487,2024-01-21 07:00:00,209.35,ecommerce,pos,IN,25,361,0,0
488,2024-01-21 08:00:00,94.82,fuel,mobile,CA,65,280,0,0
489,2024-01-21 09:00:00,17.59,fuel,mobile,CA,48,232,0,0
490,2024-01-21 10:00:00,13.13,electronics,pos,CA,32,542,0,0
491,2024-01-21 11:00:00,47.75,travel,atm,CA,61,420,0,0
492,2024-01-21 12:00:00,397.83,travel,web,CA,31,365,0,0
493,2024-01-21 13:00:00,73.98,ecommerce,mobile,US,54,473,0,0
494,2024-01-21 14:00:00,71.36,electronics,web,CA,63,482,0,0
495,2024-01-21 15:00:00,18.62,fuel,web,CA,73,108,0,0
496,2024-01-21 16:00:00,30.56,ecommerce,pos,MX,65,265,0,0
497,2024-01-21 17:00:00,46.2,travel,atm,GB,56,544,0,0
498,2024-01-21 18:00:00,387.67,ecommerce,web,IN,20,489,0,1
499,2024-01-21 19:00:00,128.19,fuel,pos,CA,33,36,0,0
500,2024-01-21 20:00:00,46.9,electronics,pos,FR,57,148,0,0
501,2024-01-21 21:00:00,5.63,restaurant,mobile,CA,54,159,0,0
502,2024-01-21 22:00:00,31.78,restaurant,pos,CA,54,308,0,0
503,2024-01-21 23:00:00,23.91,fuel,web,MX,68,489,0,0
504,2024-01-22 00:00:00,48.05,fuel,mobile,CA,79,290,1,1
505,2024-01-22 01:00:00,212.07,electronics,pos,GB,52,110,1,1
506,2024-01-22 02:00:00,20.95,ecommerce,web,CA,27,334,1,0
507,2024-01-22 03:00:00,311.06,electronics,pos,CA,48,132,1,0
508,2024-01-22 04:00:00,19.87,fuel,atm,CA,35,407,1,0
509,2024-01-22 05:00:00,56.62,grocery,mobile,CA,53,586,1,0
510,2024-01-22 06:00:00,25.89,grocery,pos,CA,58,380,0,0
511,2024-01-22 07:00:00,62.62,restaurant,web,CA,55,548,0,0
512,2024-01-22 08:00:00,5.0,grocery,web,CA,57,327,0,0
513,2024-01-22 09:00:00,116.72,ecommerce,atm,GB,39,488,0,0
514,2024-01-22 10:00:00,28.41,ecommerce,web,CA,30,564,0,0
515,2024-01-22 11:00:00,35.0,grocery,web,US,76,104,0,0
516,2024-01-22 12:00:00,184.11,ecommerce,atm,US,45,400,0,0
517,2024-01-22 13:00:00,47.7,electronics,pos,CA,32,153,0,0
518,2024-01-22 14:00:00,13.81,grocery,web,CA,85,50,0,0
519,2024-01-22 15:00:00,70.32,electronics,pos,US,20,141,0,0
520,2024-01-22 16:00:00,18.45,restaurant,web,FR,41,85,0,0
521,2024-01-22 17:00:00,23.34,ecommerce,web,CA,68,113,0,0
522,2024-01-22 18:00:00,36.05,grocery,atm,GB,45,4,0,0
523,2024-01-22 19:00:00,157.38,travel,web,CA,75,583,0,0
524,2024-01-22 20:00:00,49.69,grocery,pos,CA,42,264,0,0
525,2024-01-22 21:00:00,28.72,ecommerce,mobile,CA,61,99,0,0
526,2024-01-22 22:00:00,11.67,restaurant,mobile,CA,47,206,0,0
527,2024-01-22 23:00:00,24.54,restaurant,mobile,CA,49,448,0,0
528,2024-01-23 00:00:00,78.83,electronics,mobile,CA,51,379,1,1
529,2024-01-23 01:00:00,49.01,ecommerce,pos,CA,84,30,1,0
530,2024-01-23 02:00:00,52.0,electronics,mobile,US,69,88,1,0
531,2024-01-23 03:00:00,132.27,electronics,pos,CA,43,326,1,0
532,2024-01-23 04:00:00,25.72,ecommerce,pos,GB,46,582,1,0
533,2024-01-23 05:00:00,122.28,travel,atm,FR,45,42,1,0
534,2024-01-23 06:00:00,24.86,grocery,mobile,CA,68,518,0,0
535,2024-01-23 07:00:00,31.79,grocery,pos,CA,58,37,0,0
536,2024-01-23 08:00:00,79.33,fuel,pos,CA,54,297,0,0
537,2024-01-23 09:00:00,10.04,grocery,atm,FR,47,138,0,0
538,2024-01-23 10:00:00,5.0,grocery,pos,CA,45,254,0,0
539,2024-01-23 11:00:00,57.57,electronics,pos,CA,55,556,0,0
540,2024-01-23 12:00:00,9.69,restaurant,pos,IN,74,129,0,0
541,2024-01-23 13:00:00,5.0,fuel,pos,CA,83,383,0,0
542,2024-01-23 14:00:00,473.19,electronics,pos,CA,22,200,0,0
543,2024-01-23 15:00:00,45.18,restaurant,atm,FR,34,391,0,0
544,2024-01-23 16:00:00,59.72,grocery,pos,IN,64,32,0,0
545,2024-01-23 17:00:00,21.11,fuel,web,CA,28,178,0,0
546,2024-01-23 18:00:00,87.71,ecommerce,mobile,CA,59,575,0,0
547,2024-01-23 19:00:00,22.39,grocery,web,CA,46,434,0,0
548,2024-01-23 20:00:00,204.52,electronics,mobile,CA,30,562,0,0
549,2024-01-23 21:00:00,71.2,ecommerce,mobile,CA,52,409,0,0
550,2024-01-23 22:00:00,26.42,fuel,web,CA,52,111,0,0
551,2024-01-23 23:00:00,33.93,grocery,mobile,US,66,277,0,0
552,2024-01-24 00:00:00,122.5,grocery,mobile,GB,74,527,1,0
553,2024-01-24 01:00:00,31.74,restaurant,mobile,IN,82,410,1,0
554,2024-01-24 02:00:00,12.97,grocery,mobile,FR,47,312,1,0
555,2024-01-24 03:00:00,81.28,ecommerce,pos,CA,64,521,1,0
556,2024-01-24 04:00:00,93.27,ecommerce,mobile,CA,71,68,1,0
557,2024-01-24 05:00:00,23.97,fuel,mobile,CA,85,577,1,0
558,2024-01-24 06:00:00,130.24,travel,pos,CA,62,75,0,0
559,2024-01-24 07:00:00,10.46,fuel,mobile,CA,34,598,0,0
560,2024-01-24 08:00:00,35.75,grocery,pos,GB,41,483,0,0
561,2024-01-24 09:00:00,20.13,ecommerce,pos,CA,32,293,0,0
562,2024-01-24 10:00:00,21.78,restaurant,mobile,CA,31,286,0,0
563,2024-01-24 11:00:00,74.73,travel,pos,CA,38,19,0,0
564,2024-01-24 12:00:00,330.6,travel,web,IN,51,190,0,0
565,2024-01-24 13:00:00,550.73,travel,web,MX,71,137,0,1
566,2024-01-24 14:00:00,35.09,electronics,mobile,CA,37,424,0,0
567,2024-01-24 15:00:00,32.62,grocery,web,CA,30,118,0,0
568,2024-01-24 16:00:00,45.42,ecommerce,mobile,FR,26,484,0,0
569,2024-01-24 17:00:00,41.46,fuel,mobile,CA,31,180,0,0
570,2024-01-24 18:00:00,65.49,ecommerce,web,US,47,511,0,0
571,2024-01-24 19:00:00,19.26,restaurant,atm,MX,45,216,0,0
572,2024-01-24 20:00:00,29.7,fuel,mobile,MX,45,452,0,0
573,2024-01-24 21:00:00,81.01,electronics,web,CA,39,401,0,0
574,2024-01-24 22:00:00,114.1,restaurant,atm,FR,48,594,0,0
575,2024-01-24 23:00:00,13.36,fuel,web,CA,61,315,0,0
576,2024-01-25 00:00:00,34.42,restaurant,pos,CA,21,212,1,0
577,2024-01-25 01:00:00,215.93,travel,pos,CA,78,390,1,0
578,2024-01-25 02:00:00,40.51,restaurant,web,CA,38,17,1,0
579,2024-01-25 03:00:00,45.93,ecommerce,pos,CA,27,584,1,0
580,2024-01-25 04:00:00,93.53,fuel,web,GB,29,407,1,1
581,2024-01-25 05:00:00,5.0,fuel,web,FR,55,29,1,0
582,2024-01-25 06:00:00,12.24,grocery,web,CA,53,103,0,0
583,2024-01-25 07:00:00,109.13,ecommerce,pos,GB,24,8,0,0
584,2024-01-25 08:00:00,12.36,restaurant,mobile,IN,51,400,0,0
585,2024-01-25 09:00:00,58.65,travel,web,CA,33,399,0,0
586,2024-01-25 10:00:00,21.51,grocery,pos,MX,79,97,0,0
587,2024-01-25 11:00:00,29.61,ecommerce,web,IN,39,328,0,0
588,2024-01-25 12:00:00,58.12,grocery,web,GB,85,294,0,0
589,2024-01-25 13:00:00,73.93,grocery,mobile,CA,57,290,0,0
590,2024-01-25 14:00:00,29.56,restaurant,web,FR,83,371,0,0
591,2024-01-25 15:00:00,70.53,fuel,pos,MX,55,512,0,0
592,2024-01-25 16:00:00,17.24,ecommerce,mobile,CA,26,549,0,0
593,2024-01-25 17:00:00,146.14,travel,web,CA,61,95,0,0
594,2024-01-25 18:00:00,110.2,grocery,pos,CA,50,567,0,0
595,2024-01-25 19:00:00,144.67,ecommerce,mobile,CA,73,344,0,0
596,2024-01-25 20:00:00,357.97,electronics,mobile,CA,44,108,0,0
597,2024-01-25 21:00:00,80.26,travel,mobile,CA,30,560,0,0
598,2024-01-25 22:00:00,62.32,restaurant,web,FR,25,222,0,0
599,2024-01-25 23:00:00,92.96,travel,web,MX,68,267,0,0
600,2024-01-26 00:00:00,46.64,fuel,web,CA,33,581,1,0
601,2024-01-26 01:00:00,319.76,electronics,pos,CA,63,348,1,0
602,2024-01-26 02:00:00,13.36,restaurant,pos,CA,27,85,1,0
603,2024-01-26 03:00:00,18.5,electronics,atm,CA,23,42,1,0
604,2024-01-26 04:00:00,143.98,restaurant,mobile,US,66,493,1,1
605,2024-01-26 05:00:00,152.49,electronics,web,CA,41,209,1,0
606,2024-01-26 06:00:00,24.79,restaurant,pos,IN,56,59,0,0
607,2024-01-26 07:00:00,28.31,grocery,mobile,CA,19,24,0,0
608,2024-01-26 08:00:00,14.9,electronics,pos,CA,30,568,0,0
609,2024-01-26 09:00:00,32.94,fuel,pos,FR,24,343,0,0
610,2024-01-26 10:00:00,16.93,fuel,pos,CA,37,314,0,0
611,2024-01-26 11:00:00,143.1,travel,mobile,CA,37,354,0,0
612,2024-01-26 12:00:00,28.05,restaurant,mobile,CA,43,251,0,0
613,2024-01-26 13:00:00,5.0,restaurant,pos,US,34,571,0,0
614,2024-01-26 14:00:00,93.34,ecommerce,pos,CA,49,361,0,0
615,2024-01-26 15:00:00,116.5,electronics,mobile,GB,79,383,0,1
616,2024-01-26 16:00:00,131.46,electronics,web,US,23,537,0,0
617,2024-01-26 17:00:00,50.92,ecommerce,mobile,FR,78,1,0,1
618,2024-01-26 18:00:00,34.23,grocery,pos,US,46,191,0,0
619,2024-01-26 19:00:00,38.27,grocery,mobile,GB,57,500,0,0
620,2024-01-26 20:00:00,125.79,electronics,atm,MX,63,57,0,0
621,2024-01-26 21:00:00,41.88,fuel,web,CA,67,198,0,0
622,2024-01-26 22:00:00,35.21,restaurant,pos,MX,82,98,0,0
623,2024-01-26 23:00:00,144.26,fuel,mobile,US,85,429,0,0
624,2024-01-27 00:00:00,14.2,restaurant,pos,CA,24,507,1,0
625,2024-01-27 01:00:00,42.86,ecommerce,pos,MX,45,158,1,0
626,2024-01-27 02:00:00,450.99,electronics,pos,CA,54,413,1,1
627,2024-01-27 03:00:00,28.5,grocery,atm,CA,53,456,1,0
628,2024-01-27 04:00:00,63.14,fuel,web,CA,85,544,1,0
629,2024-01-27 05:00:00,111.02,electronics,mobile,CA,62,557,1,0
630,2024-01-27 06:00:00,22.24,restaurant,web,CA,45,273,0,0
631,2024-01-27 07:00:00,238.75,electronics,web,CA,80,47,0,0
632,2024-01-27 08:00:00,52.24,grocery,pos,CA,67,447,0,0
633,2024-01-27 09:00:00,15.1,ecommerce,mobile,CA,72,327,0,0
634,2024-01-27 10:00:00,38.29,grocery,pos,US,60,276,0,0
635,2024-01-27 11:00:00,13.38,grocery,web,CA,22,324,0,0
636,2024-01-27 12:00:00,428.52,travel,pos,IN,84,386,0,0
637,2024-01-27 13:00:00,476.29,electronics,web,GB,66,172,0,1
638,2024-01-27 14:00:00,530.79,electronics,web,CA,28,197,0,1
639,2024-01-27 15:00:00,37.66,restaurant,pos,CA,35,205,0,0
640,2024-01-27 16:00:00,64.87,electronics,pos,CA,41,296,0,0
641,2024-01-27 17:00:00,131.28,electronics,atm,CA,35,406,0,0
642,2024-01-27 18:00:00,14.06,grocery,pos,CA,60,25,0,0
643,2024-01-27 19:00:00,495.84,ecommerce,pos,US,55,175,0,0
644,2024-01-27 20:00:00,399.9,travel,pos,US,32,437,0,0
645,2024-01-27 21:00:00,35.91,restaurant,web,CA,65,18,0,0
646,2024-01-27 22:00:00,80.36,grocery,mobile,MX,37,478,0,0
647,2024-01-27 23:00:00,17.54,fuel,pos,CA,28,462,0,0
648,2024-01-28 00:00:00,50.36,travel,web,FR,83,191,1,0
649,2024-01-28 01:00:00,5.0,grocery,mobile,IN,39,375,1,0
650,2024-01-28 02:00:00,64.72,ecommerce,pos,CA,33,294,1,0
651,2024-01-28 03:00:00,22.64,restaurant,atm,GB,66,150,1,0
652,2024-01-28 04:00:00,217.82,travel,atm,GB,69,89,1,1
653,2024-01-28 05:00:00,60.77,ecommerce,pos,CA,28,577,1,0
654,2024-01-28 06:00:00,41.82,restaurant,pos,CA,21,516,0,0
655,2024-01-28 07:00:00,124.62,ecommerce,pos,GB,75,539,0,1
656,2024-01-28 08:00:00,7.34,restaurant,pos,CA,52,84,0,0
657,2024-01-28 09:00:00,131.28,ecommerce,web,CA,49,579,0,0
658,2024-01-28 10:00:00,94.67,travel,web,US,46,376,0,0
659,2024-01-28 11:00:00,95.69,ecommerce,web,CA,57,307,0,0
660,2024-01-28 12:00:00,150.7,ecommerce,pos,CA,63,205,0,0
661,2024-01-28 13:00:00,68.93,restaurant,pos,IN,23,141,0,0
662,2024-01-28 14:00:00,36.8,grocery,atm,CA,36,195,0,0
663,2024-01-28 15:00:00,38.47,grocery,atm,CA,82,104,0,0
664,2024-01-28 16:00:00,134.03,ecommerce,pos,US,29,474,0,0
665,2024-01-28 17:00:00,25.45,electronics,mobile,CA,79,570,0,0
666,2024-01-28 18:00:00,41.74,electronics,web,MX,45,581,0,1
667,2024-01-28 19:00:00,21.23,restaurant,mobile,US,30,535,0,1
668,2024-01-28 20:00:00,18.1,ecommerce,web,CA,58,79,0,0
669,2024-01-28 21:00:00,47.03,ecommerce,mobile,CA,63,445,0,0
670,2024-01-28 22:00:00,24.42,grocery,pos,IN,41,515,0,0
671,2024-01-28 23:00:00,29.53,fuel,pos,IN,71,306,0,0
672,2024-01-29 00:00:00,25.94,restaurant,atm,CA,22,335,1,0
673,2024-01-29 01:00:00,257.29,electronics,pos,CA,26,231,1,0
674,2024-01-29 02:00:00,228.6,travel,pos,CA,60,494,1,0
675,2024-01-29 03:00:00,56.34,ecommerce,mobile,IN,57,422,1,1
676,2024-01-29 04:00:00,20.22,restaurant,mobile,GB,65,378,1,0
677,2024-01-29 05:00:00,26.16,fuel,mobile,CA,75,5,1,0
678,2024-01-29 06:00:00,31.89,grocery,mobile,FR,81,577,0,0
679,2024-01-29 07:00:00,579.51,ecommerce,mobile,CA,52,315,0,0
680,2024-01-29 08:00:00,8.82,grocery,pos,CA,52,574,0,0
681,2024-01-29 09:00:00,14.23,grocery,web,US,80,407,0,0
682,2024-01-29 10:00:00,12.47,grocery,mobile,CA,83,313,0,0
683,2024-01-29 11:00:00,34.79,fuel,mobile,US,21,453,0,0
684,2024-01-29 12:00:00,167.84,travel,pos,CA,52,148,0,0
685,2024-01-29 13:00:00,35.86,ecommerce,pos,GB,80,271,0,0
686,2024-01-29 14:00:00,134.53,ecommerce,mobile,IN,21,15,0,0
687,2024-01-29 15:00:00,38.07,restaurant,pos,CA,84,447,0,0
688,2024-01-29 16:00:00,228.62,electronics,pos,CA,68,194,0,0
689,2024-01-29 17:00:00,80.64,fuel,mobile,MX,28,57,0,0
690,2024-01-29 18:00:00,8.82,ecommerce,web,CA,61,478,0,0
691,2024-01-29 19:00:00,50.6,restaurant,pos,GB,47,140,0,0
692,2024-01-29 20:00:00,18.81,ecommerce,pos,US,40,134,0,0
693,2024-01-29 21:00:00,75.17,ecommerce,pos,CA,60,86,0,0
694,2024-01-29 22:00:00,25.57,restaurant,mobile,FR,67,362,0,0
695,2024-01-29 23:00:00,26.57,fuel,web,CA,78,204,0,0
696,2024-01-30 00:00:00,33.24,electronics,pos,CA,46,342,1,0
697,2024-01-30 01:00:00,345.06,travel,web,CA,28,206,1,1
698,2024-01-30 02:00:00,42.73,travel,pos,GB,76,452,1,1
699,2024-01-30 03:00:00,118.01,ecommerce,pos,IN,40,224,1,1
700,2024-01-30 04:00:00,16.55,ecommerce,pos,CA,69,476,1,0
701,2024-01-30 05:00:00,59.1,ecommerce,web,CA,72,279,1,1
702,2024-01-30 06:00:00,166.19,grocery,pos,CA,21,8,0,0
703,2024-01-30 07:00:00,228.68,restaurant,pos,US,45,262,0,0
704,2024-01-30 08:00:00,13.99,ecommerce,web,CA,23,147,0,0
705,2024-01-30 09:00:00,14.48,fuel,web,CA,59,294,0,0
706,2024-01-30 10:00:00,61.4,electronics,pos,CA,72,74,0,0
707,2024-01-30 11:00:00,747.95,electronics,pos,CA,56,452,0,0
708,2024-01-30 12:00:00,56.48,ecommerce,pos,US,40,375,0,0
709,2024-01-30 13:00:00,71.81,fuel,web,CA,84,85,0,0
710,2024-01-30 14:00:00,35.75,restaurant,mobile,CA,23,587,0,0
711,2024-01-30 15:00:00,46.39,travel,pos,CA,27,210,0,0
712,2024-01-30 16:00:00,18.43,electronics,mobile,CA,42,126,0,0
713,2024-01-30 17:00:00,15.72,restaurant,mobile,CA,82,0,0,0
714,2024-01-30 18:00:00,790.74,electronics,pos,CA,78,148,0,0
715,2024-01-30 19:00:00,41.31,grocery,pos,CA,56,16,0,0
716,2024-01-30 20:00:00,70.51,fuel,pos,CA,82,290,0,0
717,2024-01-30 21:00:00,9.14,grocery,pos,CA,79,364,0,0
718,2024-01-30 22:00:00,101.86,travel,web,US,57,222,0,0
719,2024-01-30 23:00:00,55.03,restaurant,pos,CA,26,526,0,0
720,2024-01-31 00:00:00,10.22,fuel,mobile,CA,79,580,1,0
721,2024-01-31 01:00:00,56.7,ecommerce,web,US,61,183,1,0
722,2024-01-31 02:00:00,14.84,grocery,mobile,CA,27,383,1,0
723,2024-01-31 03:00:00,57.43,restaurant,mobile,CA,75,241,1,0
724,2024-01-31 04:00:00,46.89,grocery,web,GB,45,164,1,1
725,2024-01-31 05:00:00,60.6,grocery,atm,CA,71,126,1,0
726,2024-01-31 06:00:00,131.54,ecommerce,atm,IN,35,313,0,0
727,2024-01-31 07:00:00,26.69,grocery,web,CA,18,85,0,0
728,2024-01-31 08:00:00,67.34,fuel,pos,FR,48,404,0,0
729,2024-01-31 09:00:00,16.05,fuel,web,GB,48,531,0,0
730,2024-01-31 10:00:00,105.47,ecommerce,pos,CA,76,221,0,0
731,2024-01-31 11:00:00,5.56,grocery,web,CA,25,343,0,0
732,2024-01-31 12:00:00,16.73,grocery,web,US,80,586,0,0
733,2024-01-31 13:00:00,482.77,ecommerce,web,CA,28,423,0,1
734,2024-01-31 14:00:00,56.77,grocery,mobile,CA,81,242,0,0
735,2024-01-31 15:00:00,170.37,electronics,pos,IN,66,530,0,0
736,2024-01-31 16:00:00,15.61,grocery,web,MX,42,25,0,0
737,2024-01-31 17:00:00,22.43,ecommerce,pos,IN,83,353,0,0
738,2024-01-31 18:00:00,47.34,ecommerce,mobile,FR,42,151,0,0
739,2024-01-31 19:00:00,56.54,ecommerce,mobile,GB,61,108,0,0
740,2024-01-31 20:00:00,183.5,grocery,pos,MX,19,310,0,0
741,2024-01-31 21:00:00,81.96,grocery,mobile,US,24,428,0,0
742,2024-01-31 22:00:00,30.11,restaurant,pos,FR,42,443,0,0
743,2024-01-31 23:00:00,34.75,grocery,mobile,US,34,449,0,0
744,2024-02-01 00:00:00,54.01,fuel,web,CA,33,173,1,0
745,2024-02-01 01:00:00,8.33,fuel,web,US,43,248,1,0
746,2024-02-01 02:00:00,10.66,ecommerce,mobile,CA,59,68,1,0
747,2024-02-01 03:00:00,117.26,ecommerce,mobile,IN,26,370,1,0
748,2024-02-01 04:00:00,104.86,electronics,mobile,US,69,483,1,0
749,2024-02-01 05:00:00,8.38,restaurant,web,US,75,291,1,0
750,2024-02-01 06:00:00,9.11,ecommerce,mobile,CA,74,187,0,0
751,2024-02-01 07:00:00,134.26,ecommerce,web,CA,31,200,0,1
752,2024-02-01 08:00:00,37.56,ecommerce,mobile,CA,77,390,0,0
753,2024-02-01 09:00:00,39.14,fuel,mobile,MX,26,404,0,0
754,2024-02-01 10:00:00,77.51,electronics,pos,US,25,286,0,1
755,2024-02-01 11:00:00,58.24,ecommerce,pos,CA,67,148,0,0
756,2024-02-01 12:00:00,35.24,ecommerce,pos,CA,69,246,0,0
757,2024-02-01 13:00:00,25.48,restaurant,pos,CA,26,196,0,0
758,2024-02-01 14:00:00,55.07,grocery,web,CA,46,58,0,0
759,2024-02-01 15:00:00,21.3,fuel,pos,FR,45,243,0,0
760,2024-02-01 16:00:00,72.84,electronics,web,FR,67,510,0,1
761,2024-02-01 17:00:00,56.6,grocery,pos,GB,53,369,0,0
762,2024-02-01 18:00:00,60.1,grocery,pos,CA,58,80,0,0
763,2024-02-01 19:00:00,11.77,grocery,mobile,CA,23,512,0,0
764,2024-02-01 20:00:00,26.6,restaurant,web,IN,84,128,0,0
765,2024-02-01 21:00:00,20.45,grocery,web,IN,55,369,0,0
766,2024-02-01 22:00:00,33.17,grocery,mobile,CA,63,341,0,0
767,2024-02-01 23:00:00,119.07,grocery,atm,MX,50,436,0,0
768,2024-02-02 00:00:00,45.25,grocery,web,CA,34,460,1,0
769,2024-02-02 01:00:00,957.29,travel,pos,CA,63,175,1,1
770,2024-02-02 02:00:00,73.18,ecommerce,pos,IN,37,467,1,0
771,2024-02-02 03:00:00,23.5,fuel,atm,IN,32,353,1,0
772,2024-02-02 04:00:00,134.1,travel,mobile,IN,55,210,1,1
773,2024-02-02 05:00:00,31.04,restaurant,mobile,CA,42,62,1,0
774,2024-02-02 06:00:00,43.8,grocery,mobile,CA,78,341,0,0
775,2024-02-02 07:00:00,11.18,restaurant,pos,FR,62,278,0,0
776,2024-02-02 08:00:00,110.66,travel,web,MX,43,282,0,0
777,2024-02-02 09:00:00,17.07,grocery,mobile,CA,20,414,0,0
778,2024-02-02 10:00:00,248.25,electronics,mobile,CA,41,426,0,0
779,2024-02-02 11:00:00,5.0,restaurant,pos,CA,25,108,0,0
780,2024-02-02 12:00:00,69.17,ecommerce,web,US,32,178,0,0
781,2024-02-02 13:00:00,6.96,restaurant,pos,FR,37,542,0,0
782,2024-02-02 14:00:00,40.28,fuel,atm,CA,62,357,0,0
783,2024-02-02 15:00:00,95.32,travel,pos,CA,25,250,0,0
784,2024-02-02 16:00:00,5.32,restaurant,mobile,CA,29,584,0,0
785,2024-02-02 17:00:00,140.23,ecommerce,pos,US,20,403,0,1
786,2024-02-02 18:00:00,10.21,electronics,web,CA,80,510,0,0
787,2024-02-02 19:00:00,58.38,ecommerce,mobile,CA,85,282,0,0
788,2024-02-02 20:00:00,183.07,electronics,pos,MX,38,98,0,0
789,2024-02-02 21:00:00,471.23,travel,mobile,CA,48,440,0,0
790,2024-02-02 22:00:00,7.69,grocery,mobile,US,38,490,0,0
791,2024-02-02 23:00:00,37.75,ecommerce,mobile,US,54,351,0,0
792,2024-02-03 00:00:00,159.27,ecommerce,pos,CA,55,260,1,1
793,2024-02-03 01:00:00,92.32,grocery,mobile,US,35,73,1,0
794,2024-02-03 02:00:00,103.74,grocery,web,MX,61,147,1,1
795,2024-02-03 03:00:00,602.29,ecommerce,web,US,18,555,1,1
796,2024-02-03 04:00:00,20.73,grocery,web,US,61,101,1,1
797,2024-02-03 05:00:00,45.8,grocery,web,CA,69,396,1,0
798,2024-02-03 06:00:00,71.99,electronics,pos,CA,21,398,0,0
799,2024-02-03 07:00:00,16.61,electronics,web,CA,67,283,0,0
800,2024-02-03 08:00:00,90.63,electronics,pos,CA,68,599,0,0
801,2024-02-03 09:00:00,9.98,ecommerce,pos,CA,84,406,0,0
802,2024-02-03 10:00:00,17.08,restaurant,pos,CA,72,580,0,0
803,2024-02-03 11:00:00,36.41,travel,pos,MX,19,156,0,0
804,2024-02-03 12:00:00,48.63,grocery,mobile,CA,23,445,0,0
805,2024-02-03 13:00:00,16.26,grocery,web,FR,27,462,0,0
806,2024-02-03 14:00:00,19.71,electronics,pos,US,57,552,0,0
807,2024-02-03 15:00:00,71.4,grocery,mobile,CA,66,247,0,0
808,2024-02-03 16:00:00,15.85,fuel,atm,US,62,199,0,0
809,2024-02-03 17:00:00,18.5,restaurant,mobile,CA,40,483,0,0
810,2024-02-03 18:00:00,13.59,grocery,mobile,IN,31,432,0,0
811,2024-02-03 19:00:00,92.14,grocery,atm,IN,22,164,0,0
812,2024-02-03 20:00:00,34.82,restaurant,web,FR,43,183,0,0
813,2024-02-03 21:00:00,78.61,travel,atm,US,38,474,0,0
814,2024-02-03 22:00:00,5.85,grocery,atm,IN,38,342,0,0
815,2024-02-03 23:00:00,261.5,restaurant,pos,US,23,544,0,0
816,2024-02-04 00:00:00,162.11,restaurant,mobile,FR,37,378,1,1
817,2024-02-04 01:00:00,100.05,fuel,mobile,CA,74,589,1,0
818,2024-02-04 02:00:00,72.49,travel,mobile,FR,34,196,1,1
819,2024-02-04 03:00:00,38.26,ecommerce,mobile,US,77,466,1,0
820,2024-02-04 04:00:00,46.98,grocery,web,CA,23,114,1,0
821,2024-02-04 05:00:00,61.06,travel,web,IN,61,423,1,0
822,2024-02-04 06:00:00,24.65,ecommerce,mobile,MX,25,250,0,0
823,2024-02-04 07:00:00,507.24,travel,mobile,FR,44,312,0,1
824,2024-02-04 08:00:00,93.52,electronics,mobile,CA,82,485,0,0
825,2024-02-04 09:00:00,11.96,grocery,mobile,US,70,63,0,0
826,2024-02-04 10:00:00,321.72,travel,mobile,MX,52,134,0,1
827,2024-02-04 11:00:00,35.83,ecommerce,atm,CA,60,336,0,0
828,2024-02-04 12:00:00,5.0,restaurant,pos,GB,62,248,0,0
829,2024-02-04 13:00:00,21.63,ecommerce,atm,US,71,338,0,0
830,2024-02-04 14:00:00,85.75,travel,pos,CA,58,258,0,0
831,2024-02-04 15:00:00,33.28,fuel,web,MX,52,38,0,0
832,2024-02-04 16:00:00,70.1,ecommerce,pos,CA,23,562,0,0
833,2024-02-04 17:00:00,412.11,travel,web,GB,83,415,0,0
834,2024-02-04 18:00:00,79.4,electronics,web,FR,56,366,0,0
835,2024-02-04 19:00:00,17.95,fuel,pos,CA,37,89,0,0
836,2024-02-04 20:00:00,301.37,electronics,mobile,CA,27,118,0,0
837,2024-02-04 21:00:00,65.87,restaurant,mobile,CA,59,358,0,0
838,2024-02-04 22:00:00,49.56,ecommerce,pos,CA,71,31,0,0
839,2024-02-04 23:00:00,35.51,fuel,mobile,FR,72,284,0,0
840,2024-02-05 00:00:00,21.36,grocery,pos,CA,78,534,1,1
841,2024-02-05 01:00:00,34.53,electronics,pos,CA,78,525,1,0
842,2024-02-05 02:00:00,197.23,fuel,pos,CA,60,309,1,0
843,2024-02-05 03:00:00,36.88,ecommerce,web,US,82,139,1,0
844,2024-02-05 04:00:00,42.72,grocery,mobile,GB,23,44,1,0
845,2024-02-05 05:00:00,6.98,restaurant,web,CA,44,102,1,0
846,2024-02-05 06:00:00,116.53,ecommerce,mobile,CA,50,168,0,0
847,2024-02-05 07:00:00,33.2,electronics,web,CA,65,331,0,0
848,2024-02-05 08:00:00,148.31,grocery,mobile,CA,38,436,0,0
849,2024-02-05 09:00:00,137.62,restaurant,atm,CA,37,276,0,0
850,2024-02-05 10:00:00,54.5,grocery,web,GB,79,496,0,0
851,2024-02-05 11:00:00,36.33,grocery,pos,CA,62,96,0,0
852,2024-02-05 12:00:00,23.06,restaurant,pos,CA,61,254,0,0
853,2024-02-05 13:00:00,26.16,restaurant,web,US,30,368,0,0
854,2024-02-05 14:00:00,47.35,grocery,web,GB,52,32,0,0
855,2024-02-05 15:00:00,29.6,fuel,pos,CA,46,544,0,0
856,2024-02-05 16:00:00,237.77,electronics,mobile,CA,60,598,0,0
857,2024-02-05 17:00:00,11.95,restaurant,atm,GB,80,444,0,0
858,2024-02-05 18:00:00,237.6,ecommerce,pos,CA,36,422,0,1
859,2024-02-05 19:00:00,18.66,fuel,pos,GB,73,125,0,0
860,2024-02-05 20:00:00,50.22,electronics,pos,GB,61,109,0,0
861,2024-02-05 21:00:00,136.2,electronics,web,FR,51,143,0,0
862,2024-02-05 22:00:00,144.27,electronics,mobile,CA,82,81,0,0
863,2024-02-05 23:00:00,5.72,fuel,web,CA,27,335,0,0
864,2024-02-06 00:00:00,21.25,grocery,pos,FR,64,575,1,0
865,2024-02-06 01:00:00,5.0,restaurant,web,CA,45,407,1,0
866,2024-02-06 02:00:00,14.86,restaurant,pos,CA,64,529,1,0
867,2024-02-06 03:00:00,55.61,electronics,web,US,27,588,1,1
868,2024-02-06 04:00:00,42.82,grocery,web,CA,68,397,1,0
869,2024-02-06 05:00:00,16.12,grocery,mobile,US,22,62,1,0
870,2024-02-06 06:00:00,59.85,electronics,web,IN,41,559,0,1
871,2024-02-06 07:00:00,105.92,grocery,mobile,MX,79,328,0,0
872,2024-02-06 08:00:00,174.97,restaurant,pos,CA,61,328,0,0
873,2024-02-06 09:00:00,26.22,ecommerce,mobile,IN,51,593,0,0
874,2024-02-06 10:00:00,245.95,electronics,pos,MX,40,411,0,0
875,2024-02-06 11:00:00,38.7,restaurant,pos,CA,24,66,0,0
876,2024-02-06 12:00:00,12.56,ecommerce,mobile,MX,25,459,0,0
877,2024-02-06 13:00:00,29.47,ecommerce,mobile,CA,66,584,0,0
878,2024-02-06 14:00:00,8.95,travel,pos,CA,36,142,0,0
879,2024-02-06 15:00:00,182.64,travel,web,US,23,277,0,0
880,2024-02-06 16:00:00,22.79,ecommerce,mobile,CA,47,62,0,0
881,2024-02-06 17:00:00,153.98,travel,atm,CA,44,431,0,0
882,2024-02-06 18:00:00,276.09,restaurant,mobile,US,83,85,0,1
883,2024-02-06 19:00:00,114.51,fuel,pos,CA,33,255,0,0
884,2024-02-06 20:00:00,16.43,grocery,web,CA,36,391,0,0
885,2024-02-06 21:00:00,24.23,ecommerce,pos,CA,29,505,0,0
886,2024-02-06 22:00:00,192.29,ecommerce,pos,MX,30,192,0,0
887,2024-02-06 23:00:00,13.26,grocery,web,FR,54,546,0,0
888,2024-02-07 00:00:00,79.93,grocery,mobile,CA,33,14,1,0
889,2024-02-07 01:00:00,1152.93,electronics,pos,GB,66,100,1,1
890,2024-02-07 02:00:00,110.3,ecommerce,mobile,CA,73,71,1,0
891,2024-02-07 03:00:00,79.24,restaurant,mobile,CA,51,449,1,0
892,2024-02-07 04:00:00,157.05,ecommerce,mobile,CA,34,217,1,0
893,2024-02-07 05:00:00,19.84,grocery,pos,CA,73,12,1,0
894,2024-02-07 06:00:00,127.61,electronics,web,CA,83,473,0,0
895,2024-02-07 07:00:00,11.54,restaurant,pos,GB,80,166,0,0
896,2024-02-07 08:00:00,191.76,ecommerce,pos,GB,80,410,0,0
897,2024-02-07 09:00:00,12.34,grocery,pos,IN,72,331,0,0
898,2024-02-07 10:00:00,61.56,grocery,pos,IN,68,67,0,0
899,2024-02-07 11:00:00,75.6,fuel,pos,CA,83,362,0,0
900,2024-02-07 12:00:00,17.54,fuel,pos,CA,41,517,0,0
901,2024-02-07 13:00:00,31.39,ecommerce,atm,CA,81,219,0,0
902,2024-02-07 14:00:00,28.12,grocery,mobile,CA,19,500,0,0
903,2024-02-07 15:00:00,12.23,fuel,pos,FR,74,162,0,0
904,2024-02-07 16:00:00,31.43,restaurant,atm,CA,40,170,0,0
905,2024-02-07 17:00:00,59.8,travel,pos,CA,37,103,0,0
906,2024-02-07 18:00:00,12.77,fuel,web,CA,63,127,0,0
907,2024-02-07 19:00:00,53.59,grocery,mobile,FR,29,144,0,0
908,2024-02-07 20:00:00,104.7,ecommerce,web,CA,85,390,0,0
909,2024-02-07 21:00:00,46.12,ecommerce,pos,MX,67,78,0,0
910,2024-02-07 22:00:00,22.33,electronics,web,CA,19,327,0,0
911,2024-02-07 23:00:00,78.31,restaurant,web,CA,75,156,0,0
912,2024-02-08 00:00:00,18.23,restaurant,web,CA,25,88,1,0
913,2024-02-08 01:00:00,174.68,restaurant,web,GB,73,493,1,0
914,2024-02-08 02:00:00,24.23,restaurant,web,GB,73,324,1,0
915,2024-02-08 03:00:00,30.85,restaurant,pos,CA,61,172,1,0
916,2024-02-08 04:00:00,22.21,grocery,web,CA,58,383,1,0
917,2024-02-08 05:00:00,40.78,grocery,pos,CA,74,545,1,0
918,2024-02-08 06:00:00,1372.27,ecommerce,mobile,CA,75,169,0,1
919,2024-02-08 07:00:00,19.94,fuel,mobile,CA,66,147,0,0
920,2024-02-08 08:00:00,103.32,grocery,web,CA,29,410,0,0
921,2024-02-08 09:00:00,29.62,restaurant,mobile,MX,63,295,0,0
922,2024-02-08 10:00:00,392.57,travel,pos,GB,31,404,0,0
923,2024-02-08 11:00:00,5.0,fuel,pos,MX,21,100,0,0
924,2024-02-08 12:00:00,188.59,grocery,web,MX,28,560,0,0
925,2024-02-08 13:00:00,81.63,ecommerce,web,IN,49,10,0,1
926,2024-02-08 14:00:00,25.74,grocery,mobile,IN,83,164,0,0
927,2024-02-08 15:00:00,61.55,restaurant,atm,CA,20,375,0,0
928,2024-02-08 16:00:00,155.37,travel,web,CA,23,312,0,0
929,2024-02-08 17:00:00,34.98,electronics,web,CA,24,202,0,0
930,2024-02-08 18:00:00,6.78,ecommerce,web,FR,30,587,0,0
931,2024-02-08 19:00:00,310.68,ecommerce,pos,CA,54,207,0,0
932,2024-02-08 20:00:00,49.14,ecommerce,pos,CA,73,407,0,0
933,2024-02-08 21:00:00,56.61,electronics,atm,CA,21,245,0,0
934,2024-02-08 22:00:00,60.71,electronics,mobile,US,72,264,0,0
935,2024-02-08 23:00:00,122.39,grocery,atm,US,80,467,0,0
936,2024-02-09 00:00:00,17.56,restaurant,pos,GB,23,212,1,0
937,2024-02-09 01:00:00,58.5,grocery,pos,US,48,240,1,0
938,2024-02-09 02:00:00,20.2,restaurant,web,FR,73,469,1,0
939,2024-02-09 03:00:00,10.59,grocery,atm,CA,65,51,1,0
940,2024-02-09 04:00:00,135.16,ecommerce,pos,FR,30,259,1,1
941,2024-02-09 05:00:00,73.67,restaurant,pos,US,28,167,1,0
942,2024-02-09 06:00:00,17.77,grocery,pos,CA,48,289,0,0
943,2024-02-09 07:00:00,58.05,ecommerce,mobile,IN,75,346,0,0
944,2024-02-09 08:00:00,29.79,fuel,mobile,IN,82,257,0,0
945,2024-02-09 09:00:00,89.65,ecommerce,mobile,FR,50,597,0,0
946,2024-02-09 10:00:00,579.37,electronics,pos,IN,54,548,0,0
947,2024-02-09 11:00:00,20.4,restaurant,mobile,CA,55,86,0,0
948,2024-02-09 12:00:00,20.28,restaurant,web,CA,51,386,0,0
949,2024-02-09 13:00:00,51.29,ecommerce,pos,CA,62,194,0,0
950,2024-02-09 14:00:00,11.69,fuel,pos,FR,36,429,0,0
951,2024-02-09 15:00:00,12.75,ecommerce,web,GB,54,291,0,0
952,2024-02-09 16:00:00,67.74,ecommerce,pos,IN,59,573,0,0
953,2024-02-09 17:00:00,52.65,grocery,atm,FR,56,567,0,1
954,2024-02-09 18:00:00,27.36,restaurant,web,US,84,34,0,0
955,2024-02-09 19:00:00,25.8,restaurant,web,CA,68,65,0,0
956,2024-02-09 20:00:00,43.77,electronics,mobile,CA,67,13,0,0
957,2024-02-09 21:00:00,34.26,fuel,mobile,CA,72,477,0,0
958,2024-02-09 22:00:00,31.81,fuel,pos,GB,53,137,0,0
959,2024-02-09 23:00:00,41.86,fuel,web,CA,38,434,0,0
960,2024-02-10 00:00:00,36.53,fuel,pos,IN,54,199,1,1
961,2024-02-10 01:00:00,85.61,ecommerce,web,MX,80,184,1,1
962,2024-02-10 02:00:00,107.35,grocery,mobile,CA,77,363,1,0
963,2024-02-10 03:00:00,54.83,grocery,web,FR,42,465,1,0
964,2024-02-10 04:00:00,42.07,restaurant,web,US,50,340,1,0
965,2024-02-10 05:00:00,5.69,fuel,pos,MX,36,345,1,0
966,2024-02-10 06:00:00,70.46,restaurant,web,CA,18,442,0,0
967,2024-02-10 07:00:00,25.06,grocery,pos,CA,39,102,0,0
968,2024-02-10 08:00:00,29.32,fuel,atm,CA,24,355,0,0
969,2024-02-10 09:00:00,10.42,grocery,web,CA,42,171,0,0
970,2024-02-10 10:00:00,393.94,ecommerce,mobile,GB,21,93,0,0
971,2024-02-10 11:00:00,5.0,grocery,web,IN,39,197,0,0
972,2024-02-10 12:00:00,125.02,grocery,mobile,FR,66,115,0,0
973,2024-02-10 13:00:00,40.02,restaurant,pos,CA,75,194,0,0
974,2024-02-10 14:00:00,10.81,ecommerce,pos,IN,78,14,0,0
975,2024-02-10 15:00:00,853.25,travel,pos,CA,56,448,0,0
976,2024-02-10 16:00:00,43.35,fuel,pos,CA,55,209,0,0
977,2024-02-10 17:00:00,7.19,ecommerce,atm,MX,83,396,0,0
978,2024-02-10 18:00:00,18.66,fuel,mobile,FR,55,450,0,0
979,2024-02-10 19:00:00,53.0,grocery,web,IN,23,492,0,0
980,2024-02-10 20:00:00,127.58,restaurant,web,GB,81,46,0,1
981,2024-02-10 21:00:00,68.0,electronics,web,CA,59,306,0,0
982,2024-02-10 22:00:00,9.08,electronics,mobile,CA,63,250,0,0
983,2024-02-10 23:00:00,101.49,fuel,mobile,CA,24,210,0,0
984,2024-02-11 00:00:00,51.29,grocery,web,US,49,484,1,1
985,2024-02-11 01:00:00,5.0,restaurant,mobile,CA,49,40,1,0
986,2024-02-11 02:00:00,81.76,ecommerce,pos,CA,73,186,1,0
987,2024-02-11 03:00:00,49.05,grocery,atm,CA,44,477,1,0
988,2024-02-11 04:00:00,44.84,ecommerce,pos,US,41,237,1,0
989,2024-02-11 05:00:00,46.68,electronics,web,MX,64,44,1,0
990,2024-02-11 06:00:00,78.85,travel,mobile,CA,19,104,0,0
991,2024-02-11 07:00:00,73.33,electronics,pos,CA,68,181,0,0
992,2024-02-11 08:00:00,135.24,electronics,pos,US,18,149,0,0
993,2024-02-11 09:00:00,66.6,grocery,web,MX,34,401,0,0
994,2024-02-11 10:00:00,5.0,restaurant,web,CA,51,103,0,0
995,2024-02-11 11:00:00,75.62,ecommerce,atm,CA,31,459,0,0
996,2024-02-11 12:00:00,211.76,travel,mobile,IN,20,187,0,1
997,2024-02-11 13:00:00,38.15,grocery,web,GB,46,41,0,0
998,2024-02-11 14:00:00,18.96,restaurant,atm,CA,66,6,0,0
999,2024-02-11 15:00:00,215.54,ecommerce,mobile,US,34,365,0,0
1000,2024-02-11 16:00:00,109.85,grocery,mobile,US,36,441,0,0
1001,2024-02-11 17:00:00,19.63,fuel,pos,CA,64,82,0,0
1002,2024-02-11 18:00:00,30.4,grocery,web,CA,82,185,0,0
1003,2024-02-11 19:00:00,65.62,grocery,pos,IN,53,455,0,0
1004,2024-02-11 20:00:00,432.96,travel,pos,CA,56,521,0,0
1005,2024-02-11 21:00:00,28.83,ecommerce,mobile,CA,74,438,0,0
1006,2024-02-11 22:00:00,10.65,restaurant,pos,GB,22,371,0,0
1007,2024-02-11 23:00:00,76.87,ecommerce,web,CA,84,449,0,0
1008,2024-02-12 00:00:00,35.75,electronics,mobile,US,50,178,1,0
1009,2024-02-12 01:00:00,5.0,fuel,pos,CA,43,38,1,0
1010,2024-02-12 02:00:00,65.23,travel,web,CA,60,339,1,0
1011,2024-02-12 03:00:00,198.69,travel,mobile,CA,80,336,1,0
1012,2024-02-12 04:00:00,110.51,fuel,mobile,IN,81,482,1,1
1013,2024-02-12 05:00:00,14.43,restaurant,pos,US,70,144,1,0
1014,2024-02-12 06:00:00,53.7,ecommerce,atm,FR,50,534,0,0
1015,2024-02-12 07:00:00,37.68,grocery,mobile,CA,28,297,0,0
1016,2024-02-12 08:00:00,76.14,travel,mobile,GB,30,265,0,0
1017,2024-02-12 09:00:00,14.19,restaurant,web,CA,74,594,0,0
1018,2024-02-12 10:00:00,44.29,grocery,mobile,US,26,326,0,0
1019,2024-02-12 11:00:00,9.29,fuel,mobile,CA,50,54,0,0
1020,2024-02-12 12:00:00,13.68,restaurant,pos,US,45,152,0,0
1021,2024-02-12 13:00:00,81.9,electronics,atm,CA,66,357,0,0
1022,2024-02-12 14:00:00,36.49,restaurant,atm,CA,41,138,0,0
1023,2024-02-12 15:00:00,6.98,fuel,web,GB,65,99,0,0
1024,2024-02-12 16:00:00,121.34,travel,mobile,CA,52,178,0,0
1025,2024-02-12 17:00:00,18.79,ecommerce,web,CA,78,306,0,0
1026,2024-02-12 18:00:00,14.75,restaurant,mobile,IN,30,55,0,0
1027,2024-02-12 19:00:00,122.13,ecommerce,mobile,CA,69,313,0,0
1028,2024-02-12 20:00:00,91.96,electronics,pos,US,67,437,0,0
1029,2024-02-12 21:00:00,269.74,ecommerce,pos,FR,74,274,0,0
1030,2024-02-12 22:00:00,25.58,fuel,pos,MX,51,417,0,0
1031,2024-02-12 23:00:00,234.86,electronics,atm,CA,39,384,0,0
1032,2024-02-13 00:00:00,55.82,fuel,web,US,53,298,1,0
1033,2024-02-13 01:00:00,26.98,restaurant,mobile,CA,84,585,1,0
1034,2024-02-13 02:00:00,18.38,ecommerce,web,CA,31,367,1,0
1035,2024-02-13 03:00:00,124.17,travel,pos,GB,62,483,1,0
1036,2024-02-13 04:00:00,37.18,ecommerce,atm,IN,33,385,1,0
1037,2024-02-13 05:00:00,35.91,ecommerce,web,CA,70,576,1,0
1038,2024-02-13 06:00:00,31.41,fuel,web,CA,46,259,0,0
1039,2024-02-13 07:00:00,8.89,grocery,pos,MX,76,113,0,0
1040,2024-02-13 08:00:00,14.92,grocery,pos,CA,29,109,0,0
1041,2024-02-13 09:00:00,54.9,travel,pos,GB,26,596,0,0
1042,2024-02-13 10:00:00,108.58,travel,web,CA,82,479,0,0
1043,2024-02-13 11:00:00,68.37,travel,web,CA,40,183,0,0
1044,2024-02-13 12:00:00,17.41,grocery,pos,MX,23,268,0,0
1045,2024-02-13 13:00:00,67.85,ecommerce,pos,IN,74,20,0,0
1046,2024-02-13 14:00:00,21.93,grocery,pos,CA,46,572,0,0
1047,2024-02-13 15:00:00,98.7,electronics,web,FR,80,262,0,0
1048,2024-02-13 16:00:00,10.0,restaurant,atm,CA,47,231,0,0
1049,2024-02-13 17:00:00,28.5,ecommerce,web,CA,69,147,0,0
1050,2024-02-13 18:00:00,856.66,travel,pos,CA,57,49,0,1
1051,2024-02-13 19:00:00,17.49,grocery,web,CA,50,458,0,0
1052,2024-02-13 20:00:00,9.02,ecommerce,atm,MX,51,133,0,0
1053,2024-02-13 21:00:00,44.57,grocery,mobile,CA,35,52,0,0
1054,2024-02-13 22:00:00,31.76,ecommerce,mobile,CA,68,588,0,0
1055,2024-02-13 23:00:00,169.99,travel,atm,CA,53,329,0,0
1056,2024-02-14 00:00:00,25.19,restaurant,mobile,GB,18,46,1,0
1057,2024-02-14 01:00:00,53.73,grocery,atm,IN,45,173,1,0
1058,2024-02-14 02:00:00,24.96,fuel,pos,CA,45,332,1,0
1059,2024-02-14 03:00:00,80.15,electronics,mobile,CA,78,124,1,1
1060,2024-02-14 04:00:00,76.71,restaurant,mobile,IN,47,595,1,1
1061,2024-02-14 05:00:00,18.54,travel,atm,CA,56,526,1,0
1062,2024-02-14 06:00:00,18.22,ecommerce,web,GB,23,532,0,0
1063,2024-02-14 07:00:00,64.96,travel,mobile,US,44,309,0,0
1064,2024-02-14 08:00:00,13.09,ecommerce,pos,FR,37,593,0,0
1065,2024-02-14 09:00:00,17.73,restaurant,web,CA,51,195,0,0
1066,2024-02-14 10:00:00,35.7,ecommerce,web,CA,79,333,0,0
1067,2024-02-14 11:00:00,236.28,electronics,web,CA,81,448,0,1
1068,2024-02-14 12:00:00,30.26,grocery,mobile,CA,37,303,0,0
1069,2024-02-14 13:00:00,49.58,ecommerce,pos,CA,59,512,0,0
1070,2024-02-14 14:00:00,19.39,restaurant,pos,IN,82,62,0,0
1071,2024-02-14 15:00:00,52.96,travel,pos,CA,33,265,0,0
1072,2024-02-14 16:00:00,60.86,fuel,mobile,CA,47,498,0,0
1073,2024-02-14 17:00:00,81.12,restaurant,mobile,CA,52,109,0,0
1074,2024-02-14 18:00:00,9.17,restaurant,mobile,CA,18,231,0,0
1075,2024-02-14 19:00:00,258.1,ecommerce,pos,CA,49,597,0,1
1076,2024-02-14 20:00:00,14.92,fuel,mobile,CA,26,368,0,0
1077,2024-02-14 21:00:00,13.87,fuel,mobile,GB,39,215,0,0
1078,2024-02-14 22:00:00,208.89,travel,pos,GB,25,218,0,0
1079,2024-02-14 23:00:00,99.6,ecommerce,pos,CA,68,123,0,0
1080,2024-02-15 00:00:00,56.33,ecommerce,web,GB,74,441,1,0
1081,2024-02-15 01:00:00,19.99,restaurant,web,CA,36,62,1,0
1082,2024-02-15 02:00:00,78.41,restaurant,pos,CA,20,125,1,0
1083,2024-02-15 03:00:00,15.58,restaurant,pos,IN,51,74,1,0
1084,2024-02-15 04:00:00,25.66,restaurant,pos,FR,25,453,1,0
1085,2024-02-15 05:00:00,451.33,electronics,pos,CA,47,566,1,1
1086,2024-02-15 06:00:00,29.5,electronics,pos,CA,54,52,0,0
1087,2024-02-15 07:00:00,65.04,electronics,mobile,CA,49,568,0,0
1088,2024-02-15 08:00:00,68.68,fuel,web,CA,53,550,0,0
1089,2024-02-15 09:00:00,43.91,fuel,web,MX,56,305,0,0
1090,2024-02-15 10:00:00,134.28,ecommerce,mobile,CA,29,22,0,0
1091,2024-02-15 11:00:00,41.5,travel,web,IN,64,415,0,0
1092,2024-02-15 12:00:00,80.18,ecommerce,pos,MX,63,315,0,0
1093,2024-02-15 13:00:00,46.46,ecommerce,pos,CA,27,500,0,0
1094,2024-02-15 14:00:00,1055.18,travel,pos,FR,47,177,0,1
1095,2024-02-15 15:00:00,124.43,ecommerce,web,MX,37,335,0,0
1096,2024-02-15 16:00:00,32.11,grocery,web,CA,45,536,0,0
1097,2024-02-15 17:00:00,127.12,electronics,web,CA,70,400,0,1
1098,2024-02-15 18:00:00,28.67,restaurant,web,FR,58,388,0,0
1099,2024-02-15 19:00:00,61.45,grocery,atm,IN,79,581,0,0
1100,2024-02-15 20:00:00,15.16,grocery,pos,CA,56,294,0,0
1101,2024-02-15 21:00:00,205.2,ecommerce,web,US,21,103,0,0
1102,2024-02-15 22:00:00,29.83,electronics,web,FR,66,586,0,0
1103,2024-02-15 23:00:00,118.19,electronics,mobile,IN,22,83,0,0
1104,2024-02-16 00:00:00,15.6,grocery,mobile,CA,41,331,1,0
1105,2024-02-16 01:00:00,102.14,electronics,mobile,CA,81,452,1,0
1106,2024-02-16 02:00:00,79.71,grocery,pos,FR,85,473,1,0
1107,2024-02-16 03:00:00,12.86,ecommerce,web,CA,28,422,1,0
1108,2024-02-16 04:00:00,23.44,restaurant,mobile,CA,84,255,1,0
1109,2024-02-16 05:00:00,8.97,grocery,web,US,84,111,1,0
1110,2024-02-16 06:00:00,25.48,grocery,atm,CA,77,22,0,0
1111,2024-02-16 07:00:00,16.4,ecommerce,web,MX,74,181,0,0
1112,2024-02-16 08:00:00,157.89,travel,web,CA,23,584,0,0
1113,2024-02-16 09:00:00,18.6,restaurant,web,GB,26,411,0,0
1114,2024-02-16 10:00:00,53.48,restaurant,web,CA,59,244,0,0
1115,2024-02-16 11:00:00,98.98,grocery,mobile,GB,24,297,0,0
1116,2024-02-16 12:00:00,33.07,grocery,pos,CA,35,200,0,0
1117,2024-02-16 13:00:00,219.66,electronics,web,CA,84,536,0,0
1118,2024-02-16 14:00:00,208.41,ecommerce,web,IN,79,272,0,0
1119,2024-02-16 15:00:00,11.91,restaurant,mobile,GB,35,503,0,0
1120,2024-02-16 16:00:00,496.6,travel,web,CA,54,30,0,0
1121,2024-02-16 17:00:00,31.69,grocery,atm,CA,54,292,0,0
1122,2024-02-16 18:00:00,40.74,electronics,mobile,US,35,362,0,0
1123,2024-02-16 19:00:00,42.85,grocery,pos,IN,34,400,0,0
1124,2024-02-16 20:00:00,56.28,ecommerce,mobile,CA,47,14,0,0
1125,2024-02-16 21:00:00,7.69,fuel,atm,IN,58,386,0,0
1126,2024-02-16 22:00:00,10.13,fuel,pos,CA,72,504,0,0
1127,2024-02-16 23:00:00,428.96,electronics,web,MX,75,55,0,1
1128,2024-02-17 00:00:00,175.39,travel,pos,CA,19,198,1,0
1129,2024-02-17 01:00:00,103.59,restaurant,mobile,CA,62,255,1,0
1130,2024-02-17 02:00:00,18.76,restaurant,pos,IN,59,152,1,0
1131,2024-02-17 03:00:00,13.27,fuel,mobile,CA,21,264,1,0
1132,2024-02-17 04:00:00,7.2,grocery,web,IN,74,536,1,0
1133,2024-02-17 05:00:00,234.85,electronics,web,CA,58,539,1,1
1134,2024-02-17 06:00:00,39.5,restaurant,pos,CA,66,361,0,0
1135,2024-02-17 07:00:00,41.62,ecommerce,mobile,IN,62,532,0,0
1136,2024-02-17 08:00:00,13.38,fuel,web,US,40,489,0,0
1137,2024-02-17 09:00:00,165.59,ecommerce,web,CA,31,34,0,0
1138,2024-02-17 10:00:00,27.93,grocery,pos,US,43,232,0,0
1139,2024-02-17 11:00:00,117.5,travel,pos,CA,69,507,0,0
1140,2024-02-17 12:00:00,34.97,ecommerce,web,FR,61,265,0,0
1141,2024-02-17 13:00:00,68.11,electronics,atm,CA,60,367,0,0
1142,2024-02-17 14:00:00,161.24,electronics,pos,CA,26,247,0,1
1143,2024-02-17 15:00:00,27.47,electronics,mobile,CA,18,9,0,0
1144,2024-02-17 16:00:00,64.58,ecommerce,pos,MX,63,339,0,0
1145,2024-02-17 17:00:00,141.93,ecommerce,mobile,IN,82,229,0,0
1146,2024-02-17 18:00:00,91.06,electronics,pos,FR,42,465,0,0
1147,2024-02-17 19:00:00,253.81,electronics,web,CA,48,533,0,0
1148,2024-02-17 20:00:00,91.23,fuel,web,CA,83,62,0,0
1149,2024-02-17 21:00:00,61.56,restaurant,pos,CA,33,215,0,0
1150,2024-02-17 22:00:00,20.2,grocery,pos,FR,53,236,0,0
1151,2024-02-17 23:00:00,26.44,restaurant,web,CA,23,406,0,0
1152,2024-02-18 00:00:00,44.72,grocery,web,US,35,238,1,0
1153,2024-02-18 01:00:00,21.46,grocery,atm,CA,43,339,1,0
1154,2024-02-18 02:00:00,17.36,fuel,web,IN,64,545,1,0
1155,2024-02-18 03:00:00,19.73,grocery,atm,CA,38,354,1,0
1156,2024-02-18 04:00:00,323.23,grocery,web,CA,49,59,1,1
1157,2024-02-18 05:00:00,25.67,grocery,pos,IN,38,288,1,0
1158,2024-02-18 06:00:00,157.14,ecommerce,pos,IN,27,532,0,0
1159,2024-02-18 07:00:00,44.94,electronics,web,US,71,289,0,1
1160,2024-02-18 08:00:00,151.53,grocery,pos,GB,63,590,0,0
1161,2024-02-18 09:00:00,97.08,travel,mobile,US,61,542,0,0
1162,2024-02-18 10:00:00,103.08,electronics,mobile,CA,57,158,0,0
1163,2024-02-18 11:00:00,6.29,grocery,web,CA,27,248,0,0
1164,2024-02-18 12:00:00,89.49,grocery,web,MX,53,111,0,0
1165,2024-02-18 13:00:00,90.63,restaurant,web,MX,66,115,0,0
1166,2024-02-18 14:00:00,33.76,electronics,web,CA,51,221,0,0
1167,2024-02-18 15:00:00,78.58,fuel,pos,CA,67,252,0,0
1168,2024-02-18 16:00:00,29.5,electronics,pos,MX,40,210,0,0
1169,2024-02-18 17:00:00,57.86,grocery,pos,CA,52,440,0,0
1170,2024-02-18 18:00:00,46.35,ecommerce,pos,MX,43,91,0,0
1171,2024-02-18 19:00:00,327.15,electronics,mobile,MX,85,285,0,1
1172,2024-02-18 20:00:00,75.16,ecommerce,pos,CA,30,534,0,0
1173,2024-02-18 21:00:00,227.26,electronics,pos,CA,37,439,0,1
1174,2024-02-18 22:00:00,83.17,fuel,atm,CA,64,122,0,0
1175,2024-02-18 23:00:00,75.63,electronics,atm,CA,21,144,0,0
1176,2024-02-19 00:00:00,26.6,fuel,web,US,52,556,1,0
1177,2024-02-19 01:00:00,22.09,ecommerce,web,MX,19,350,1,0
1178,2024-02-19 02:00:00,25.01,grocery,mobile,FR,53,528,1,1
1179,2024-02-19 03:00:00,185.59,grocery,pos,CA,39,519,1,0
1180,2024-02-19 04:00:00,194.03,electronics,web,MX,30,265,1,1
1181,2024-02-19 05:00:00,12.79,grocery,pos,CA,51,318,1,0
1182,2024-02-19 06:00:00,142.23,grocery,web,FR,40,221,0,0
1183,2024-02-19 07:00:00,46.49,grocery,atm,CA,23,382,0,0
1184,2024-02-19 08:00:00,69.17,grocery,mobile,US,54,390,0,0
1185,2024-02-19 09:00:00,152.82,electronics,atm,CA,56,407,0,0
1186,2024-02-19 10:00:00,87.63,ecommerce,mobile,CA,63,517,0,0
1187,2024-02-19 11:00:00,5.0,restaurant,web,IN,79,444,0,0
1188,2024-02-19 12:00:00,88.72,grocery,mobile,CA,65,61,0,0
1189,2024-02-19 13:00:00,17.95,travel,mobile,CA,72,210,0,0
1190,2024-02-19 14:00:00,68.12,fuel,web,US,62,342,0,0
1191,2024-02-19 15:00:00,65.69,ecommerce,pos,CA,63,376,0,0
1192,2024-02-19 16:00:00,57.9,restaurant,web,CA,71,519,0,0
1193,2024-02-19 17:00:00,31.48,restaurant,pos,CA,62,250,0,0
1194,2024-02-19 18:00:00,69.84,restaurant,web,CA,52,493,0,0
1195,2024-02-19 19:00:00,33.24,grocery,pos,FR,67,234,0,0
1196,2024-02-19 20:00:00,77.33,ecommerce,web,US,83,87,0,0
1197,2024-02-19 21:00:00,196.48,travel,pos,CA,51,285,0,0
1198,2024-02-19 22:00:00,325.74,ecommerce,pos,CA,33,89,0,0
1199,2024-02-19 23:00:00,168.69,electronics,web,FR,45,245,0,1
1200,2024-02-20 00:00:00,8.35,fuel,pos,FR,18,145,1,0
1201,2024-02-20 01:00:00,16.43,fuel,atm,CA,38,15,1,0
1202,2024-02-20 02:00:00,168.34,electronics,web,US,78,398,1,0
1203,2024-02-20 03:00:00,305.38,electronics,web,CA,24,445,1,0
1204,2024-02-20 04:00:00,17.1,grocery,pos,CA,78,79,1,0
1205,2024-02-20 05:00:00,245.93,grocery,mobile,FR,56,351,1,1
1206,2024-02-20 06:00:00,159.87,travel,web,FR,39,301,0,1
1207,2024-02-20 07:00:00,39.86,fuel,web,CA,50,82,0,0
1208,2024-02-20 08:00:00,19.43,ecommerce,pos,FR,77,365,0,0
1209,2024-02-20 09:00:00,163.9,ecommerce,mobile,MX,26,157,0,0
1210,2024-02-20 10:00:00,65.8,electronics,atm,GB,56,494,0,0
1211,2024-02-20 11:00:00,50.22,electronics,web,GB,36,367,0,0
1212,2024-02-20 12:00:00,20.52,fuel,pos,CA,54,67,0,0
1213,2024-02-20 13:00:00,208.47,ecommerce,pos,IN,71,311,0,0
1214,2024-02-20 14:00:00,91.33,ecommerce,pos,CA,80,70,0,0
1215,2024-02-20 15:00:00,12.26,fuel,mobile,CA,35,434,0,0
1216,2024-02-20 16:00:00,37.26,ecommerce,atm,CA,63,178,0,0
1217,2024-02-20 17:00:00,97.07,fuel,atm,GB,46,294,0,0
1218,2024-02-20 18:00:00,110.34,travel,mobile,CA,52,418,0,0
1219,2024-02-20 19:00:00,54.25,grocery,pos,CA,28,507,0,0
1220,2024-02-20 20:00:00,67.61,grocery,atm,GB,76,307,0,0
1221,2024-02-20 21:00:00,5.0,grocery,pos,CA,29,46,0,0
1222,2024-02-20 22:00:00,85.18,restaurant,pos,CA,20,155,0,0
1223,2024-02-20 23:00:00,63.38,travel,mobile,CA,69,368,0,0
1224,2024-02-21 00:00:00,23.68,grocery,pos,MX,45,25,1,0
1225,2024-02-21 01:00:00,109.1,restaurant,mobile,CA,22,223,1,0
1226,2024-02-21 02:00:00,100.39,fuel,atm,CA,64,194,1,1
1227,2024-02-21 03:00:00,42.54,fuel,mobile,CA,37,184,1,0
1228,2024-02-21 04:00:00,52.59,restaurant,mobile,IN,84,573,1,0
1229,2024-02-21 05:00:00,78.99,grocery,web,GB,84,567,1,0
1230,2024-02-21 06:00:00,118.66,grocery,pos,CA,55,539,0,0
1231,2024-02-21 07:00:00,554.44,travel,mobile,FR,50,519,0,1
1232,2024-02-21 08:00:00,36.09,grocery,web,FR,48,537,0,0
1233,2024-02-21 09:00:00,70.29,travel,atm,MX,59,110,0,0
1234,2024-02-21 10:00:00,26.04,grocery,pos,CA,79,236,0,0
1235,2024-02-21 11:00:00,36.73,grocery,pos,CA,61,34,0,0
1236,2024-02-21 12:00:00,31.23,grocery,web,MX,24,479,0,0
1237,2024-02-21 13:00:00,24.15,ecommerce,mobile,CA,31,521,0,0
1238,2024-02-21 14:00:00,48.54,grocery,mobile,CA,60,17,0,0
1239,2024-02-21 15:00:00,7.99,grocery,atm,CA,43,101,0,0
1240,2024-02-21 16:00:00,29.48,restaurant,pos,CA,50,101,0,0
1241,2024-02-21 17:00:00,68.71,ecommerce,web,US,45,557,0,0
1242,2024-02-21 18:00:00,66.62,ecommerce,pos,CA,58,475,0,0
1243,2024-02-21 19:00:00,70.48,grocery,pos,US,33,166,0,0
1244,2024-02-21 20:00:00,114.67,ecommerce,web,GB,23,27,0,0
1245,2024-02-21 21:00:00,443.95,ecommerce,web,CA,33,247,0,0
1246,2024-02-21 22:00:00,85.66,travel,web,CA,63,351,0,0
1247,2024-02-21 23:00:00,42.12,grocery,web,CA,59,27,0,0
1248,2024-02-22 00:00:00,33.13,restaurant,web,CA,73,281,1,0
1249,2024-02-22 01:00:00,31.76,restaurant,mobile,GB,25,323,1,0
1250,2024-02-22 02:00:00,10.49,grocery,pos,US,27,589,1,0
1251,2024-02-22 03:00:00,11.29,grocery,pos,FR,26,113,1,0
1252,2024-02-22 04:00:00,32.95,grocery,mobile,IN,56,110,1,0
1253,2024-02-22 05:00:00,33.05,travel,mobile,CA,56,259,1,0
1254,2024-02-22 06:00:00,24.25,grocery,mobile,MX,28,192,0,0
1255,2024-02-22 07:00:00,15.24,restaurant,pos,CA,48,552,0,0
1256,2024-02-22 08:00:00,75.16,electronics,web,CA,21,473,0,0
1257,2024-02-22 09:00:00,272.29,electronics,atm,CA,59,151,0,0
1258,2024-02-22 10:00:00,10.34,fuel,web,CA,56,201,0,0
1259,2024-02-22 11:00:00,59.72,restaurant,web,MX,19,381,0,0
1260,2024-02-22 12:00:00,19.59,grocery,atm,US,24,523,0,0
1261,2024-02-22 13:00:00,40.17,ecommerce,pos,CA,65,121,0,0
1262,2024-02-22 14:00:00,91.31,ecommerce,mobile,CA,79,177,0,0
1263,2024-02-22 15:00:00,21.33,restaurant,mobile,US,75,366,0,0
1264,2024-02-22 16:00:00,12.23,fuel,pos,MX,56,516,0,0
1265,2024-02-22 17:00:00,70.42,electronics,mobile,US,53,173,0,0
1266,2024-02-22 18:00:00,6.62,grocery,web,CA,72,280,0,0
1267,2024-02-22 19:00:00,38.47,restaurant,mobile,CA,75,409,0,0
1268,2024-02-22 20:00:00,5.0,fuel,atm,GB,79,255,0,0
1269,2024-02-22 21:00:00,60.71,fuel,mobile,MX,45,463,0,0
1270,2024-02-22 22:00:00,47.49,restaurant,pos,CA,50,309,0,0
1271,2024-02-22 23:00:00,253.81,ecommerce,mobile,CA,23,529,0,1
1272,2024-02-23 00:00:00,428.02,ecommerce,atm,CA,29,365,1,0
1273,2024-02-23 01:00:00,316.87,travel,web,US,43,552,1,1
1274,2024-02-23 02:00:00,18.63,grocery,web,CA,73,516,1,0
1275,2024-02-23 03:00:00,424.4,ecommerce,pos,US,48,145,1,0
1276,2024-02-23 04:00:00,11.19,grocery,mobile,IN,57,539,1,0
1277,2024-02-23 05:00:00,5.91,grocery,pos,CA,76,77,1,0
1278,2024-02-23 06:00:00,144.61,restaurant,pos,CA,50,169,0,0
1279,2024-02-23 07:00:00,234.56,travel,atm,CA,40,29,0,0
1280,2024-02-23 08:00:00,11.1,ecommerce,atm,CA,67,62,0,0
1281,2024-02-23 09:00:00,17.73,ecommerce,atm,IN,39,432,0,0
1282,2024-02-23 10:00:00,98.64,ecommerce,web,IN,44,66,0,0
1283,2024-02-23 11:00:00,62.38,travel,pos,CA,78,112,0,0
1284,2024-02-23 12:00:00,14.2,restaurant,web,FR,47,245,0,0
1285,2024-02-23 13:00:00,160.23,restaurant,pos,CA,35,480,0,0
1286,2024-02-23 14:00:00,415.17,ecommerce,mobile,US,74,487,0,0
1287,2024-02-23 15:00:00,68.54,ecommerce,web,MX,61,579,0,0
1288,2024-02-23 16:00:00,23.84,fuel,web,CA,70,33,0,0
1289,2024-02-23 17:00:00,61.5,fuel,pos,CA,40,88,0,0
1290,2024-02-23 18:00:00,16.47,fuel,web,US,71,239,0,0
1291,2024-02-23 19:00:00,18.34,travel,mobile,CA,82,170,0,0
1292,2024-02-23 20:00:00,5.0,fuel,mobile,IN,29,58,0,0
1293,2024-02-23 21:00:00,56.21,ecommerce,pos,CA,30,314,0,0
1294,2024-02-23 22:00:00,132.82,ecommerce,pos,CA,56,281,0,0
1295,2024-02-23 23:00:00,60.93,ecommerce,web,IN,67,258,0,0
1296,2024-02-24 00:00:00,67.91,grocery,pos,CA,18,13,1,1
1297,2024-02-24 01:00:00,74.29,grocery,atm,CA,55,255,1,0
1298,2024-02-24 02:00:00,342.14,electronics,mobile,CA,26,275,1,0
1299,2024-02-24 03:00:00,71.02,ecommerce,pos,CA,84,130,1,0
1300,2024-02-24 04:00:00,41.99,grocery,mobile,CA,67,477,1,0
1301,2024-02-24 05:00:00,26.41,fuel,web,CA,85,534,1,0
1302,2024-02-24 06:00:00,77.88,electronics,pos,CA,32,558,0,0
1303,2024-02-24 07:00:00,14.59,ecommerce,web,CA,71,409,0,0
1304,2024-02-24 08:00:00,282.19,electronics,pos,FR,43,406,0,0
1305,2024-02-24 09:00:00,19.33,restaurant,web,IN,25,92,0,0
1306,2024-02-24 10:00:00,91.78,travel,mobile,CA,50,236,0,0
1307,2024-02-24 11:00:00,83.83,travel,atm,IN,49,2,0,0
1308,2024-02-24 12:00:00,9.8,grocery,pos,FR,52,336,0,0
1309,2024-02-24 13:00:00,25.28,restaurant,mobile,IN,76,458,0,0
1310,2024-02-24 14:00:00,95.59,ecommerce,pos,MX,37,402,0,0
1311,2024-02-24 15:00:00,14.47,restaurant,web,CA,61,9,0,0
1312,2024-02-24 16:00:00,69.46,fuel,pos,CA,31,334,0,0
1313,2024-02-24 17:00:00,23.51,grocery,web,FR,77,529,0,0
1314,2024-02-24 18:00:00,8.25,grocery,pos,CA,49,61,0,0
1315,2024-02-24 19:00:00,338.36,electronics,atm,FR,72,318,0,1
1316,2024-02-24 20:00:00,32.64,fuel,mobile,MX,36,150,0,0
1317,2024-02-24 21:00:00,71.25,grocery,pos,CA,39,558,0,0
1318,2024-02-24 22:00:00,218.32,electronics,mobile,CA,84,330,0,0
1319,2024-02-24 23:00:00,11.65,restaurant,pos,IN,31,463,0,0
1320,2024-02-25 00:00:00,17.07,fuel,mobile,CA,56,315,1,0
1321,2024-02-25 01:00:00,69.25,fuel,pos,MX,39,537,1,0
1322,2024-02-25 02:00:00,170.86,grocery,pos,IN,44,172,1,0
1323,2024-02-25 03:00:00,104.04,electronics,mobile,CA,65,447,1,0
1324,2024-02-25 04:00:00,34.15,ecommerce,web,CA,71,258,1,0
1325,2024-02-25 05:00:00,124.08,restaurant,web,CA,50,346,1,0
1326,2024-02-25 06:00:00,34.17,ecommerce,web,FR,61,412,0,0
1327,2024-02-25 07:00:00,36.71,fuel,pos,CA,20,104,0,0
1328,2024-02-25 08:00:00,40.87,ecommerce,pos,CA,33,521,0,0
1329,2024-02-25 09:00:00,41.73,grocery,web,CA,68,437,0,0
1330,2024-02-25 10:00:00,41.97,electronics,web,CA,63,245,0,0
1331,2024-02-25 11:00:00,19.49,fuel,pos,CA,21,355,0,0
1332,2024-02-25 12:00:00,15.52,fuel,web,CA,78,398,0,0
1333,2024-02-25 13:00:00,49.54,restaurant,web,FR,45,273,0,0
1334,2024-02-25 14:00:00,31.62,restaurant,mobile,CA,38,381,0,0
1335,2024-02-25 15:00:00,60.28,restaurant,mobile,GB,49,335,0,0
1336,2024-02-25 16:00:00,15.58,grocery,web,IN,44,468,0,0
1337,2024-02-25 17:00:00,113.15,travel,web,US,52,139,0,1
1338,2024-02-25 18:00:00,47.91,restaurant,web,US,29,2,0,0
1339,2024-02-25 19:00:00,130.08,ecommerce,pos,CA,27,243,0,0
1340,2024-02-25 20:00:00,8.92,grocery,pos,US,85,495,0,0
1341,2024-02-25 21:00:00,130.82,electronics,pos,CA,68,74,0,0
1342,2024-02-25 22:00:00,13.13,fuel,mobile,CA,42,517,0,0
1343,2024-02-25 23:00:00,61.88,fuel,pos,US,75,246,0,0
1344,2024-02-26 00:00:00,145.66,restaurant,mobile,CA,72,125,1,0
1345,2024-02-26 01:00:00,13.01,travel,web,CA,65,280,1,0
1346,2024-02-26 02:00:00,33.28,ecommerce,web,US,67,487,1,0
1347,2024-02-26 03:00:00,76.15,ecommerce,mobile,CA,82,515,1,0
1348,2024-02-26 04:00:00,59.85,ecommerce,mobile,CA,74,368,1,0
1349,2024-02-26 05:00:00,76.31,grocery,pos,CA,35,316,1,0
1350,2024-02-26 06:00:00,105.52,electronics,mobile,CA,67,484,0,0
1351,2024-02-26 07:00:00,61.01,electronics,web,CA,28,546,0,0
1352,2024-02-26 08:00:00,23.98,ecommerce,pos,CA,52,478,0,0
1353,2024-02-26 09:00:00,20.61,ecommerce,mobile,CA,22,581,0,0
1354,2024-02-26 10:00:00,13.99,restaurant,mobile,US,29,499,0,0
1355,2024-02-26 11:00:00,19.7,grocery,pos,IN,67,29,0,0
1356,2024-02-26 12:00:00,38.56,fuel,atm,US,43,11,0,0
1357,2024-02-26 13:00:00,23.71,fuel,mobile,CA,29,358,0,0
1358,2024-02-26 14:00:00,54.71,electronics,web,US,84,575,0,0
1359,2024-02-26 15:00:00,13.21,grocery,pos,FR,81,179,0,0
1360,2024-02-26 16:00:00,72.52,travel,pos,IN,33,580,0,0
1361,2024-02-26 17:00:00,36.15,ecommerce,web,CA,58,511,0,0
1362,2024-02-26 18:00:00,69.61,travel,mobile,CA,37,84,0,0
1363,2024-02-26 19:00:00,60.04,grocery,web,CA,72,296,0,0
1364,2024-02-26 20:00:00,93.51,fuel,mobile,GB,64,132,0,0
1365,2024-02-26 21:00:00,9.47,fuel,pos,CA,47,46,0,0
1366,2024-02-26 22:00:00,89.7,grocery,mobile,FR,81,415,0,0
1367,2024-02-26 23:00:00,61.14,grocery,mobile,CA,67,129,0,0
1368,2024-02-27 00:00:00,38.52,grocery,mobile,US,28,336,1,0
1369,2024-02-27 01:00:00,237.3,ecommerce,mobile,CA,48,405,1,0
1370,2024-02-27 02:00:00,28.1,grocery,mobile,CA,74,259,1,0
1371,2024-02-27 03:00:00,39.2,restaurant,pos,CA,54,47,1,0
1372,2024-02-27 04:00:00,67.13,ecommerce,mobile,MX,24,41,1,0
1373,2024-02-27 05:00:00,102.74,electronics,atm,CA,70,227,1,0
1374,2024-02-27 06:00:00,41.26,restaurant,web,CA,50,25,0,0
1375,2024-02-27 07:00:00,34.16,grocery,pos,MX,34,523,0,0
1376,2024-02-27 08:00:00,207.64,travel,atm,IN,73,99,0,0
1377,2024-02-27 09:00:00,14.94,restaurant,pos,GB,78,17,0,0
1378,2024-02-27 10:00:00,76.83,travel,pos,MX,57,84,0,0
1379,2024-02-27 11:00:00,32.73,ecommerce,pos,CA,66,418,0,0
1380,2024-02-27 12:00:00,43.25,ecommerce,web,FR,34,353,0,0
1381,2024-02-27 13:00:00,81.54,grocery,web,CA,68,405,0,0
1382,2024-02-27 14:00:00,18.01,fuel,web,IN,79,208,0,0
1383,2024-02-27 15:00:00,49.11,restaurant,atm,GB,34,192,0,0
1384,2024-02-27 16:00:00,34.67,restaurant,web,CA,82,403,0,0
1385,2024-02-27 17:00:00,22.02,grocery,web,CA,24,67,0,0
1386,2024-02-27 18:00:00,319.27,electronics,mobile,MX,48,236,0,0
1387,2024-02-27 19:00:00,116.49,ecommerce,mobile,MX,22,61,0,0
1388,2024-02-27 20:00:00,27.34,restaurant,pos,US,48,254,0,0
1389,2024-02-27 21:00:00,30.45,grocery,pos,IN,61,582,0,0
1390,2024-02-27 22:00:00,29.7,restaurant,web,CA,77,510,0,0
1391,2024-02-27 23:00:00,24.81,electronics,mobile,CA,28,406,0,0
1392,2024-02-28 00:00:00,15.59,grocery,web,US,78,395,1,0
1393,2024-02-28 01:00:00,49.67,grocery,pos,CA,85,225,1,1
1394,2024-02-28 02:00:00,23.65,electronics,mobile,US,22,423,1,0
1395,2024-02-28 03:00:00,16.72,grocery,mobile,FR,83,500,1,0
1396,2024-02-28 04:00:00,19.17,fuel,web,CA,79,336,1,0
1397,2024-02-28 05:00:00,372.46,restaurant,mobile,FR,19,62,1,1
1398,2024-02-28 06:00:00,50.06,fuel,mobile,GB,22,417,0,0
1399,2024-02-28 07:00:00,161.24,ecommerce,mobile,CA,67,76,0,0
1400,2024-02-28 08:00:00,13.23,fuel,mobile,FR,46,194,0,0
1401,2024-02-28 09:00:00,45.38,grocery,mobile,GB,35,118,0,0
1402,2024-02-28 10:00:00,5.6,restaurant,web,CA,45,30,0,0
1403,2024-02-28 11:00:00,44.6,ecommerce,web,CA,41,458,0,0
1404,2024-02-28 12:00:00,51.62,grocery,mobile,CA,84,387,0,0
1405,2024-02-28 13:00:00,16.77,ecommerce,web,US,34,245,0,0
1406,2024-02-28 14:00:00,38.89,restaurant,web,CA,24,229,0,0
1407,2024-02-28 15:00:00,50.28,grocery,pos,CA,74,386,0,0
1408,2024-02-28 16:00:00,15.87,restaurant,mobile,IN,75,319,0,0
1409,2024-02-28 17:00:00,46.36,electronics,mobile,MX,78,139,0,0
1410,2024-02-28 18:00:00,51.63,electronics,pos,MX,84,288,0,0
1411,2024-02-28 19:00:00,19.98,restaurant,web,IN,20,467,0,0
1412,2024-02-28 20:00:00,20.53,restaurant,pos,CA,70,331,0,0
1413,2024-02-28 21:00:00,43.19,restaurant,atm,CA,36,481,0,0
1414,2024-02-28 22:00:00,20.25,grocery,mobile,US,46,305,0,0
1415,2024-02-28 23:00:00,415.59,electronics,web,CA,48,248,0,0
1416,2024-02-29 00:00:00,114.69,fuel,web,CA,85,446,1,0
1417,2024-02-29 01:00:00,33.77,fuel,mobile,GB,53,125,1,0
1418,2024-02-29 02:00:00,20.02,restaurant,web,CA,33,376,1,0
1419,2024-02-29 03:00:00,16.89,restaurant,atm,CA,23,378,1,0
1420,2024-02-29 04:00:00,130.7,electronics,pos,US,58,166,1,0
1421,2024-02-29 05:00:00,42.5,fuel,pos,US,74,153,1,0
1422,2024-02-29 06:00:00,22.78,fuel,web,CA,66,50,0,0
1423,2024-02-29 07:00:00,42.16,ecommerce,pos,CA,81,89,0,0
1424,2024-02-29 08:00:00,82.5,ecommerce,web,FR,20,57,0,0
1425,2024-02-29 09:00:00,63.91,ecommerce,mobile,IN,45,370,0,0
1426,2024-02-29 10:00:00,19.58,grocery,pos,CA,59,73,0,0
1427,2024-02-29 11:00:00,36.27,grocery,web,CA,76,308,0,0
1428,2024-02-29 12:00:00,57.0,electronics,mobile,US,39,66,0,0
1429,2024-02-29 13:00:00,13.88,fuel,mobile,CA,63,470,0,0
1430,2024-02-29 14:00:00,27.18,restaurant,web,CA,32,407,0,0
1431,2024-02-29 15:00:00,81.38,travel,pos,CA,58,175,0,0
1432,2024-02-29 16:00:00,16.94,grocery,web,CA,70,441,0,0
1433,2024-02-29 17:00:00,83.96,grocery,web,CA,73,135,0,0
1434,2024-02-29 18:00:00,23.02,grocery,mobile,CA,48,381,0,0
1435,2024-02-29 19:00:00,143.43,restaurant,web,FR,50,384,0,0
1436,2024-02-29 20:00:00,57.58,grocery,pos,CA,77,262,0,0
1437,2024-02-29 21:00:00,13.04,fuel,mobile,CA,55,421,0,0
1438,2024-02-29 22:00:00,77.53,restaurant,web,CA,41,569,0,0
1439,2024-02-29 23:00:00,14.32,restaurant,pos,FR,36,248,0,0
1440,2024-03-01 00:00:00,354.72,ecommerce,web,CA,66,170,1,1
1441,2024-03-01 01:00:00,40.16,grocery,atm,CA,66,265,1,0
1442,2024-03-01 02:00:00,53.38,grocery,mobile,US,54,341,1,0
1443,2024-03-01 03:00:00,33.68,grocery,pos,MX,28,74,1,0
1444,2024-03-01 04:00:00,41.62,grocery,mobile,GB,28,576,1,0
1445,2024-03-01 05:00:00,22.21,fuel,pos,CA,34,282,1,0
1446,2024-03-01 06:00:00,11.87,restaurant,web,CA,18,579,0,0
1447,2024-03-01 07:00:00,37.06,fuel,web,CA,50,577,0,0
1448,2024-03-01 08:00:00,343.3,travel,pos,US,46,38,0,1
1449,2024-03-01 09:00:00,11.22,grocery,pos,CA,44,68,0,0
1450,2024-03-01 10:00:00,393.16,electronics,atm,CA,81,109,0,0
1451,2024-03-01 11:00:00,234.47,travel,pos,CA,34,341,0,0
1452,2024-03-01 12:00:00,18.42,restaurant,mobile,IN,73,212,0,0
1453,2024-03-01 13:00:00,18.13,restaurant,mobile,CA,31,11,0,0
1454,2024-03-01 14:00:00,321.52,ecommerce,web,CA,59,339,0,0
1455,2024-03-01 15:00:00,76.25,grocery,pos,IN,76,195,0,0
1456,2024-03-01 16:00:00,167.56,ecommerce,pos,MX,74,506,0,0
1457,2024-03-01 17:00:00,47.91,ecommerce,pos,US,58,457,0,0
1458,2024-03-01 18:00:00,45.01,restaurant,web,US,32,507,0,0
1459,2024-03-01 19:00:00,82.25,ecommerce,atm,CA,43,340,0,0
1460,2024-03-01 20:00:00,83.98,electronics,mobile,GB,46,418,0,0
1461,2024-03-01 21:00:00,30.12,fuel,pos,CA,75,48,0,0
1462,2024-03-01 22:00:00,88.96,grocery,pos,IN,43,456,0,0
1463,2024-03-01 23:00:00,253.39,ecommerce,pos,CA,74,271,0,0
1464,2024-03-02 00:00:00,108.85,travel,atm,US,82,2,1,1
1465,2024-03-02 01:00:00,41.87,travel,pos,CA,25,47,1,0
1466,2024-03-02 02:00:00,263.63,ecommerce,pos,CA,81,185,1,1
1467,2024-03-02 03:00:00,266.63,ecommerce,web,CA,56,224,1,1
1468,2024-03-02 04:00:00,140.91,electronics,web,GB,58,125,1,1
1469,2024-03-02 05:00:00,164.44,grocery,pos,CA,38,462,1,0
1470,2024-03-02 06:00:00,36.66,restaurant,mobile,IN,40,268,0,0
1471,2024-03-02 07:00:00,14.45,grocery,pos,CA,54,155,0,0
1472,2024-03-02 08:00:00,10.06,grocery,pos,US,31,404,0,0
1473,2024-03-02 09:00:00,8.31,fuel,pos,US,66,272,0,0
1474,2024-03-02 10:00:00,27.41,fuel,web,CA,63,468,0,0
1475,2024-03-02 11:00:00,17.94,fuel,atm,US,18,300,0,0
1476,2024-03-02 12:00:00,35.67,ecommerce,web,MX,32,450,0,0
1477,2024-03-02 13:00:00,24.79,restaurant,mobile,US,52,512,0,0
1478,2024-03-02 14:00:00,59.09,fuel,pos,US,68,47,0,0
1479,2024-03-02 15:00:00,16.69,fuel,mobile,US,37,73,0,0
1480,2024-03-02 16:00:00,31.55,ecommerce,atm,CA,78,439,0,0
1481,2024-03-02 17:00:00,21.25,grocery,web,CA,54,330,0,0
1482,2024-03-02 18:00:00,312.66,travel,atm,CA,54,144,0,1
1483,2024-03-02 19:00:00,56.39,ecommerce,mobile,US,25,18,0,0
1484,2024-03-02 20:00:00,175.6,travel,mobile,IN,60,574,0,0
1485,2024-03-02 21:00:00,132.54,grocery,pos,CA,73,56,0,0
1486,2024-03-02 22:00:00,352.76,restaurant,mobile,CA,32,278,0,1
1487,2024-03-02 23:00:00,48.58,fuel,web,CA,54,132,0,0
1488,2024-03-03 00:00:00,44.44,restaurant,atm,US,18,237,1,0
1489,2024-03-03 01:00:00,9.4,fuel,atm,MX,32,432,1,0
1490,2024-03-03 02:00:00,45.64,grocery,web,MX,22,305,1,1
1491,2024-03-03 03:00:00,103.92,electronics,atm,MX,70,24,1,0
1492,2024-03-03 04:00:00,304.7,travel,mobile,GB,85,52,1,1
1493,2024-03-03 05:00:00,69.07,electronics,web,CA,20,567,1,0
1494,2024-03-03 06:00:00,71.95,ecommerce,pos,CA,65,151,0,0
1495,2024-03-03 07:00:00,235.33,travel,pos,CA,58,257,0,0
1496,2024-03-03 08:00:00,150.74,restaurant,pos,IN,65,472,0,0
1497,2024-03-03 09:00:00,557.62,travel,pos,GB,52,504,0,1
1498,2024-03-03 10:00:00,187.69,ecommerce,atm,CA,85,170,0,0
1499,2024-03-03 11:00:00,262.62,travel,pos,CA,20,133,0,0
1500,2024-03-03 12:00:00,92.58,travel,mobile,CA,28,262,0,0
1501,2024-03-03 13:00:00,52.5,restaurant,mobile,IN,34,203,0,0
1502,2024-03-03 14:00:00,29.97,ecommerce,mobile,CA,71,421,0,0
1503,2024-03-03 15:00:00,49.88,ecommerce,pos,US,23,436,0,0
1504,2024-03-03 16:00:00,487.03,electronics,web,CA,26,156,0,1
1505,2024-03-03 17:00:00,44.3,fuel,web,US,67,227,0,0
1506,2024-03-03 18:00:00,120.55,electronics,web,US,46,439,0,0
1507,2024-03-03 19:00:00,37.6,fuel,pos,CA,65,305,0,0
1508,2024-03-03 20:00:00,30.11,grocery,mobile,GB,42,331,0,0
1509,2024-03-03 21:00:00,14.12,electronics,pos,CA,24,486,0,0
1510,2024-03-03 22:00:00,10.5,grocery,web,GB,58,391,0,0
1511,2024-03-03 23:00:00,57.09,grocery,web,CA,25,391,0,0
1512,2024-03-04 00:00:00,59.61,travel,pos,US,50,289,1,0
1513,2024-03-04 01:00:00,89.21,electronics,mobile,CA,77,502,1,0
1514,2024-03-04 02:00:00,9.04,restaurant,pos,US,30,13,1,0
1515,2024-03-04 03:00:00,31.45,ecommerce,atm,CA,31,51,1,0
1516,2024-03-04 04:00:00,32.63,grocery,mobile,US,82,406,1,0
1517,2024-03-04 05:00:00,62.7,restaurant,web,CA,38,365,1,0
1518,2024-03-04 06:00:00,90.11,grocery,pos,CA,43,168,0,0
1519,2024-03-04 07:00:00,16.91,grocery,pos,GB,64,361,0,0
1520,2024-03-04 08:00:00,79.15,ecommerce,atm,CA,26,64,0,0
1521,2024-03-04 09:00:00,7.57,fuel,web,CA,22,364,0,0
1522,2024-03-04 10:00:00,28.72,restaurant,pos,US,75,217,0,0
1523,2024-03-04 11:00:00,231.78,electronics,web,CA,82,353,0,0
1524,2024-03-04 12:00:00,92.52,electronics,pos,FR,85,204,0,0
1525,2024-03-04 13:00:00,107.05,grocery,web,CA,19,435,0,0
1526,2024-03-04 14:00:00,127.55,ecommerce,web,IN,54,67,0,0
1527,2024-03-04 15:00:00,33.92,fuel,pos,FR,75,507,0,0
1528,2024-03-04 16:00:00,26.17,grocery,mobile,CA,75,297,0,0
1529,2024-03-04 17:00:00,37.13,ecommerce,pos,CA,42,137,0,0
1530,2024-03-04 18:00:00,16.17,ecommerce,web,MX,51,578,0,0
1531,2024-03-04 19:00:00,10.21,grocery,mobile,GB,28,62,0,0
1532,2024-03-04 20:00:00,66.84,fuel,atm,CA,27,322,0,0
1533,2024-03-04 21:00:00,383.79,electronics,web,CA,43,44,0,0
1534,2024-03-04 22:00:00,12.38,grocery,atm,CA,33,540,0,0
1535,2024-03-04 23:00:00,29.03,fuel,web,GB,84,95,0,0
1536,2024-03-05 00:00:00,23.83,electronics,mobile,MX,23,151,1,0
1537,2024-03-05 01:00:00,40.8,electronics,pos,CA,53,394,1,0
1538,2024-03-05 02:00:00,124.17,electronics,mobile,CA,55,531,1,0
1539,2024-03-05 03:00:00,17.12,fuel,pos,GB,22,250,1,0
1540,2024-03-05 04:00:00,17.52,electronics,atm,IN,47,156,1,0
1541,2024-03-05 05:00:00,282.11,ecommerce,atm,CA,82,210,1,0
1542,2024-03-05 06:00:00,57.46,ecommerce,web,CA,25,551,0,0
1543,2024-03-05 07:00:00,12.12,grocery,web,CA,27,546,0,0
1544,2024-03-05 08:00:00,30.63,fuel,web,US,29,73,0,0
1545,2024-03-05 09:00:00,55.84,ecommerce,pos,CA,21,541,0,0
1546,2024-03-05 10:00:00,87.79,ecommerce,mobile,CA,78,505,0,0
1547,2024-03-05 11:00:00,72.38,electronics,mobile,GB,21,323,0,0
1548,2024-03-05 12:00:00,79.69,ecommerce,web,CA,37,153,0,0
1549,2024-03-05 13:00:00,140.41,ecommerce,pos,CA,74,275,0,0
1550,2024-03-05 14:00:00,10.0,grocery,atm,CA,85,465,0,0
1551,2024-03-05 15:00:00,32.18,ecommerce,pos,CA,28,162,0,0
1552,2024-03-05 16:00:00,127.82,ecommerce,web,CA,42,206,0,0
1553,2024-03-05 17:00:00,36.56,ecommerce,pos,CA,30,276,0,0
1554,2024-03-05 18:00:00,55.8,ecommerce,pos,CA,31,40,0,0
1555,2024-03-05 19:00:00,64.36,electronics,pos,CA,82,246,0,0
1556,2024-03-05 20:00:00,18.91,restaurant,web,FR,40,80,0,0
1557,2024-03-05 21:00:00,17.52,fuel,mobile,FR,59,4,0,0
1558,2024-03-05 22:00:00,43.97,travel,web,CA,28,232,0,0
1559,2024-03-05 23:00:00,41.27,restaurant,mobile,US,37,455,0,0
1560,2024-03-06 00:00:00,71.02,restaurant,mobile,CA,42,590,1,0
1561,2024-03-06 01:00:00,116.45,travel,pos,GB,57,263,1,1
1562,2024-03-06 02:00:00,64.16,restaurant,pos,FR,79,453,1,0
1563,2024-03-06 03:00:00,17.55,restaurant,web,US,34,133,1,0
1564,2024-03-06 04:00:00,59.9,electronics,mobile,US,61,382,1,1
1565,2024-03-06 05:00:00,39.51,fuel,web,CA,51,400,1,0
1566,2024-03-06 06:00:00,48.13,grocery,pos,CA,72,199,0,0
1567,2024-03-06 07:00:00,29.6,grocery,mobile,CA,40,269,0,0
1568,2024-03-06 08:00:00,50.19,fuel,pos,CA,46,402,0,0
1569,2024-03-06 09:00:00,8.57,fuel,mobile,MX,60,188,0,0
1570,2024-03-06 10:00:00,45.68,ecommerce,pos,CA,48,362,0,0
1571,2024-03-06 11:00:00,65.05,fuel,mobile,CA,69,138,0,0
1572,2024-03-06 12:00:00,64.89,fuel,web,US,18,321,0,0
1573,2024-03-06 13:00:00,208.56,electronics,mobile,GB,41,35,0,0
1574,2024-03-06 14:00:00,82.09,grocery,pos,US,29,268,0,0
1575,2024-03-06 15:00:00,42.95,ecommerce,web,CA,27,302,0,0
1576,2024-03-06 16:00:00,21.18,electronics,pos,FR,21,497,0,0
1577,2024-03-06 17:00:00,21.63,restaurant,mobile,CA,42,225,0,0
1578,2024-03-06 18:00:00,48.39,restaurant,pos,US,32,3,0,0
1579,2024-03-06 19:00:00,56.06,restaurant,pos,CA,69,24,0,0
1580,2024-03-06 20:00:00,17.0,restaurant,mobile,CA,52,324,0,0
1581,2024-03-06 21:00:00,25.13,ecommerce,pos,IN,71,488,0,0
1582,2024-03-06 22:00:00,27.49,ecommerce,pos,CA,78,535,0,0
1583,2024-03-06 23:00:00,36.82,ecommerce,mobile,CA,71,485,0,0
1584,2024-03-07 00:00:00,24.75,travel,mobile,CA,46,204,1,0
1585,2024-03-07 01:00:00,16.99,restaurant,mobile,IN,84,294,1,1
1586,2024-03-07 02:00:00,62.7,ecommerce,pos,FR,44,533,1,0
1587,2024-03-07 03:00:00,25.0,fuel,web,CA,74,504,1,0
1588,2024-03-07 04:00:00,44.61,ecommerce,mobile,US,29,272,1,0
1589,2024-03-07 05:00:00,17.62,grocery,pos,CA,83,289,1,0
1590,2024-03-07 06:00:00,19.56,grocery,mobile,MX,38,41,0,1
1591,2024-03-07 07:00:00,19.88,grocery,pos,CA,60,101,0,0
1592,2024-03-07 08:00:00,51.51,restaurant,atm,CA,42,318,0,0
1593,2024-03-07 09:00:00,60.01,ecommerce,mobile,US,33,311,0,0
1594,2024-03-07 10:00:00,1699.25,electronics,web,IN,40,345,0,1
1595,2024-03-07 11:00:00,72.87,electronics,web,CA,59,187,0,0
1596,2024-03-07 12:00:00,48.58,grocery,pos,CA,25,136,0,0
1597,2024-03-07 13:00:00,24.78,grocery,pos,IN,31,271,0,0
1598,2024-03-07 14:00:00,72.74,electronics,mobile,CA,80,528,0,0
1599,2024-03-07 15:00:00,245.05,ecommerce,web,CA,23,583,0,0
1600,2024-03-07 16:00:00,67.0,restaurant,web,CA,67,31,0,0
1601,2024-03-07 17:00:00,6.75,grocery,pos,CA,38,213,0,0
1602,2024-03-07 18:00:00,54.38,travel,mobile,CA,39,313,0,0
1603,2024-03-07 19:00:00,86.94,electronics,web,CA,42,129,0,0
1604,2024-03-07 20:00:00,37.71,ecommerce,pos,CA,44,212,0,0
1605,2024-03-07 21:00:00,15.45,ecommerce,atm,CA,66,77,0,0
1606,2024-03-07 22:00:00,30.3,restaurant,web,FR,72,278,0,0
1607,2024-03-07 23:00:00,11.08,ecommerce,web,CA,42,531,0,0
1608,2024-03-08 00:00:00,67.32,ecommerce,atm,MX,29,558,1,1
1609,2024-03-08 01:00:00,115.85,ecommerce,web,CA,18,8,1,0
1610,2024-03-08 02:00:00,131.73,ecommerce,atm,CA,67,382,1,0
1611,2024-03-08 03:00:00,86.31,electronics,mobile,CA,80,545,1,0
1612,2024-03-08 04:00:00,382.8,electronics,mobile,CA,20,461,1,0
1613,2024-03-08 05:00:00,80.95,ecommerce,pos,US,58,37,1,0
1614,2024-03-08 06:00:00,210.4,electronics,pos,CA,32,234,0,0
1615,2024-03-08 07:00:00,16.89,grocery,web,US,32,452,0,0
1616,2024-03-08 08:00:00,128.85,grocery,pos,IN,74,588,0,0
1617,2024-03-08 09:00:00,27.23,fuel,pos,CA,35,176,0,0
1618,2024-03-08 10:00:00,112.84,restaurant,web,IN,38,170,0,0
1619,2024-03-08 11:00:00,111.22,grocery,mobile,CA,26,150,0,0
1620,2024-03-08 12:00:00,41.31,grocery,pos,CA,79,537,0,0
1621,2024-03-08 13:00:00,39.33,fuel,mobile,CA,79,108,0,0
1622,2024-03-08 14:00:00,83.58,electronics,atm,GB,80,219,0,0
1623,2024-03-08 15:00:00,15.67,grocery,mobile,MX,33,80,0,0
1624,2024-03-08 16:00:00,102.62,ecommerce,mobile,IN,30,564,0,0
1625,2024-03-08 17:00:00,160.36,electronics,mobile,MX,81,39,0,0
1626,2024-03-08 18:00:00,13.99,ecommerce,pos,CA,59,304,0,0
1627,2024-03-08 19:00:00,30.41,grocery,web,FR,35,93,0,0
1628,2024-03-08 20:00:00,71.55,grocery,atm,IN,21,244,0,0
1629,2024-03-08 21:00:00,224.63,ecommerce,mobile,GB,72,353,0,0
1630,2024-03-08 22:00:00,52.44,fuel,mobile,US,72,419,0,0
1631,2024-03-08 23:00:00,6.97,restaurant,atm,GB,18,342,0,0
1632,2024-03-09 00:00:00,52.84,travel,pos,CA,50,256,1,0
1633,2024-03-09 01:00:00,71.98,electronics,pos,FR,50,168,1,0
1634,2024-03-09 02:00:00,96.14,restaurant,mobile,IN,49,482,1,1
1635,2024-03-09 03:00:00,34.78,ecommerce,pos,US,43,408,1,0
1636,2024-03-09 04:00:00,155.72,ecommerce,web,CA,40,403,1,1
1637,2024-03-09 05:00:00,15.58,restaurant,mobile,CA,40,462,1,0
1638,2024-03-09 06:00:00,97.0,ecommerce,web,IN,80,132,0,0
1639,2024-03-09 07:00:00,42.17,electronics,pos,FR,85,589,0,0
1640,2024-03-09 08:00:00,82.55,electronics,mobile,MX,25,552,0,0
1641,2024-03-09 09:00:00,11.83,grocery,pos,IN,67,264,0,0
1642,2024-03-09 10:00:00,100.05,fuel,mobile,CA,56,122,0,0
1643,2024-03-09 11:00:00,17.53,grocery,pos,FR,35,225,0,0
1644,2024-03-09 12:00:00,8.14,grocery,mobile,CA,30,233,0,0
1645,2024-03-09 13:00:00,6.32,fuel,web,CA,69,584,0,0
1646,2024-03-09 14:00:00,55.61,ecommerce,web,CA,42,173,0,0
1647,2024-03-09 15:00:00,65.07,electronics,web,CA,26,566,0,0
1648,2024-03-09 16:00:00,48.95,restaurant,pos,CA,83,138,0,0
1649,2024-03-09 17:00:00,79.53,electronics,web,GB,80,557,0,0
1650,2024-03-09 18:00:00,171.52,ecommerce,mobile,CA,46,559,0,1
1651,2024-03-09 19:00:00,42.45,ecommerce,mobile,MX,46,365,0,0
1652,2024-03-09 20:00:00,151.28,ecommerce,pos,CA,46,64,0,1
1653,2024-03-09 21:00:00,13.9,grocery,mobile,FR,30,371,0,0
1654,2024-03-09 22:00:00,7.06,restaurant,mobile,CA,25,547,0,0
1655,2024-03-09 23:00:00,28.63,ecommerce,mobile,MX,36,557,0,0
1656,2024-03-10 00:00:00,21.75,ecommerce,web,US,44,274,1,0
1657,2024-03-10 01:00:00,8.94,restaurant,pos,CA,28,288,1,0
1658,2024-03-10 02:00:00,87.15,ecommerce,atm,CA,20,230,1,0
1659,2024-03-10 03:00:00,25.82,grocery,web,CA,81,128,1,0
1660,2024-03-10 04:00:00,37.22,grocery,web,CA,77,392,1,0
1661,2024-03-10 05:00:00,219.44,travel,mobile,CA,38,592,1,0
1662,2024-03-10 06:00:00,21.56,electronics,pos,CA,59,160,0,0
1663,2024-03-10 07:00:00,54.71,grocery,mobile,MX,27,506,0,0
1664,2024-03-10 08:00:00,9.23,restaurant,pos,CA,81,57,0,0
1665,2024-03-10 09:00:00,16.24,restaurant,mobile,CA,73,33,0,0
1666,2024-03-10 10:00:00,5.0,restaurant,atm,CA,29,541,0,0
1667,2024-03-10 11:00:00,108.25,ecommerce,atm,CA,32,67,0,0
1668,2024-03-10 12:00:00,7.16,grocery,atm,CA,40,248,0,0
1669,2024-03-10 13:00:00,9.27,restaurant,mobile,US,24,530,0,0
1670,2024-03-10 14:00:00,21.77,ecommerce,pos,US,41,209,0,0
1671,2024-03-10 15:00:00,121.56,travel,atm,CA,63,180,0,0
1672,2024-03-10 16:00:00,85.15,electronics,atm,CA,67,24,0,0
1673,2024-03-10 17:00:00,68.03,grocery,web,CA,18,418,0,0
1674,2024-03-10 18:00:00,89.45,electronics,web,MX,41,192,0,0
1675,2024-03-10 19:00:00,65.11,restaurant,pos,CA,74,70,0,0
1676,2024-03-10 20:00:00,138.27,electronics,web,FR,77,285,0,0
1677,2024-03-10 21:00:00,11.66,fuel,mobile,US,56,102,0,0
1678,2024-03-10 22:00:00,14.97,restaurant,web,US,68,510,0,0
1679,2024-03-10 23:00:00,106.31,fuel,web,CA,34,449,0,0
1680,2024-03-11 00:00:00,296.63,electronics,web,IN,77,588,1,0
1681,2024-03-11 01:00:00,206.33,electronics,pos,CA,50,588,1,0
1682,2024-03-11 02:00:00,232.23,electronics,atm,CA,65,503,1,0
1683,2024-03-11 03:00:00,91.28,ecommerce,pos,FR,35,301,1,0
1684,2024-03-11 04:00:00,44.29,grocery,pos,US,29,102,1,0
1685,2024-03-11 05:00:00,62.81,ecommerce,pos,CA,54,25,1,0
1686,2024-03-11 06:00:00,125.94,fuel,mobile,CA,53,55,0,0
1687,2024-03-11 07:00:00,17.97,fuel,mobile,CA,56,140,0,0
1688,2024-03-11 08:00:00,169.45,travel,pos,GB,72,530,0,1
1689,2024-03-11 09:00:00,12.91,ecommerce,pos,CA,70,127,0,0
1690,2024-03-11 10:00:00,27.12,electronics,web,CA,38,55,0,0
1691,2024-03-11 11:00:00,139.84,restaurant,pos,CA,49,562,0,0
1692,2024-03-11 12:00:00,104.63,ecommerce,mobile,IN,23,261,0,1
1693,2024-03-11 13:00:00,81.15,electronics,pos,US,71,251,0,0
1694,2024-03-11 14:00:00,146.46,travel,web,CA,27,181,0,0
1695,2024-03-11 15:00:00,8.04,fuel,web,IN,22,569,0,0
1696,2024-03-11 16:00:00,22.28,grocery,web,CA,53,209,0,0
1697,2024-03-11 17:00:00,26.46,electronics,web,GB,80,516,0,0
1698,2024-03-11 18:00:00,20.93,restaurant,pos,MX,43,596,0,0
1699,2024-03-11 19:00:00,181.29,electronics,pos,CA,30,270,0,0
1700,2024-03-11 20:00:00,41.05,restaurant,pos,GB,30,421,0,0
1701,2024-03-11 21:00:00,114.1,restaurant,pos,IN,74,14,0,0
1702,2024-03-11 22:00:00,78.3,ecommerce,atm,CA,62,469,0,0
1703,2024-03-11 23:00:00,14.67,travel,pos,CA,51,584,0,0
1704,2024-03-12 00:00:00,157.98,fuel,pos,GB,81,117,1,0
1705,2024-03-12 01:00:00,12.81,restaurant,pos,CA,25,6,1,0
1706,2024-03-12 02:00:00,37.9,grocery,mobile,CA,59,26,1,1
1707,2024-03-12 03:00:00,65.82,ecommerce,atm,CA,42,514,1,0
1708,2024-03-12 04:00:00,33.91,restaurant,mobile,FR,33,146,1,0
1709,2024-03-12 05:00:00,62.71,ecommerce,web,MX,80,248,1,1
1710,2024-03-12 06:00:00,104.26,electronics,mobile,IN,83,201,0,0
1711,2024-03-12 07:00:00,18.28,ecommerce,web,CA,74,181,0,0
1712,2024-03-12 08:00:00,280.1,restaurant,mobile,IN,28,99,0,0
1713,2024-03-12 09:00:00,49.06,restaurant,mobile,CA,67,245,0,0
1714,2024-03-12 10:00:00,62.93,ecommerce,pos,US,42,555,0,0
1715,2024-03-12 11:00:00,515.67,electronics,web,MX,43,214,0,0
1716,2024-03-12 12:00:00,22.89,ecommerce,pos,CA,31,481,0,0
1717,2024-03-12 13:00:00,298.22,travel,pos,US,58,414,0,0
1718,2024-03-12 14:00:00,82.82,travel,mobile,CA,76,479,0,0
1719,2024-03-12 15:00:00,141.16,electronics,pos,CA,33,344,0,0
1720,2024-03-12 16:00:00,48.0,grocery,mobile,MX,54,223,0,0
1721,2024-03-12 17:00:00,7.33,ecommerce,atm,CA,62,154,0,0
1722,2024-03-12 18:00:00,27.09,electronics,web,MX,60,168,0,0
1723,2024-03-12 19:00:00,113.82,fuel,web,CA,35,317,0,0
1724,2024-03-12 20:00:00,21.76,fuel,web,CA,19,242,0,0
1725,2024-03-12 21:00:00,198.46,grocery,mobile,MX,74,243,0,0
1726,2024-03-12 22:00:00,195.28,ecommerce,pos,CA,58,221,0,0
1727,2024-03-12 23:00:00,22.39,restaurant,pos,IN,65,553,0,0
1728,2024-03-13 00:00:00,24.82,grocery,web,IN,54,386,1,0
1729,2024-03-13 01:00:00,264.78,ecommerce,atm,CA,44,536,1,1
1730,2024-03-13 02:00:00,181.19,restaurant,pos,CA,35,557,1,0
1731,2024-03-13 03:00:00,25.31,grocery,web,CA,62,371,1,0
1732,2024-03-13 04:00:00,392.34,electronics,atm,GB,74,55,1,1
1733,2024-03-13 05:00:00,151.76,ecommerce,pos,CA,40,580,1,0
1734,2024-03-13 06:00:00,80.57,restaurant,pos,IN,19,287,0,0
1735,2024-03-13 07:00:00,107.64,electronics,web,IN,28,225,0,0
1736,2024-03-13 08:00:00,14.9,restaurant,pos,CA,57,248,0,0
1737,2024-03-13 09:00:00,12.68,grocery,pos,MX,33,52,0,0
1738,2024-03-13 10:00:00,8.44,fuel,web,CA,73,399,0,0
1739,2024-03-13 11:00:00,548.72,electronics,mobile,CA,36,28,0,0
1740,2024-03-13 12:00:00,60.65,ecommerce,web,CA,51,433,0,0
1741,2024-03-13 13:00:00,21.43,ecommerce,web,MX,33,500,0,0
1742,2024-03-13 14:00:00,80.75,grocery,web,CA,48,253,0,0
1743,2024-03-13 15:00:00,17.74,restaurant,mobile,FR,64,230,0,0
1744,2024-03-13 16:00:00,54.7,electronics,mobile,CA,72,404,0,0
1745,2024-03-13 17:00:00,877.87,travel,mobile,US,68,517,0,0
1746,2024-03-13 18:00:00,29.67,electronics,mobile,IN,52,57,0,0
1747,2024-03-13 19:00:00,33.73,fuel,mobile,MX,49,275,0,0
1748,2024-03-13 20:00:00,16.04,fuel,mobile,CA,40,194,0,0
1749,2024-03-13 21:00:00,13.89,fuel,pos,CA,85,6,0,0
1750,2024-03-13 22:00:00,36.56,travel,atm,CA,67,5,0,0
1751,2024-03-13 23:00:00,34.56,grocery,mobile,CA,78,317,0,0
1752,2024-03-14 00:00:00,12.43,restaurant,pos,IN,68,459,1,0
1753,2024-03-14 01:00:00,167.34,electronics,pos,CA,23,357,1,0
1754,2024-03-14 02:00:00,57.57,ecommerce,web,CA,36,149,1,0
1755,2024-03-14 03:00:00,20.6,fuel,web,GB,49,271,1,0
1756,2024-03-14 04:00:00,14.99,grocery,mobile,CA,39,580,1,0
1757,2024-03-14 05:00:00,98.94,restaurant,web,FR,79,503,1,1
1758,2024-03-14 06:00:00,52.93,restaurant,pos,CA,51,72,0,0
1759,2024-03-14 07:00:00,14.79,restaurant,pos,CA,32,387,0,0
1760,2024-03-14 08:00:00,17.67,ecommerce,mobile,US,58,375,0,0
1761,2024-03-14 09:00:00,5.99,grocery,pos,CA,43,219,0,0
1762,2024-03-14 10:00:00,91.18,grocery,mobile,IN,26,219,0,0
1763,2024-03-14 11:00:00,74.25,grocery,pos,CA,82,432,0,0
1764,2024-03-14 12:00:00,84.02,grocery,web,CA,82,561,0,0
1765,2024-03-14 13:00:00,29.4,grocery,web,CA,70,192,0,0
1766,2024-03-14 14:00:00,56.39,restaurant,pos,CA,39,557,0,0
1767,2024-03-14 15:00:00,82.57,grocery,mobile,US,74,503,0,0
1768,2024-03-14 16:00:00,30.76,grocery,mobile,CA,37,31,0,0
1769,2024-03-14 17:00:00,71.2,electronics,pos,US,77,168,0,0
1770,2024-03-14 18:00:00,56.69,travel,web,FR,78,265,0,0
1771,2024-03-14 19:00:00,144.22,electronics,mobile,CA,29,400,0,0
1772,2024-03-14 20:00:00,225.78,travel,mobile,US,39,136,0,0
1773,2024-03-14 21:00:00,18.93,restaurant,web,CA,65,249,0,0
1774,2024-03-14 22:00:00,105.26,travel,mobile,GB,33,55,0,0
1775,2024-03-14 23:00:00,22.45,fuel,pos,CA,72,60,0,0
1776,2024-03-15 00:00:00,200.32,electronics,pos,US,64,261,1,0
1777,2024-03-15 01:00:00,7.92,fuel,mobile,CA,33,378,1,0
1778,2024-03-15 02:00:00,22.21,ecommerce,mobile,CA,70,271,1,0
1779,2024-03-15 03:00:00,10.27,fuel,mobile,CA,20,230,1,0
1780,2024-03-15 04:00:00,28.66,grocery,pos,CA,44,299,1,0
1781,2024-03-15 05:00:00,130.52,electronics,web,FR,30,381,1,1
1782,2024-03-15 06:00:00,22.95,ecommerce,mobile,CA,18,429,0,0
1783,2024-03-15 07:00:00,74.24,grocery,pos,IN,68,324,0,0
1784,2024-03-15 08:00:00,224.01,ecommerce,web,CA,28,55,0,0
1785,2024-03-15 09:00:00,39.62,restaurant,mobile,CA,65,24,0,0
1786,2024-03-15 10:00:00,164.98,ecommerce,pos,CA,23,206,0,0
1787,2024-03-15 11:00:00,43.13,electronics,web,CA,78,123,0,0
1788,2024-03-15 12:00:00,12.24,restaurant,pos,FR,84,322,0,0
1789,2024-03-15 13:00:00,52.06,grocery,atm,CA,39,420,0,0
1790,2024-03-15 14:00:00,94.94,electronics,pos,FR,51,151,0,0
1791,2024-03-15 15:00:00,26.88,ecommerce,pos,CA,60,281,0,0
1792,2024-03-15 16:00:00,118.12,grocery,pos,CA,58,131,0,0
1793,2024-03-15 17:00:00,128.6,electronics,pos,CA,19,280,0,0
1794,2024-03-15 18:00:00,51.36,restaurant,pos,MX,84,227,0,1
1795,2024-03-15 19:00:00,32.74,ecommerce,web,CA,81,1,0,0
1796,2024-03-15 20:00:00,123.81,fuel,pos,IN,51,399,0,0
1797,2024-03-15 21:00:00,52.19,ecommerce,pos,CA,55,181,0,0
1798,2024-03-15 22:00:00,68.31,fuel,pos,CA,29,449,0,0
1799,2024-03-15 23:00:00,80.78,travel,web,GB,68,402,0,0
1800,2024-03-16 00:00:00,158.87,travel,pos,US,52,117,1,0
1801,2024-03-16 01:00:00,225.51,travel,web,GB,37,533,1,1
1802,2024-03-16 02:00:00,197.36,grocery,mobile,CA,38,13,1,0
1803,2024-03-16 03:00:00,66.16,electronics,mobile,MX,23,344,1,1
1804,2024-03-16 04:00:00,163.79,travel,pos,CA,71,482,1,0
1805,2024-03-16 05:00:00,167.41,electronics,mobile,IN,22,324,1,0
1806,2024-03-16 06:00:00,9.17,grocery,mobile,CA,56,335,0,0
1807,2024-03-16 07:00:00,5.0,fuel,pos,GB,73,282,0,0
1808,2024-03-16 08:00:00,24.51,ecommerce,web,CA,21,36,0,0
1809,2024-03-16 09:00:00,78.23,grocery,mobile,GB,28,407,0,0
1810,2024-03-16 10:00:00,281.48,ecommerce,pos,FR,69,572,0,1
1811,2024-03-16 11:00:00,11.9,fuel,web,FR,74,479,0,0
1812,2024-03-16 12:00:00,32.88,electronics,web,CA,23,35,0,0
1813,2024-03-16 13:00:00,239.03,ecommerce,pos,CA,36,132,0,0
1814,2024-03-16 14:00:00,59.08,electronics,atm,FR,59,500,0,0
1815,2024-03-16 15:00:00,19.54,fuel,pos,US,54,429,0,0
1816,2024-03-16 16:00:00,365.41,electronics,pos,US,53,220,0,1
1817,2024-03-16 17:00:00,87.54,fuel,pos,CA,35,146,0,0
1818,2024-03-16 18:00:00,63.28,fuel,web,CA,54,277,0,0
1819,2024-03-16 19:00:00,29.25,travel,mobile,CA,21,19,0,0
1820,2024-03-16 20:00:00,8.8,restaurant,mobile,US,77,53,0,0
1821,2024-03-16 21:00:00,74.84,fuel,atm,CA,54,44,0,0
1822,2024-03-16 22:00:00,36.34,fuel,web,CA,43,495,0,0
1823,2024-03-16 23:00:00,67.78,travel,web,FR,42,27,0,0
1824,2024-03-17 00:00:00,72.07,electronics,web,CA,43,332,1,0
1825,2024-03-17 01:00:00,89.04,grocery,pos,FR,47,168,1,0
1826,2024-03-17 02:00:00,107.95,fuel,atm,CA,31,454,1,0
1827,2024-03-17 03:00:00,27.15,fuel,web,CA,58,76,1,0
1828,2024-03-17 04:00:00,14.71,restaurant,web,CA,30,547,1,0
1829,2024-03-17 05:00:00,21.3,fuel,web,CA,39,51,1,0
1830,2024-03-17 06:00:00,91.43,fuel,mobile,MX,77,508,0,0
1831,2024-03-17 07:00:00,89.84,restaurant,pos,CA,56,88,0,0
1832,2024-03-17 08:00:00,32.51,fuel,mobile,CA,79,17,0,0
1833,2024-03-17 09:00:00,20.34,grocery,mobile,CA,62,22,0,0
1834,2024-03-17 10:00:00,86.8,grocery,mobile,US,71,469,0,0
1835,2024-03-17 11:00:00,141.15,grocery,pos,FR,24,206,0,0
1836,2024-03-17 12:00:00,8.86,grocery,pos,CA,52,250,0,0
1837,2024-03-17 13:00:00,48.72,ecommerce,web,CA,41,494,0,0
1838,2024-03-17 14:00:00,278.15,electronics,mobile,CA,19,157,0,0
1839,2024-03-17 15:00:00,105.01,electronics,atm,MX,24,332,0,1
1840,2024-03-17 16:00:00,21.1,grocery,web,CA,30,179,0,0
1841,2024-03-17 17:00:00,32.25,fuel,pos,CA,18,39,0,0
1842,2024-03-17 18:00:00,45.73,grocery,pos,GB,47,597,0,0
1843,2024-03-17 19:00:00,9.9,restaurant,mobile,CA,21,225,0,0
1844,2024-03-17 20:00:00,35.55,grocery,pos,MX,74,509,0,0
1845,2024-03-17 21:00:00,189.97,travel,web,CA,58,258,0,0
1846,2024-03-17 22:00:00,38.61,ecommerce,mobile,IN,83,521,0,0
1847,2024-03-17 23:00:00,67.68,travel,web,CA,23,103,0,0
1848,2024-03-18 00:00:00,37.01,ecommerce,web,CA,23,324,1,0
1849,2024-03-18 01:00:00,41.02,electronics,pos,CA,77,224,1,0
1850,2024-03-18 02:00:00,129.14,ecommerce,pos,CA,44,596,1,0
1851,2024-03-18 03:00:00,11.26,restaurant,mobile,US,69,202,1,0
1852,2024-03-18 04:00:00,32.36,fuel,web,CA,30,463,1,0
1853,2024-03-18 05:00:00,70.18,electronics,pos,CA,18,296,1,0
1854,2024-03-18 06:00:00,14.46,restaurant,pos,MX,51,240,0,0
1855,2024-03-18 07:00:00,93.79,restaurant,pos,CA,56,419,0,0
1856,2024-03-18 08:00:00,53.39,ecommerce,mobile,MX,25,387,0,0
1857,2024-03-18 09:00:00,32.88,ecommerce,web,US,18,287,0,0
1858,2024-03-18 10:00:00,30.17,ecommerce,web,CA,32,33,0,0
1859,2024-03-18 11:00:00,81.49,ecommerce,web,MX,25,44,0,0
1860,2024-03-18 12:00:00,287.21,travel,pos,FR,85,359,0,0
1861,2024-03-18 13:00:00,85.67,restaurant,web,GB,85,33,0,0
1862,2024-03-18 14:00:00,23.48,restaurant,pos,CA,19,364,0,0
1863,2024-03-18 15:00:00,22.24,fuel,atm,CA,49,533,0,0
1864,2024-03-18 16:00:00,153.57,travel,pos,IN,44,474,0,0
1865,2024-03-18 17:00:00,31.73,restaurant,web,US,19,417,0,0
1866,2024-03-18 18:00:00,13.63,restaurant,pos,CA,63,164,0,0
1867,2024-03-18 19:00:00,122.16,grocery,mobile,CA,75,394,0,0
1868,2024-03-18 20:00:00,27.85,fuel,pos,MX,59,110,0,0
1869,2024-03-18 21:00:00,159.02,electronics,atm,GB,80,548,0,0
1870,2024-03-18 22:00:00,88.0,ecommerce,pos,IN,61,54,0,0
1871,2024-03-18 23:00:00,86.39,ecommerce,mobile,FR,55,325,0,0
1872,2024-03-19 00:00:00,11.06,restaurant,mobile,CA,82,292,1,0
1873,2024-03-19 01:00:00,27.14,restaurant,pos,US,66,44,1,0
1874,2024-03-19 02:00:00,212.62,restaurant,pos,CA,69,112,1,0
1875,2024-03-19 03:00:00,410.03,electronics,web,CA,71,429,1,1
1876,2024-03-19 04:00:00,69.17,ecommerce,mobile,CA,20,358,1,0
1877,2024-03-19 05:00:00,43.17,ecommerce,mobile,IN,67,97,1,0
1878,2024-03-19 06:00:00,5.0,fuel,pos,CA,68,84,0,0
1879,2024-03-19 07:00:00,17.45,fuel,web,CA,51,400,0,0
1880,2024-03-19 08:00:00,25.44,fuel,pos,CA,56,397,0,0
1881,2024-03-19 09:00:00,102.59,travel,pos,CA,74,240,0,0
1882,2024-03-19 10:00:00,48.06,ecommerce,mobile,CA,27,12,0,0
1883,2024-03-19 11:00:00,172.08,electronics,pos,CA,53,16,0,0
1884,2024-03-19 12:00:00,24.41,ecommerce,pos,CA,70,90,0,0
1885,2024-03-19 13:00:00,76.76,ecommerce,mobile,CA,35,33,0,0
1886,2024-03-19 14:00:00,29.66,grocery,mobile,GB,35,334,0,0
1887,2024-03-19 15:00:00,14.81,grocery,mobile,MX,18,235,0,0
1888,2024-03-19 16:00:00,123.17,restaurant,pos,FR,39,130,0,0
1889,2024-03-19 17:00:00,53.51,fuel,atm,CA,42,357,0,0
1890,2024-03-19 18:00:00,29.59,ecommerce,web,CA,82,423,0,0
1891,2024-03-19 19:00:00,156.54,electronics,web,CA,23,102,0,0
1892,2024-03-19 20:00:00,7.82,fuel,pos,IN,61,375,0,0
1893,2024-03-19 21:00:00,18.03,grocery,mobile,CA,22,64,0,0
1894,2024-03-19 22:00:00,198.37,ecommerce,web,CA,72,360,0,0
1895,2024-03-19 23:00:00,44.95,grocery,mobile,IN,49,226,0,0
1896,2024-03-20 00:00:00,174.23,travel,mobile,IN,46,65,1,0
1897,2024-03-20 01:00:00,146.0,ecommerce,mobile,CA,82,483,1,0
1898,2024-03-20 02:00:00,56.79,grocery,mobile,GB,68,109,1,0
1899,2024-03-20 03:00:00,25.78,grocery,atm,CA,25,471,1,0
1900,2024-03-20 04:00:00,317.05,travel,pos,CA,36,219,1,0
1901,2024-03-20 05:00:00,7.16,grocery,pos,CA,36,411,1,0
1902,2024-03-20 06:00:00,14.97,restaurant,mobile,IN,59,424,0,0
1903,2024-03-20 07:00:00,30.02,grocery,web,CA,74,255,0,0
1904,2024-03-20 08:00:00,223.46,travel,web,GB,61,400,0,1
1905,2024-03-20 09:00:00,20.38,fuel,mobile,CA,45,265,0,0
1906,2024-03-20 10:00:00,5.48,fuel,web,US,68,364,0,0
1907,2024-03-20 11:00:00,5.8,grocery,mobile,US,69,135,0,0
1908,2024-03-20 12:00:00,92.43,electronics,pos,GB,23,255,0,1
1909,2024-03-20 13:00:00,17.76,restaurant,mobile,IN,54,82,0,0
1910,2024-03-20 14:00:00,14.44,grocery,pos,GB,66,249,0,0
1911,2024-03-20 15:00:00,12.42,grocery,mobile,MX,59,9,0,0
1912,2024-03-20 16:00:00,30.79,restaurant,mobile,CA,34,246,0,0
1913,2024-03-20 17:00:00,88.14,fuel,pos,IN,28,516,0,0
1914,2024-03-20 18:00:00,36.95,grocery,pos,CA,37,217,0,0
1915,2024-03-20 19:00:00,107.04,grocery,pos,CA,41,298,0,0
1916,2024-03-20 20:00:00,97.48,travel,web,CA,80,514,0,0
1917,2024-03-20 21:00:00,146.48,electronics,web,CA,60,1,0,0
1918,2024-03-20 22:00:00,460.87,travel,pos,US,74,403,0,1
1919,2024-03-20 23:00:00,23.68,restaurant,mobile,CA,19,318,0,0
1920,2024-03-21 00:00:00,27.94,fuel,pos,CA,71,206,1,0
1921,2024-03-21 01:00:00,42.87,ecommerce,web,IN,30,155,1,1
1922,2024-03-21 02:00:00,46.53,fuel,web,IN,56,356,1,0
1923,2024-03-21 03:00:00,135.28,ecommerce,pos,CA,44,256,1,0
1924,2024-03-21 04:00:00,82.39,ecommerce,pos,IN,76,237,1,0
1925,2024-03-21 05:00:00,26.65,grocery,atm,CA,63,404,1,0
1926,2024-03-21 06:00:00,15.57,ecommerce,mobile,CA,49,240,0,0
1927,2024-03-21 07:00:00,94.09,electronics,pos,IN,52,486,0,0
1928,2024-03-21 08:00:00,27.56,grocery,mobile,US,66,171,0,0
1929,2024-03-21 09:00:00,74.27,ecommerce,web,GB,66,420,0,0
1930,2024-03-21 10:00:00,151.62,travel,pos,CA,56,338,0,0
1931,2024-03-21 11:00:00,561.98,travel,mobile,CA,67,538,0,1
1932,2024-03-21 12:00:00,52.51,electronics,web,CA,71,240,0,0
1933,2024-03-21 13:00:00,23.81,electronics,pos,IN,20,141,0,0
1934,2024-03-21 14:00:00,35.15,electronics,mobile,CA,42,239,0,0
1935,2024-03-21 15:00:00,18.52,grocery,pos,CA,79,397,0,0
1936,2024-03-21 16:00:00,72.29,fuel,pos,CA,39,258,0,0
1937,2024-03-21 17:00:00,42.47,travel,pos,US,74,534,0,0
1938,2024-03-21 18:00:00,21.07,ecommerce,mobile,CA,55,93,0,0
1939,2024-03-21 19:00:00,47.55,grocery,mobile,GB,36,185,0,0
1940,2024-03-21 20:00:00,128.98,ecommerce,atm,CA,41,590,0,0
1941,2024-03-21 21:00:00,6.77,fuel,pos,CA,50,480,0,0
1942,2024-03-21 22:00:00,12.19,ecommerce,mobile,CA,26,46,0,0
1943,2024-03-21 23:00:00,16.14,grocery,web,CA,38,565,0,0
1944,2024-03-22 00:00:00,177.58,electronics,pos,MX,64,255,1,0
1945,2024-03-22 01:00:00,31.05,restaurant,pos,GB,79,386,1,0
1946,2024-03-22 02:00:00,16.68,grocery,mobile,CA,82,10,1,0
1947,2024-03-22 03:00:00,53.11,restaurant,pos,CA,44,98,1,0
1948,2024-03-22 04:00:00,36.64,grocery,mobile,CA,72,419,1,0
1949,2024-03-22 05:00:00,24.78,restaurant,web,FR,44,156,1,0
1950,2024-03-22 06:00:00,6.38,restaurant,pos,IN,72,70,0,0
1951,2024-03-22 07:00:00,16.37,grocery,atm,GB,80,408,0,0
1952,2024-03-22 08:00:00,571.93,electronics,mobile,CA,48,130,0,0
1953,2024-03-22 09:00:00,20.17,restaurant,web,CA,58,520,0,0
1954,2024-03-22 10:00:00,11.54,restaurant,mobile,IN,76,107,0,0
1955,2024-03-22 11:00:00,19.35,restaurant,web,CA,27,14,0,0
1956,2024-03-22 12:00:00,30.39,fuel,mobile,MX,34,234,0,0
1957,2024-03-22 13:00:00,72.54,grocery,pos,IN,60,196,0,0
1958,2024-03-22 14:00:00,47.74,restaurant,web,GB,30,383,0,0
1959,2024-03-22 15:00:00,74.24,travel,pos,US,72,140,0,0
1960,2024-03-22 16:00:00,428.68,travel,web,CA,36,589,0,1
1961,2024-03-22 17:00:00,125.03,ecommerce,web,IN,40,253,0,1
1962,2024-03-22 18:00:00,18.29,fuel,pos,CA,73,426,0,0
1963,2024-03-22 19:00:00,29.19,grocery,atm,FR,53,461,0,0
1964,2024-03-22 20:00:00,168.75,electronics,pos,CA,71,531,0,0
1965,2024-03-22 21:00:00,86.18,grocery,pos,GB,60,302,0,0
1966,2024-03-22 22:00:00,25.05,electronics,web,IN,52,136,0,0
1967,2024-03-22 23:00:00,29.09,restaurant,web,US,52,311,0,0
1968,2024-03-23 00:00:00,26.54,fuel,pos,CA,72,255,1,0
1969,2024-03-23 01:00:00,16.33,fuel,web,CA,85,366,1,0
1970,2024-03-23 02:00:00,35.77,ecommerce,mobile,GB,19,141,1,0
1971,2024-03-23 03:00:00,70.51,restaurant,pos,US,52,309,1,0
1972,2024-03-23 04:00:00,159.01,electronics,atm,CA,71,575,1,0
1973,2024-03-23 05:00:00,399.93,ecommerce,pos,FR,61,413,1,1
1974,2024-03-23 06:00:00,19.62,grocery,mobile,IN,50,575,0,0
1975,2024-03-23 07:00:00,37.06,grocery,pos,FR,71,64,0,0
1976,2024-03-23 08:00:00,36.07,fuel,mobile,US,49,392,0,0
1977,2024-03-23 09:00:00,61.15,restaurant,mobile,IN,27,13,0,0
1978,2024-03-23 10:00:00,333.74,electronics,pos,FR,36,122,0,0
1979,2024-03-23 11:00:00,35.64,grocery,pos,CA,20,496,0,0
1980,2024-03-23 12:00:00,10.19,restaurant,pos,IN,65,60,0,0
1981,2024-03-23 13:00:00,31.67,ecommerce,pos,CA,84,287,0,0
1982,2024-03-23 14:00:00,31.04,restaurant,atm,IN,43,41,0,0
1983,2024-03-23 15:00:00,164.98,ecommerce,web,GB,67,179,0,0
1984,2024-03-23 16:00:00,37.13,travel,web,US,84,74,0,0
1985,2024-03-23 17:00:00,9.52,restaurant,atm,CA,44,273,0,0
1986,2024-03-23 18:00:00,118.72,ecommerce,mobile,CA,77,386,0,0
1987,2024-03-23 19:00:00,30.68,electronics,mobile,CA,19,390,0,0
1988,2024-03-23 20:00:00,9.92,restaurant,pos,MX,64,560,0,0
1989,2024-03-23 21:00:00,91.11,grocery,pos,FR,29,73,0,0
1990,2024-03-23 22:00:00,26.84,grocery,pos,CA,71,240,0,0
1991,2024-03-23 23:00:00,104.4,travel,pos,CA,18,314,0,0
1992,2024-03-24 00:00:00,205.77,ecommerce,web,MX,74,51,1,1
1993,2024-03-24 01:00:00,12.58,grocery,pos,CA,44,66,1,0
1994,2024-03-24 02:00:00,8.75,fuel,web,CA,34,186,1,0
1995,2024-03-24 03:00:00,425.85,electronics,web,CA,55,516,1,1
1996,2024-03-24 04:00:00,74.09,ecommerce,pos,US,85,352,1,0
1997,2024-03-24 05:00:00,110.72,ecommerce,pos,US,28,337,1,0
1998,2024-03-24 06:00:00,20.63,restaurant,web,FR,39,331,0,0
1999,2024-03-24 07:00:00,24.8,fuel,web,CA,61,487,0,0
2000,2024-03-24 08:00:00,14.49,restaurant,mobile,CA,24,327,0,0
2001,2024-03-24 09:00:00,36.35,fuel,mobile,GB,82,433,0,0
2002,2024-03-24 10:00:00,57.69,restaurant,pos,IN,53,185,0,0
2003,2024-03-24 11:00:00,162.82,travel,pos,CA,85,489,0,0
2004,2024-03-24 12:00:00,85.11,grocery,pos,FR,46,19,0,0
2005,2024-03-24 13:00:00,49.55,restaurant,pos,GB,74,205,0,0
2006,2024-03-24 14:00:00,10.63,fuel,web,IN,40,150,0,0
2007,2024-03-24 15:00:00,28.76,grocery,atm,CA,48,83,0,0
2008,2024-03-24 16:00:00,21.88,grocery,pos,CA,41,322,0,0
2009,2024-03-24 17:00:00,193.62,electronics,pos,CA,55,535,0,0
2010,2024-03-24 18:00:00,49.63,grocery,mobile,GB,33,97,0,0
2011,2024-03-24 19:00:00,67.35,ecommerce,web,FR,52,531,0,0
2012,2024-03-24 20:00:00,81.57,grocery,pos,CA,75,515,0,0
2013,2024-03-24 21:00:00,5.09,fuel,pos,CA,28,530,0,0
2014,2024-03-24 22:00:00,34.9,ecommerce,atm,CA,71,3,0,0
2015,2024-03-24 23:00:00,17.12,fuel,pos,US,76,594,0,0
2016,2024-03-25 00:00:00,75.33,ecommerce,mobile,IN,20,256,1,0
2017,2024-03-25 01:00:00,53.88,grocery,mobile,CA,63,358,1,0
2018,2024-03-25 02:00:00,136.33,travel,pos,US,50,183,1,0
2019,2024-03-25 03:00:00,18.39,ecommerce,mobile,CA,61,308,1,0
2020,2024-03-25 04:00:00,196.84,travel,pos,FR,38,330,1,1
2021,2024-03-25 05:00:00,36.76,grocery,pos,FR,32,479,1,0
2022,2024-03-25 06:00:00,8.73,grocery,pos,CA,37,205,0,0
2023,2024-03-25 07:00:00,46.04,ecommerce,atm,MX,28,66,0,0
2024,2024-03-25 08:00:00,38.22,fuel,pos,FR,45,352,0,0
2025,2024-03-25 09:00:00,265.92,ecommerce,pos,IN,77,470,0,0
2026,2024-03-25 10:00:00,36.88,electronics,atm,US,70,9,0,0
2027,2024-03-25 11:00:00,122.29,ecommerce,pos,CA,30,488,0,0
2028,2024-03-25 12:00:00,10.36,fuel,mobile,US,55,482,0,0
2029,2024-03-25 13:00:00,43.5,travel,mobile,US,23,346,0,0
2030,2024-03-25 14:00:00,11.01,grocery,web,CA,22,569,0,0
2031,2024-03-25 15:00:00,47.06,fuel,mobile,IN,60,233,0,0
2032,2024-03-25 16:00:00,67.51,ecommerce,mobile,CA,38,80,0,0
2033,2024-03-25 17:00:00,45.24,ecommerce,pos,IN,65,394,0,0
2034,2024-03-25 18:00:00,49.46,grocery,atm,CA,28,366,0,0
2035,2024-03-25 19:00:00,101.95,electronics,atm,CA,26,549,0,0
2036,2024-03-25 20:00:00,30.15,restaurant,mobile,CA,66,134,0,0
2037,2024-03-25 21:00:00,24.93,grocery,web,US,32,94,0,0
2038,2024-03-25 22:00:00,54.14,travel,web,FR,21,408,0,0
2039,2024-03-25 23:00:00,450.32,electronics,web,CA,71,186,0,0
2040,2024-03-26 00:00:00,211.81,ecommerce,pos,CA,65,111,1,0
2041,2024-03-26 01:00:00,411.14,electronics,web,IN,81,403,1,1
2042,2024-03-26 02:00:00,84.01,travel,web,US,58,111,1,0
2043,2024-03-26 03:00:00,14.78,restaurant,mobile,CA,50,500,1,0
2044,2024-03-26 04:00:00,18.8,restaurant,pos,FR,63,186,1,0
2045,2024-03-26 05:00:00,86.13,grocery,web,CA,71,391,1,0
2046,2024-03-26 06:00:00,27.29,fuel,mobile,CA,60,346,0,0
2047,2024-03-26 07:00:00,16.74,fuel,web,CA,39,355,0,0
2048,2024-03-26 08:00:00,45.45,grocery,atm,US,78,182,0,0
2049,2024-03-26 09:00:00,30.95,ecommerce,mobile,CA,65,51,0,0
2050,2024-03-26 10:00:00,8.06,restaurant,pos,IN,77,384,0,0
2051,2024-03-26 11:00:00,36.8,grocery,pos,CA,55,260,0,0
2052,2024-03-26 12:00:00,17.16,fuel,mobile,IN,48,587,0,0
2053,2024-03-26 13:00:00,26.96,restaurant,web,CA,75,534,0,0
2054,2024-03-26 14:00:00,5.36,ecommerce,mobile,CA,59,44,0,0
2055,2024-03-26 15:00:00,12.23,fuel,pos,CA,70,217,0,0
2056,2024-03-26 16:00:00,26.21,restaurant,pos,CA,78,249,0,0
2057,2024-03-26 17:00:00,6.97,fuel,web,CA,37,228,0,0
2058,2024-03-26 18:00:00,8.63,grocery,mobile,FR,31,434,0,0
2059,2024-03-26 19:00:00,33.92,grocery,atm,GB,28,214,0,0
2060,2024-03-26 20:00:00,51.33,restaurant,mobile,MX,58,91,0,0
2061,2024-03-26 21:00:00,26.92,ecommerce,web,CA,72,218,0,0
2062,2024-03-26 22:00:00,21.56,fuel,mobile,FR,84,473,0,0
2063,2024-03-26 23:00:00,26.42,grocery,pos,CA,20,243,0,0
2064,2024-03-27 00:00:00,14.72,ecommerce,web,MX,18,171,1,0
2065,2024-03-27 01:00:00,79.23,restaurant,atm,MX,64,464,1,0
2066,2024-03-27 02:00:00,23.15,fuel,web,CA,36,39,1,0
2067,2024-03-27 03:00:00,23.38,restaurant,atm,CA,50,273,1,0
2068,2024-03-27 04:00:00,84.01,ecommerce,pos,IN,23,61,1,1
2069,2024-03-27 05:00:00,6.71,fuel,pos,CA,23,364,1,0
2070,2024-03-27 06:00:00,62.48,restaurant,web,MX,53,540,0,0
2071,2024-03-27 07:00:00,70.27,fuel,atm,IN,64,265,0,0
2072,2024-03-27 08:00:00,68.16,ecommerce,pos,CA,78,589,0,0
2073,2024-03-27 09:00:00,41.38,restaurant,mobile,CA,50,525,0,0
2074,2024-03-27 10:00:00,44.78,ecommerce,pos,CA,61,437,0,0
2075,2024-03-27 11:00:00,59.37,fuel,mobile,GB,76,107,0,0
2076,2024-03-27 12:00:00,13.02,restaurant,web,CA,47,19,0,0
2077,2024-03-27 13:00:00,31.82,grocery,pos,CA,32,73,0,0
2078,2024-03-27 14:00:00,61.55,ecommerce,mobile,CA,74,209,0,0
2079,2024-03-27 15:00:00,31.64,grocery,mobile,IN,18,245,0,0
2080,2024-03-27 16:00:00,157.2,ecommerce,web,FR,36,126,0,0
2081,2024-03-27 17:00:00,234.76,grocery,pos,US,26,585,0,0
2082,2024-03-27 18:00:00,89.03,electronics,pos,IN,61,446,0,0
2083,2024-03-27 19:00:00,50.02,grocery,atm,MX,36,420,0,0
2084,2024-03-27 20:00:00,66.29,travel,mobile,IN,41,391,0,0
2085,2024-03-27 21:00:00,152.02,ecommerce,mobile,CA,62,370,0,0
2086,2024-03-27 22:00:00,37.7,ecommerce,mobile,CA,38,529,0,0
2087,2024-03-27 23:00:00,1018.34,ecommerce,mobile,FR,42,234,0,1
2088,2024-03-28 00:00:00,21.85,electronics,pos,CA,51,84,1,0
2089,2024-03-28 01:00:00,188.59,fuel,web,CA,26,177,1,1
2090,2024-03-28 02:00:00,146.56,ecommerce,mobile,GB,81,137,1,0
2091,2024-03-28 03:00:00,9.94,restaurant,pos,US,84,574,1,0
2092,2024-03-28 04:00:00,220.16,fuel,pos,CA,66,340,1,0
2093,2024-03-28 05:00:00,14.21,grocery,mobile,CA,25,256,1,0
2094,2024-03-28 06:00:00,20.57,restaurant,mobile,CA,50,15,0,0
2095,2024-03-28 07:00:00,18.7,ecommerce,mobile,CA,42,427,0,0
2096,2024-03-28 08:00:00,28.71,grocery,pos,CA,29,388,0,0
2097,2024-03-28 09:00:00,26.03,fuel,atm,CA,77,487,0,0
2098,2024-03-28 10:00:00,69.14,grocery,pos,GB,46,78,0,0
2099,2024-03-28 11:00:00,539.04,ecommerce,pos,CA,62,395,0,0
2100,2024-03-28 12:00:00,61.94,electronics,atm,CA,64,217,0,0
2101,2024-03-28 13:00:00,5.0,grocery,mobile,US,39,139,0,0
2102,2024-03-28 14:00:00,176.17,electronics,atm,CA,41,134,0,0
2103,2024-03-28 15:00:00,16.64,restaurant,mobile,CA,83,173,0,0
2104,2024-03-28 16:00:00,701.27,travel,mobile,CA,74,440,0,1
2105,2024-03-28 17:00:00,95.26,electronics,pos,US,52,13,0,0
2106,2024-03-28 18:00:00,49.63,electronics,pos,CA,54,569,0,0
2107,2024-03-28 19:00:00,10.97,restaurant,atm,CA,18,582,0,0
2108,2024-03-28 20:00:00,105.2,ecommerce,mobile,US,31,581,0,0
2109,2024-03-28 21:00:00,25.57,grocery,web,FR,18,501,0,0
2110,2024-03-28 22:00:00,102.29,fuel,web,MX,72,194,0,1
2111,2024-03-28 23:00:00,22.59,fuel,pos,IN,81,242,0,0
2112,2024-03-29 00:00:00,117.02,grocery,pos,MX,29,76,1,1
2113,2024-03-29 01:00:00,39.42,travel,mobile,CA,37,536,1,0
2114,2024-03-29 02:00:00,6.85,grocery,pos,CA,41,463,1,0
2115,2024-03-29 03:00:00,57.58,restaurant,web,CA,73,92,1,0
2116,2024-03-29 04:00:00,39.54,ecommerce,atm,CA,45,595,1,0
2117,2024-03-29 05:00:00,25.84,grocery,web,CA,20,25,1,0
2118,2024-03-29 06:00:00,13.17,grocery,web,CA,57,461,0,0
2119,2024-03-29 07:00:00,22.61,ecommerce,pos,MX,27,81,0,0
2120,2024-03-29 08:00:00,106.42,ecommerce,pos,MX,61,450,0,0
2121,2024-03-29 09:00:00,32.21,grocery,pos,CA,76,530,0,0
2122,2024-03-29 10:00:00,23.13,ecommerce,pos,CA,22,571,0,0
2123,2024-03-29 11:00:00,66.73,grocery,pos,CA,85,96,0,0
2124,2024-03-29 12:00:00,172.9,ecommerce,pos,CA,63,98,0,0
2125,2024-03-29 13:00:00,54.45,ecommerce,pos,CA,21,40,0,0
2126,2024-03-29 14:00:00,148.14,ecommerce,pos,CA,32,494,0,0
2127,2024-03-29 15:00:00,24.38,ecommerce,atm,CA,29,111,0,0
2128,2024-03-29 16:00:00,55.07,grocery,pos,IN,78,234,0,0
2129,2024-03-29 17:00:00,37.89,grocery,web,CA,67,249,0,0
2130,2024-03-29 18:00:00,16.07,grocery,mobile,US,43,210,0,0
2131,2024-03-29 19:00:00,623.62,electronics,pos,CA,54,298,0,0
2132,2024-03-29 20:00:00,33.66,restaurant,web,CA,41,209,0,0
2133,2024-03-29 21:00:00,16.04,restaurant,mobile,CA,45,141,0,0
2134,2024-03-29 22:00:00,27.79,fuel,web,IN,61,233,0,0
2135,2024-03-29 23:00:00,12.48,fuel,pos,CA,31,484,0,0
2136,2024-03-30 00:00:00,21.2,ecommerce,mobile,CA,69,70,1,0
2137,2024-03-30 01:00:00,65.58,electronics,mobile,IN,82,576,1,0
2138,2024-03-30 02:00:00,69.7,electronics,web,CA,84,246,1,0
2139,2024-03-30 03:00:00,13.24,restaurant,pos,CA,29,174,1,0
2140,2024-03-30 04:00:00,84.17,restaurant,pos,US,45,267,1,0
2141,2024-03-30 05:00:00,30.15,ecommerce,mobile,CA,36,559,1,0
2142,2024-03-30 06:00:00,42.47,electronics,pos,IN,61,486,0,0
2143,2024-03-30 07:00:00,33.81,electronics,pos,CA,40,491,0,0
2144,2024-03-30 08:00:00,18.94,ecommerce,web,GB,44,132,0,0
2145,2024-03-30 09:00:00,68.82,restaurant,atm,CA,27,532,0,0
2146,2024-03-30 10:00:00,41.33,grocery,pos,GB,56,424,0,1
2147,2024-03-30 11:00:00,50.81,restaurant,pos,FR,54,35,0,0
2148,2024-03-30 12:00:00,245.76,electronics,web,FR,55,256,0,1
2149,2024-03-30 13:00:00,24.27,grocery,mobile,FR,41,501,0,0
2150,2024-03-30 14:00:00,513.53,travel,web,MX,69,320,0,1
2151,2024-03-30 15:00:00,18.63,grocery,mobile,CA,59,352,0,0
2152,2024-03-30 16:00:00,36.66,electronics,pos,CA,30,225,0,0
2153,2024-03-30 17:00:00,137.56,electronics,pos,CA,43,22,0,0
2154,2024-03-30 18:00:00,155.46,travel,web,CA,62,532,0,0
2155,2024-03-30 19:00:00,31.05,restaurant,pos,CA,25,452,0,0
2156,2024-03-30 20:00:00,81.69,grocery,web,MX,41,163,0,1
2157,2024-03-30 21:00:00,66.08,ecommerce,mobile,MX,77,145,0,0
2158,2024-03-30 22:00:00,79.6,ecommerce,pos,IN,48,311,0,0
2159,2024-03-30 23:00:00,111.37,grocery,mobile,CA,52,479,0,0
2160,2024-03-31 00:00:00,34.7,fuel,pos,GB,64,52,1,0
2161,2024-03-31 01:00:00,93.7,ecommerce,web,MX,39,376,1,1
2162,2024-03-31 02:00:00,16.77,ecommerce,web,IN,74,509,1,0
2163,2024-03-31 03:00:00,1707.09,ecommerce,web,GB,19,295,1,1
2164,2024-03-31 04:00:00,6.52,restaurant,pos,CA,50,31,1,0
2165,2024-03-31 05:00:00,36.96,ecommerce,atm,CA,58,14,1,0
2166,2024-03-31 06:00:00,16.35,restaurant,atm,IN,34,97,0,0
2167,2024-03-31 07:00:00,400.42,ecommerce,mobile,MX,71,534,0,1
2168,2024-03-31 08:00:00,34.98,ecommerce,mobile,GB,23,275,0,0
2169,2024-03-31 09:00:00,40.63,fuel,pos,GB,62,88,0,0
2170,2024-03-31 10:00:00,36.19,ecommerce,web,MX,61,543,0,0
2171,2024-03-31 11:00:00,23.55,ecommerce,pos,GB,71,498,0,0
2172,2024-03-31 12:00:00,45.61,fuel,mobile,IN,32,88,0,0
2173,2024-03-31 13:00:00,17.15,grocery,pos,IN,28,413,0,0
2174,2024-03-31 14:00:00,72.4,ecommerce,pos,CA,57,198,0,0
2175,2024-03-31 15:00:00,47.98,fuel,mobile,CA,84,41,0,0
2176,2024-03-31 16:00:00,334.08,ecommerce,pos,CA,71,37,0,0
2177,2024-03-31 17:00:00,31.56,electronics,mobile,CA,32,325,0,0
2178,2024-03-31 18:00:00,52.34,ecommerce,pos,FR,45,506,0,0
2179,2024-03-31 19:00:00,24.69,restaurant,mobile,FR,36,578,0,0
2180,2024-03-31 20:00:00,98.36,electronics,mobile,CA,71,423,0,1
2181,2024-03-31 21:00:00,275.55,restaurant,web,CA,52,554,0,0
2182,2024-03-31 22:00:00,84.08,electronics,pos,CA,47,141,0,0
2183,2024-03-31 23:00:00,5.0,grocery,pos,FR,18,87,0,0
2184,2024-04-01 00:00:00,22.83,fuel,pos,US,61,66,1,0
2185,2024-04-01 01:00:00,29.45,grocery,pos,CA,48,104,1,0
2186,2024-04-01 02:00:00,79.11,electronics,web,CA,20,453,1,0
2187,2024-04-01 03:00:00,71.49,travel,pos,US,31,92,1,0
2188,2024-04-01 04:00:00,18.29,ecommerce,pos,CA,67,259,1,0
2189,2024-04-01 05:00:00,190.64,restaurant,pos,FR,68,454,1,0
2190,2024-04-01 06:00:00,43.63,grocery,atm,IN,51,557,0,0
2191,2024-04-01 07:00:00,22.96,fuel,pos,CA,69,96,0,0
2192,2024-04-01 08:00:00,666.91,electronics,pos,CA,68,112,0,0
2193,2024-04-01 09:00:00,14.99,grocery,web,CA,59,38,0,0
2194,2024-04-01 10:00:00,234.74,travel,pos,CA,32,67,0,1
2195,2024-04-01 11:00:00,31.93,electronics,atm,CA,46,234,0,0
2196,2024-04-01 12:00:00,64.38,grocery,pos,CA,73,189,0,0
2197,2024-04-01 13:00:00,9.83,fuel,mobile,CA,39,581,0,0
2198,2024-04-01 14:00:00,91.72,ecommerce,web,FR,62,267,0,1
2199,2024-04-01 15:00:00,791.72,travel,mobile,CA,74,185,0,0
2200,2024-04-01 16:00:00,35.63,grocery,mobile,GB,54,282,0,0
2201,2024-04-01 17:00:00,5.0,restaurant,mobile,CA,52,435,0,0
2202,2024-04-01 18:00:00,28.19,restaurant,web,CA,30,202,0,0
2203,2024-04-01 19:00:00,50.48,grocery,web,CA,51,86,0,0
2204,2024-04-01 20:00:00,135.12,ecommerce,mobile,CA,20,252,0,0
2205,2024-04-01 21:00:00,514.15,travel,web,CA,25,373,0,0
2206,2024-04-01 22:00:00,387.57,electronics,web,FR,54,190,0,0
2207,2024-04-01 23:00:00,24.26,fuel,pos,IN,32,349,0,0
2208,2024-04-02 00:00:00,18.1,grocery,pos,CA,41,194,1,0
2209,2024-04-02 01:00:00,11.97,grocery,web,CA,42,543,1,0
2210,2024-04-02 02:00:00,16.79,restaurant,pos,CA,50,533,1,0
2211,2024-04-02 03:00:00,41.92,fuel,web,GB,65,430,1,0
2212,2024-04-02 04:00:00,8.11,restaurant,pos,CA,48,503,1,0
2213,2024-04-02 05:00:00,11.85,fuel,web,CA,75,72,1,0
2214,2024-04-02 06:00:00,45.28,restaurant,mobile,FR,50,392,0,0
2215,2024-04-02 07:00:00,18.31,grocery,web,FR,85,243,0,0
2216,2024-04-02 08:00:00,45.7,grocery,mobile,MX,85,467,0,0
2217,2024-04-02 09:00:00,13.12,restaurant,pos,CA,47,0,0,0
2218,2024-04-02 10:00:00,35.37,restaurant,pos,CA,70,112,0,0
2219,2024-04-02 11:00:00,29.98,ecommerce,mobile,CA,48,144,0,0
2220,2024-04-02 12:00:00,10.84,ecommerce,mobile,MX,77,334,0,0
2221,2024-04-02 13:00:00,64.54,fuel,mobile,GB,70,583,0,0
2222,2024-04-02 14:00:00,32.1,ecommerce,mobile,CA,41,538,0,0
2223,2024-04-02 15:00:00,26.19,grocery,mobile,FR,39,273,0,0
2224,2024-04-02 16:00:00,14.66,restaurant,mobile,CA,77,0,0,0
2225,2024-04-02 17:00:00,98.04,ecommerce,mobile,GB,54,521,0,0
2226,2024-04-02 18:00:00,132.64,electronics,mobile,CA,65,344,0,0
2227,2024-04-02 19:00:00,53.36,grocery,pos,CA,64,14,0,0
2228,2024-04-02 20:00:00,19.98,grocery,pos,CA,29,387,0,0
2229,2024-04-02 21:00:00,130.52,travel,web,MX,34,528,0,0
2230,2024-04-02 22:00:00,87.41,ecommerce,web,CA,79,523,0,0
2231,2024-04-02 23:00:00,548.38,travel,mobile,CA,37,534,0,1
2232,2024-04-03 00:00:00,43.17,grocery,pos,GB,77,586,1,0
2233,2024-04-03 01:00:00,11.07,restaurant,pos,MX,42,392,1,0
2234,2024-04-03 02:00:00,125.07,electronics,mobile,US,75,368,1,1
2235,2024-04-03 03:00:00,23.53,restaurant,pos,MX,57,69,1,0
2236,2024-04-03 04:00:00,5.42,grocery,mobile,US,24,380,1,0
2237,2024-04-03 05:00:00,11.41,ecommerce,pos,US,36,526,1,0
2238,2024-04-03 06:00:00,56.57,ecommerce,web,CA,82,488,0,0
2239,2024-04-03 07:00:00,27.74,fuel,web,CA,32,540,0,0
2240,2024-04-03 08:00:00,46.06,ecommerce,pos,CA,33,102,0,0
2241,2024-04-03 09:00:00,72.6,grocery,pos,CA,28,120,0,0
2242,2024-04-03 10:00:00,25.89,ecommerce,pos,CA,59,515,0,0
2243,2024-04-03 11:00:00,17.25,ecommerce,pos,CA,73,565,0,0
2244,2024-04-03 12:00:00,28.57,ecommerce,pos,CA,81,316,0,0
2245,2024-04-03 13:00:00,18.92,grocery,mobile,GB,78,529,0,0
2246,2024-04-03 14:00:00,57.0,ecommerce,pos,MX,78,409,0,0
2247,2024-04-03 15:00:00,66.58,travel,web,US,79,123,0,0
2248,2024-04-03 16:00:00,8.74,ecommerce,pos,IN,56,304,0,0
2249,2024-04-03 17:00:00,5.95,ecommerce,atm,CA,73,236,0,0
2250,2024-04-03 18:00:00,30.5,fuel,mobile,CA,61,474,0,0
2251,2024-04-03 19:00:00,35.58,electronics,atm,CA,27,202,0,0
2252,2024-04-03 20:00:00,9.88,ecommerce,atm,CA,19,105,0,0
2253,2024-04-03 21:00:00,239.54,travel,pos,CA,24,299,0,0
2254,2024-04-03 22:00:00,109.67,restaurant,mobile,FR,41,297,0,0
2255,2024-04-03 23:00:00,25.07,fuel,pos,CA,51,534,0,0
2256,2024-04-04 00:00:00,34.76,restaurant,mobile,CA,61,4,1,0
2257,2024-04-04 01:00:00,126.09,electronics,web,CA,53,525,1,0
2258,2024-04-04 02:00:00,5.0,grocery,web,CA,42,126,1,0
2259,2024-04-04 03:00:00,133.63,ecommerce,atm,MX,67,105,1,1
2260,2024-04-04 04:00:00,299.97,electronics,mobile,MX,76,251,1,1
2261,2024-04-04 05:00:00,142.59,restaurant,atm,GB,33,331,1,1
2262,2024-04-04 06:00:00,18.41,fuel,pos,US,35,558,0,0
2263,2024-04-04 07:00:00,11.79,grocery,pos,CA,81,320,0,0
2264,2024-04-04 08:00:00,92.72,fuel,pos,CA,83,87,0,0
2265,2024-04-04 09:00:00,51.33,grocery,web,MX,39,270,0,0
2266,2024-04-04 10:00:00,215.94,electronics,web,CA,52,553,0,1
2267,2024-04-04 11:00:00,15.25,fuel,pos,CA,57,429,0,0
2268,2024-04-04 12:00:00,125.49,electronics,mobile,CA,61,130,0,0
2269,2024-04-04 13:00:00,10.58,restaurant,pos,MX,76,388,0,0
2270,2024-04-04 14:00:00,135.85,travel,mobile,CA,25,440,0,0
2271,2024-04-04 15:00:00,99.8,travel,mobile,IN,53,165,0,1
2272,2024-04-04 16:00:00,809.96,electronics,web,CA,32,317,0,1
2273,2024-04-04 17:00:00,44.73,restaurant,web,CA,69,209,0,0
2274,2024-04-04 18:00:00,5.0,restaurant,pos,CA,58,108,0,0
2275,2024-04-04 19:00:00,32.71,grocery,pos,CA,68,533,0,0
2276,2024-04-04 20:00:00,38.02,fuel,mobile,CA,79,192,0,0
2277,2024-04-04 21:00:00,21.38,grocery,web,MX,71,195,0,0
2278,2024-04-04 22:00:00,10.12,restaurant,pos,CA,76,60,0,0
2279,2024-04-04 23:00:00,247.34,travel,atm,CA,73,266,0,0
2280,2024-04-05 00:00:00,25.28,ecommerce,mobile,CA,60,386,1,0
2281,2024-04-05 01:00:00,54.99,grocery,mobile,CA,44,584,1,0
2282,2024-04-05 02:00:00,23.43,ecommerce,web,IN,40,466,1,0
2283,2024-04-05 03:00:00,60.78,electronics,atm,CA,42,515,1,0
2284,2024-04-05 04:00:00,77.46,grocery,pos,GB,59,593,1,1
2285,2024-04-05 05:00:00,50.88,grocery,pos,CA,72,420,1,0
2286,2024-04-05 06:00:00,28.08,restaurant,mobile,CA,42,515,0,0
2287,2024-04-05 07:00:00,95.67,electronics,mobile,GB,57,182,0,0
2288,2024-04-05 08:00:00,35.54,grocery,web,CA,46,429,0,0
2289,2024-04-05 09:00:00,29.46,ecommerce,pos,FR,59,377,0,0
2290,2024-04-05 10:00:00,6.97,restaurant,pos,CA,73,271,0,0
2291,2024-04-05 11:00:00,164.03,electronics,mobile,CA,46,385,0,0
2292,2024-04-05 12:00:00,540.98,travel,mobile,FR,44,433,0,0
2293,2024-04-05 13:00:00,103.45,ecommerce,pos,CA,31,247,0,0
2294,2024-04-05 14:00:00,75.49,ecommerce,pos,IN,51,506,0,0
2295,2024-04-05 15:00:00,11.04,grocery,mobile,IN,49,21,0,0
2296,2024-04-05 16:00:00,216.42,electronics,mobile,CA,28,194,0,0
2297,2024-04-05 17:00:00,50.52,grocery,web,CA,83,220,0,0
2298,2024-04-05 18:00:00,64.93,grocery,web,GB,76,499,0,0
2299,2024-04-05 19:00:00,249.21,electronics,atm,CA,37,305,0,0
2300,2024-04-05 20:00:00,113.78,restaurant,pos,MX,82,560,0,0
2301,2024-04-05 21:00:00,36.04,electronics,web,CA,36,571,0,0
2302,2024-04-05 22:00:00,8.56,fuel,web,CA,46,275,0,0
2303,2024-04-05 23:00:00,31.19,fuel,web,CA,26,437,0,0
2304,2024-04-06 00:00:00,26.18,ecommerce,mobile,MX,59,147,1,0
2305,2024-04-06 01:00:00,22.4,ecommerce,web,MX,50,64,1,0
2306,2024-04-06 02:00:00,81.85,fuel,web,US,36,295,1,0
2307,2024-04-06 03:00:00,24.22,ecommerce,pos,CA,37,181,1,0
2308,2024-04-06 04:00:00,135.14,travel,mobile,CA,81,439,1,0
2309,2024-04-06 05:00:00,6.29,restaurant,pos,CA,64,313,1,0
2310,2024-04-06 06:00:00,28.89,restaurant,pos,CA,28,81,0,0
2311,2024-04-06 07:00:00,94.98,grocery,web,CA,27,271,0,0
2312,2024-04-06 08:00:00,178.95,ecommerce,web,US,22,241,0,0
2313,2024-04-06 09:00:00,83.9,grocery,atm,CA,34,3,0,0
2314,2024-04-06 10:00:00,55.97,ecommerce,mobile,CA,68,327,0,0
2315,2024-04-06 11:00:00,163.31,ecommerce,mobile,MX,22,561,0,0
2316,2024-04-06 12:00:00,48.24,grocery,pos,CA,34,538,0,0
2317,2024-04-06 13:00:00,66.2,electronics,web,IN,20,543,0,0
2318,2024-04-06 14:00:00,38.49,fuel,atm,CA,62,537,0,0
2319,2024-04-06 15:00:00,60.58,restaurant,web,CA,73,555,0,0
2320,2024-04-06 16:00:00,9.92,grocery,mobile,FR,53,58,0,0
2321,2024-04-06 17:00:00,12.61,grocery,web,US,79,257,0,0
2322,2024-04-06 18:00:00,52.78,ecommerce,pos,GB,64,327,0,0
2323,2024-04-06 19:00:00,10.91,grocery,web,CA,69,500,0,0
2324,2024-04-06 20:00:00,19.74,ecommerce,pos,CA,39,224,0,0
2325,2024-04-06 21:00:00,18.7,restaurant,pos,US,76,425,0,0
2326,2024-04-06 22:00:00,80.0,grocery,pos,CA,60,469,0,0
2327,2024-04-06 23:00:00,78.65,grocery,pos,US,23,307,0,0
2328,2024-04-07 00:00:00,36.45,fuel,web,CA,23,144,1,0
2329,2024-04-07 01:00:00,32.11,fuel,mobile,CA,79,46,1,0
2330,2024-04-07 02:00:00,893.39,travel,web,CA,36,267,1,1
2331,2024-04-07 03:00:00,36.96,ecommerce,mobile,GB,49,100,1,0
2332,2024-04-07 04:00:00,122.09,electronics,web,CA,69,387,1,1
2333,2024-04-07 05:00:00,19.28,grocery,pos,IN,70,143,1,0
2334,2024-04-07 06:00:00,18.85,ecommerce,pos,CA,19,526,0,0
2335,2024-04-07 07:00:00,285.48,electronics,atm,CA,59,538,0,0
2336,2024-04-07 08:00:00,20.74,restaurant,web,CA,80,502,0,0
2337,2024-04-07 09:00:00,112.24,ecommerce,atm,MX,41,399,0,0
2338,2024-04-07 10:00:00,21.87,fuel,pos,GB,54,69,0,0
2339,2024-04-07 11:00:00,100.6,grocery,mobile,CA,36,590,0,0
2340,2024-04-07 12:00:00,13.35,grocery,mobile,CA,67,39,0,0
2341,2024-04-07 13:00:00,93.38,grocery,atm,MX,26,340,0,0
2342,2024-04-07 14:00:00,219.77,electronics,pos,CA,53,483,0,0
2343,2024-04-07 15:00:00,11.94,ecommerce,atm,US,46,50,0,0
2344,2024-04-07 16:00:00,61.72,electronics,web,MX,61,298,0,0
2345,2024-04-07 17:00:00,82.1,grocery,mobile,CA,51,287,0,0
2346,2024-04-07 18:00:00,119.16,restaurant,web,US,84,118,0,0
2347,2024-04-07 19:00:00,187.12,electronics,web,MX,84,67,0,0
2348,2024-04-07 20:00:00,22.93,grocery,web,CA,37,546,0,0
2349,2024-04-07 21:00:00,13.7,grocery,mobile,CA,20,541,0,0
2350,2024-04-07 22:00:00,54.55,grocery,pos,CA,51,56,0,0
2351,2024-04-07 23:00:00,18.61,restaurant,web,GB,58,167,0,0
2352,2024-04-08 00:00:00,42.53,ecommerce,web,US,69,235,1,1
2353,2024-04-08 01:00:00,22.31,fuel,mobile,CA,53,118,1,0
2354,2024-04-08 02:00:00,132.81,ecommerce,web,CA,57,39,1,1
2355,2024-04-08 03:00:00,499.49,electronics,mobile,CA,19,307,1,1
2356,2024-04-08 04:00:00,68.79,fuel,web,CA,69,265,1,0
2357,2024-04-08 05:00:00,27.53,fuel,mobile,CA,40,485,1,0
2358,2024-04-08 06:00:00,12.15,restaurant,mobile,CA,44,178,0,0
2359,2024-04-08 07:00:00,59.74,grocery,mobile,CA,46,306,0,0
2360,2024-04-08 08:00:00,439.96,electronics,mobile,US,22,188,0,1
2361,2024-04-08 09:00:00,80.83,grocery,web,US,51,22,0,0
2362,2024-04-08 10:00:00,32.91,fuel,pos,CA,43,437,0,0
2363,2024-04-08 11:00:00,17.58,restaurant,mobile,US,33,446,0,0
2364,2024-04-08 12:00:00,186.22,travel,pos,CA,34,399,0,0
2365,2024-04-08 13:00:00,277.8,electronics,pos,CA,20,20,0,0
2366,2024-04-08 14:00:00,74.02,ecommerce,mobile,IN,78,418,0,0
2367,2024-04-08 15:00:00,54.72,ecommerce,web,CA,37,363,0,0
2368,2024-04-08 16:00:00,32.36,ecommerce,web,CA,77,265,0,0
2369,2024-04-08 17:00:00,280.71,fuel,atm,CA,74,370,0,0
2370,2024-04-08 18:00:00,12.24,fuel,pos,MX,49,66,0,0
2371,2024-04-08 19:00:00,24.79,ecommerce,pos,CA,72,125,0,0
2372,2024-04-08 20:00:00,69.62,ecommerce,pos,IN,32,77,0,0
2373,2024-04-08 21:00:00,50.08,ecommerce,pos,CA,30,268,0,0
2374,2024-04-08 22:00:00,150.85,ecommerce,mobile,CA,79,538,0,0
2375,2024-04-08 23:00:00,84.82,grocery,mobile,CA,61,3,0,0
2376,2024-04-09 00:00:00,9.15,restaurant,web,MX,64,268,1,0
2377,2024-04-09 01:00:00,69.15,travel,pos,CA,80,170,1,0
2378,2024-04-09 02:00:00,14.9,grocery,web,IN,18,563,1,0
2379,2024-04-09 03:00:00,199.11,electronics,pos,FR,29,372,1,1
2380,2024-04-09 04:00:00,40.14,restaurant,mobile,CA,83,133,1,0
2381,2024-04-09 05:00:00,42.99,ecommerce,web,CA,26,170,1,0
2382,2024-04-09 06:00:00,39.8,grocery,pos,CA,48,349,0,0
2383,2024-04-09 07:00:00,11.89,grocery,mobile,US,19,28,0,0
2384,2024-04-09 08:00:00,16.79,grocery,mobile,US,40,40,0,0
2385,2024-04-09 09:00:00,30.5,electronics,pos,CA,29,405,0,0
2386,2024-04-09 10:00:00,31.12,restaurant,mobile,IN,35,482,0,0
2387,2024-04-09 11:00:00,37.21,grocery,web,CA,73,446,0,0
2388,2024-04-09 12:00:00,40.52,electronics,pos,GB,36,103,0,0
2389,2024-04-09 13:00:00,47.86,grocery,pos,FR,73,518,0,0
2390,2024-04-09 14:00:00,353.43,travel,mobile,CA,78,135,0,0
2391,2024-04-09 15:00:00,38.88,electronics,atm,CA,54,526,0,0
2392,2024-04-09 16:00:00,44.77,ecommerce,web,CA,54,177,0,0
2393,2024-04-09 17:00:00,52.01,grocery,web,IN,40,298,0,0
2394,2024-04-09 18:00:00,135.72,travel,mobile,CA,63,575,0,0
2395,2024-04-09 19:00:00,7.94,restaurant,web,FR,72,244,0,0
2396,2024-04-09 20:00:00,40.39,ecommerce,pos,CA,76,401,0,0
2397,2024-04-09 21:00:00,21.38,grocery,web,CA,31,352,0,0
2398,2024-04-09 22:00:00,28.1,grocery,atm,FR,64,44,0,0
2399,2024-04-09 23:00:00,24.33,fuel,mobile,CA,27,476,0,0
2400,2024-04-10 00:00:00,558.75,travel,atm,MX,51,215,1,1
2401,2024-04-10 01:00:00,81.46,electronics,pos,CA,24,285,1,0
2402,2024-04-10 02:00:00,20.94,electronics,web,CA,55,182,1,0
2403,2024-04-10 03:00:00,29.63,restaurant,web,CA,75,598,1,0
2404,2024-04-10 04:00:00,473.79,electronics,pos,CA,73,330,1,1
2405,2024-04-10 05:00:00,51.67,ecommerce,pos,MX,66,383,1,0
2406,2024-04-10 06:00:00,18.4,fuel,mobile,CA,57,314,0,0
2407,2024-04-10 07:00:00,45.64,ecommerce,mobile,CA,60,185,0,0
2408,2024-04-10 08:00:00,101.6,ecommerce,mobile,CA,24,352,0,0
2409,2024-04-10 09:00:00,20.66,restaurant,pos,US,67,477,0,0
2410,2024-04-10 10:00:00,25.12,electronics,web,GB,64,57,0,0
2411,2024-04-10 11:00:00,14.91,restaurant,pos,US,27,90,0,0
2412,2024-04-10 12:00:00,56.66,ecommerce,pos,IN,61,98,0,0
2413,2024-04-10 13:00:00,44.21,fuel,web,CA,44,562,0,0
2414,2024-04-10 14:00:00,16.16,fuel,pos,CA,52,346,0,0
2415,2024-04-10 15:00:00,25.09,grocery,atm,CA,73,204,0,0
2416,2024-04-10 16:00:00,62.54,ecommerce,web,CA,39,119,0,0
2417,2024-04-10 17:00:00,13.56,fuel,pos,MX,80,411,0,0
2418,2024-04-10 18:00:00,30.16,grocery,pos,GB,46,315,0,0
2419,2024-04-10 19:00:00,41.57,restaurant,mobile,CA,52,375,0,0
2420,2024-04-10 20:00:00,11.26,grocery,pos,IN,19,429,0,0
2421,2024-04-10 21:00:00,43.16,grocery,pos,CA,26,57,0,0
2422,2024-04-10 22:00:00,36.84,electronics,web,MX,37,408,0,0
2423,2024-04-10 23:00:00,12.5,grocery,pos,CA,84,433,0,0
2424,2024-04-11 00:00:00,15.03,restaurant,web,US,35,166,1,0
2425,2024-04-11 01:00:00,335.85,electronics,web,CA,44,187,1,1
2426,2024-04-11 02:00:00,7.0,grocery,pos,IN,76,355,1,0
2427,2024-04-11 03:00:00,64.73,electronics,mobile,IN,39,229,1,0
2428,2024-04-11 04:00:00,133.28,travel,web,CA,73,559,1,1
2429,2024-04-11 05:00:00,280.97,electronics,web,CA,26,58,1,1
2430,2024-04-11 06:00:00,567.33,electronics,pos,US,27,101,0,1
2431,2024-04-11 07:00:00,67.22,electronics,web,US,18,486,0,0
2432,2024-04-11 08:00:00,221.79,travel,pos,CA,26,409,0,1
2433,2024-04-11 09:00:00,55.16,ecommerce,web,US,59,517,0,0
2434,2024-04-11 10:00:00,89.74,electronics,pos,FR,24,14,0,0
2435,2024-04-11 11:00:00,34.91,restaurant,atm,US,59,80,0,0
2436,2024-04-11 12:00:00,32.77,travel,pos,CA,58,502,0,0
2437,2024-04-11 13:00:00,130.74,travel,atm,IN,33,488,0,0
2438,2024-04-11 14:00:00,90.11,ecommerce,atm,CA,20,496,0,0
2439,2024-04-11 15:00:00,45.33,electronics,web,CA,29,539,0,0
2440,2024-04-11 16:00:00,41.2,restaurant,pos,IN,27,138,0,0
2441,2024-04-11 17:00:00,6.91,grocery,web,CA,53,58,0,0
2442,2024-04-11 18:00:00,35.64,grocery,atm,CA,81,178,0,0
2443,2024-04-11 19:00:00,91.36,fuel,web,US,47,599,0,1
2444,2024-04-11 20:00:00,22.42,fuel,web,GB,61,310,0,0
2445,2024-04-11 21:00:00,11.32,fuel,pos,CA,38,2,0,0
2446,2024-04-11 22:00:00,9.08,grocery,mobile,CA,24,446,0,0
2447,2024-04-11 23:00:00,85.35,ecommerce,pos,CA,32,506,0,0
2448,2024-04-12 00:00:00,314.66,travel,pos,CA,50,73,1,0
2449,2024-04-12 01:00:00,129.78,travel,pos,CA,76,335,1,0
2450,2024-04-12 02:00:00,89.92,travel,web,CA,34,447,1,0
2451,2024-04-12 03:00:00,17.29,electronics,mobile,IN,84,575,1,0
2452,2024-04-12 04:00:00,152.61,travel,mobile,US,61,364,1,1
2453,2024-04-12 05:00:00,52.85,electronics,pos,FR,42,203,1,0
2454,2024-04-12 06:00:00,77.3,travel,web,FR,60,546,0,0
2455,2024-04-12 07:00:00,116.94,fuel,mobile,IN,65,216,0,0
2456,2024-04-12 08:00:00,26.97,travel,web,MX,64,380,0,0
2457,2024-04-12 09:00:00,7.3,grocery,pos,CA,76,505,0,0
2458,2024-04-12 10:00:00,73.96,ecommerce,web,GB,63,318,0,0
2459,2024-04-12 11:00:00,19.3,fuel,web,CA,19,427,0,0
2460,2024-04-12 12:00:00,17.11,restaurant,atm,CA,43,505,0,0
2461,2024-04-12 13:00:00,174.46,travel,mobile,CA,79,360,0,0
2462,2024-04-12 14:00:00,41.24,grocery,pos,CA,32,252,0,0
2463,2024-04-12 15:00:00,56.83,travel,mobile,CA,51,387,0,0
2464,2024-04-12 16:00:00,35.26,ecommerce,pos,GB,52,241,0,0
2465,2024-04-12 17:00:00,102.76,electronics,mobile,CA,55,410,0,0
2466,2024-04-12 18:00:00,114.22,electronics,web,CA,77,48,0,0
2467,2024-04-12 19:00:00,210.87,travel,pos,CA,54,28,0,0
2468,2024-04-12 20:00:00,80.76,travel,web,FR,18,285,0,0
2469,2024-04-12 21:00:00,82.08,ecommerce,pos,CA,34,70,0,0
2470,2024-04-12 22:00:00,64.21,fuel,pos,CA,60,439,0,0
2471,2024-04-12 23:00:00,28.47,restaurant,web,GB,71,108,0,0
2472,2024-04-13 00:00:00,89.59,electronics,mobile,FR,61,300,1,1
2473,2024-04-13 01:00:00,22.08,fuel,mobile,CA,67,106,1,0
2474,2024-04-13 02:00:00,34.46,ecommerce,web,US,34,554,1,1
2475,2024-04-13 03:00:00,14.08,grocery,pos,CA,24,506,1,0
2476,2024-04-13 04:00:00,25.05,grocery,web,IN,82,0,1,1
2477,2024-04-13 05:00:00,49.15,grocery,web,US,56,237,1,0
2478,2024-04-13 06:00:00,26.98,ecommerce,pos,MX,68,566,0,0
2479,2024-04-13 07:00:00,25.51,restaurant,mobile,CA,83,294,0,0
2480,2024-04-13 08:00:00,22.98,fuel,atm,US,30,507,0,0
2481,2024-04-13 09:00:00,297.48,ecommerce,pos,CA,77,53,0,0
2482,2024-04-13 10:00:00,62.78,grocery,mobile,CA,42,257,0,0
2483,2024-04-13 11:00:00,113.43,ecommerce,mobile,MX,60,523,0,0
2484,2024-04-13 12:00:00,224.94,electronics,pos,GB,44,117,0,0
2485,2024-04-13 13:00:00,36.75,ecommerce,mobile,CA,31,6,0,0
2486,2024-04-13 14:00:00,339.29,electronics,pos,FR,77,441,0,0
2487,2024-04-13 15:00:00,113.41,electronics,pos,CA,41,50,0,0
2488,2024-04-13 16:00:00,31.47,grocery,atm,US,19,180,0,0
2489,2024-04-13 17:00:00,45.74,travel,mobile,CA,28,488,0,0
2490,2024-04-13 18:00:00,19.02,restaurant,pos,CA,83,535,0,0
2491,2024-04-13 19:00:00,12.26,ecommerce,web,FR,73,78,0,1
2492,2024-04-13 20:00:00,26.2,grocery,atm,CA,63,298,0,0
2493,2024-04-13 21:00:00,16.25,restaurant,web,IN,70,476,0,0
2494,2024-04-13 22:00:00,19.07,restaurant,atm,CA,62,235,0,0
2495,2024-04-13 23:00:00,7.84,fuel,mobile,MX,79,210,0,0
2496,2024-04-14 00:00:00,51.42,fuel,pos,CA,24,326,1,0
2497,2024-04-14 01:00:00,55.84,grocery,mobile,US,22,466,1,0
2498,2024-04-14 02:00:00,449.7,electronics,mobile,FR,65,24,1,1
2499,2024-04-14 03:00:00,121.77,fuel,mobile,US,83,30,1,0
2500,2024-04-14 04:00:00,37.7,grocery,web,CA,57,64,1,0
2501,2024-04-14 05:00:00,246.87,electronics,pos,GB,83,205,1,1
2502,2024-04-14 06:00:00,34.54,restaurant,pos,MX,45,167,0,0
2503,2024-04-14 07:00:00,66.9,electronics,web,CA,63,289,0,0
2504,2024-04-14 08:00:00,46.76,ecommerce,mobile,US,52,180,0,0
2505,2024-04-14 09:00:00,58.22,grocery,mobile,US,77,376,0,0
2506,2024-04-14 10:00:00,1081.37,restaurant,web,GB,62,193,0,1
2507,2024-04-14 11:00:00,78.03,restaurant,pos,CA,47,502,0,0
2508,2024-04-14 12:00:00,34.08,fuel,pos,CA,34,186,0,0
2509,2024-04-14 13:00:00,210.97,travel,mobile,IN,39,146,0,0
2510,2024-04-14 14:00:00,41.86,fuel,web,US,23,517,0,0
2511,2024-04-14 15:00:00,55.37,ecommerce,mobile,CA,28,395,0,0
2512,2024-04-14 16:00:00,64.72,grocery,pos,IN,52,28,0,0
2513,2024-04-14 17:00:00,28.48,grocery,web,CA,20,91,0,0
2514,2024-04-14 18:00:00,24.17,ecommerce,atm,CA,50,29,0,0
2515,2024-04-14 19:00:00,151.61,electronics,pos,GB,20,477,0,0
2516,2024-04-14 20:00:00,57.0,grocery,pos,MX,29,377,0,0
2517,2024-04-14 21:00:00,52.67,ecommerce,mobile,IN,65,560,0,0
2518,2024-04-14 22:00:00,36.08,fuel,web,US,19,197,0,0
2519,2024-04-14 23:00:00,77.79,grocery,atm,CA,40,28,0,0
2520,2024-04-15 00:00:00,31.27,grocery,atm,CA,30,275,1,0
2521,2024-04-15 01:00:00,18.26,fuel,mobile,CA,21,47,1,0
2522,2024-04-15 02:00:00,31.72,ecommerce,pos,IN,32,86,1,0
2523,2024-04-15 03:00:00,108.62,travel,web,CA,25,473,1,0
2524,2024-04-15 04:00:00,108.66,restaurant,mobile,CA,23,227,1,0
2525,2024-04-15 05:00:00,27.4,grocery,web,CA,63,529,1,0
2526,2024-04-15 06:00:00,37.73,restaurant,atm,CA,26,308,0,0
2527,2024-04-15 07:00:00,20.39,restaurant,mobile,CA,81,389,0,0
2528,2024-04-15 08:00:00,67.94,electronics,pos,US,51,501,0,0
2529,2024-04-15 09:00:00,61.86,travel,web,CA,45,277,0,0
2530,2024-04-15 10:00:00,149.39,travel,mobile,IN,77,192,0,0
2531,2024-04-15 11:00:00,85.71,travel,pos,FR,70,462,0,0
2532,2024-04-15 12:00:00,309.23,electronics,pos,CA,46,499,0,0
2533,2024-04-15 13:00:00,29.74,grocery,mobile,FR,84,180,0,0
2534,2024-04-15 14:00:00,26.23,restaurant,pos,CA,54,494,0,0
2535,2024-04-15 15:00:00,116.06,travel,pos,CA,66,596,0,0
2536,2024-04-15 16:00:00,137.24,electronics,mobile,CA,83,116,0,1
2537,2024-04-15 17:00:00,229.78,ecommerce,mobile,GB,67,509,0,1
2538,2024-04-15 18:00:00,12.85,grocery,web,US,58,52,0,0
2539,2024-04-15 19:00:00,35.05,fuel,atm,CA,59,533,0,0
2540,2024-04-15 20:00:00,6.65,fuel,atm,MX,62,535,0,0
2541,2024-04-15 21:00:00,180.58,ecommerce,web,MX,84,513,0,0
2542,2024-04-15 22:00:00,54.49,ecommerce,pos,MX,65,209,0,0
2543,2024-04-15 23:00:00,15.64,ecommerce,mobile,CA,38,560,0,0
2544,2024-04-16 00:00:00,8.66,fuel,pos,GB,19,332,1,0
2545,2024-04-16 01:00:00,124.94,ecommerce,mobile,US,71,38,1,0
2546,2024-04-16 02:00:00,6.1,restaurant,web,CA,51,510,1,0
2547,2024-04-16 03:00:00,42.08,grocery,web,GB,46,546,1,0
2548,2024-04-16 04:00:00,40.84,ecommerce,web,CA,81,182,1,0
2549,2024-04-16 05:00:00,50.4,ecommerce,web,MX,28,149,1,0
2550,2024-04-16 06:00:00,14.89,fuel,atm,MX,20,342,0,0
2551,2024-04-16 07:00:00,11.58,fuel,pos,CA,68,215,0,0
2552,2024-04-16 08:00:00,88.02,travel,atm,CA,80,384,0,0
2553,2024-04-16 09:00:00,45.68,restaurant,pos,MX,74,222,0,0
2554,2024-04-16 10:00:00,46.15,ecommerce,mobile,FR,77,130,0,1
2555,2024-04-16 11:00:00,143.58,electronics,atm,FR,76,139,0,0
2556,2024-04-16 12:00:00,26.34,grocery,web,US,64,395,0,0
2557,2024-04-16 13:00:00,104.11,ecommerce,pos,CA,80,263,0,0
2558,2024-04-16 14:00:00,39.66,fuel,mobile,CA,41,9,0,0
2559,2024-04-16 15:00:00,20.14,grocery,mobile,GB,68,303,0,0
2560,2024-04-16 16:00:00,57.86,travel,pos,CA,24,473,0,0
2561,2024-04-16 17:00:00,322.59,travel,web,MX,53,89,0,0
2562,2024-04-16 18:00:00,47.26,electronics,mobile,CA,37,146,0,0
2563,2024-04-16 19:00:00,42.84,fuel,pos,CA,81,216,0,0
2564,2024-04-16 20:00:00,140.37,travel,web,US,47,557,0,0
2565,2024-04-16 21:00:00,39.59,ecommerce,web,US,32,209,0,0
2566,2024-04-16 22:00:00,48.22,grocery,pos,US,56,503,0,0
2567,2024-04-16 23:00:00,112.2,grocery,mobile,CA,23,405,0,0
2568,2024-04-17 00:00:00,239.67,travel,pos,GB,26,596,1,1
2569,2024-04-17 01:00:00,30.67,restaurant,atm,CA,47,349,1,0
2570,2024-04-17 02:00:00,140.96,grocery,web,GB,60,190,1,0
2571,2024-04-17 03:00:00,6.05,fuel,web,US,57,430,1,0
2572,2024-04-17 04:00:00,36.12,electronics,web,CA,21,54,1,0
2573,2024-04-17 05:00:00,64.7,electronics,web,MX,64,471,1,1
2574,2024-04-17 06:00:00,97.93,fuel,mobile,US,21,140,0,0
2575,2024-04-17 07:00:00,318.89,travel,mobile,CA,73,400,0,0
2576,2024-04-17 08:00:00,20.97,electronics,mobile,US,20,348,0,0
2577,2024-04-17 09:00:00,18.43,restaurant,web,CA,19,144,0,0
2578,2024-04-17 10:00:00,9.95,grocery,pos,IN,53,289,0,0
2579,2024-04-17 11:00:00,26.32,restaurant,pos,CA,72,301,0,0
2580,2024-04-17 12:00:00,73.76,grocery,mobile,CA,70,460,0,0
2581,2024-04-17 13:00:00,236.48,electronics,web,GB,58,280,0,1
2582,2024-04-17 14:00:00,41.7,grocery,web,CA,30,34,0,0
2583,2024-04-17 15:00:00,22.35,grocery,web,IN,82,44,0,0
2584,2024-04-17 16:00:00,30.06,grocery,web,CA,19,399,0,0
2585,2024-04-17 17:00:00,50.49,fuel,mobile,CA,41,537,0,0
2586,2024-04-17 18:00:00,496.65,ecommerce,web,CA,69,261,0,0
2587,2024-04-17 19:00:00,11.27,grocery,atm,CA,59,54,0,0
2588,2024-04-17 20:00:00,114.07,fuel,pos,CA,71,102,0,0
2589,2024-04-17 21:00:00,74.81,ecommerce,web,CA,70,586,0,0
2590,2024-04-17 22:00:00,205.62,electronics,pos,CA,81,422,0,0
2591,2024-04-17 23:00:00,32.25,restaurant,mobile,CA,53,19,0,0
2592,2024-04-18 00:00:00,483.02,travel,web,CA,73,155,1,1
2593,2024-04-18 01:00:00,44.07,grocery,web,CA,28,438,1,0
2594,2024-04-18 02:00:00,33.5,ecommerce,mobile,CA,29,379,1,0
2595,2024-04-18 03:00:00,40.93,restaurant,web,CA,21,172,1,0
2596,2024-04-18 04:00:00,90.31,grocery,pos,CA,31,418,1,0
2597,2024-04-18 05:00:00,60.07,ecommerce,web,CA,25,543,1,1
2598,2024-04-18 06:00:00,5.0,restaurant,pos,CA,74,540,0,0
2599,2024-04-18 07:00:00,24.62,restaurant,mobile,CA,51,495,0,0
2600,2024-04-18 08:00:00,65.6,ecommerce,mobile,IN,48,212,0,0
2601,2024-04-18 09:00:00,131.09,travel,mobile,CA,61,15,0,0
2602,2024-04-18 10:00:00,17.48,fuel,mobile,CA,42,234,0,0
2603,2024-04-18 11:00:00,323.27,electronics,mobile,US,56,13,0,0
2604,2024-04-18 12:00:00,5.0,grocery,web,CA,18,342,0,0
2605,2024-04-18 13:00:00,35.65,grocery,pos,CA,66,362,0,0
2606,2024-04-18 14:00:00,150.43,travel,web,GB,77,205,0,0
2607,2024-04-18 15:00:00,395.71,ecommerce,atm,MX,20,89,0,1
2608,2024-04-18 16:00:00,134.73,travel,atm,IN,23,315,0,1
2609,2024-04-18 17:00:00,89.69,ecommerce,mobile,IN,27,8,0,0
2610,2024-04-18 18:00:00,30.55,restaurant,pos,US,59,166,0,0
2611,2024-04-18 19:00:00,106.99,electronics,pos,MX,69,581,0,1
2612,2024-04-18 20:00:00,133.42,fuel,mobile,CA,73,549,0,0
2613,2024-04-18 21:00:00,36.14,electronics,pos,FR,71,380,0,0
2614,2024-04-18 22:00:00,32.94,ecommerce,web,US,57,224,0,0
2615,2024-04-18 23:00:00,53.82,fuel,web,CA,65,6,0,0
2616,2024-04-19 00:00:00,41.28,grocery,pos,CA,37,390,1,0
2617,2024-04-19 01:00:00,21.16,restaurant,mobile,US,68,294,1,0
2618,2024-04-19 02:00:00,92.23,electronics,atm,CA,30,428,1,0
2619,2024-04-19 03:00:00,62.14,restaurant,mobile,GB,83,94,1,1
2620,2024-04-19 04:00:00,42.24,restaurant,web,CA,20,499,1,0
2621,2024-04-19 05:00:00,14.37,restaurant,web,GB,82,483,1,0
2622,2024-04-19 06:00:00,74.39,ecommerce,atm,CA,49,257,0,0
2623,2024-04-19 07:00:00,26.1,restaurant,web,US,61,17,0,0
2624,2024-04-19 08:00:00,41.69,fuel,web,CA,28,280,0,0
2625,2024-04-19 09:00:00,44.99,ecommerce,mobile,CA,39,222,0,0
2626,2024-04-19 10:00:00,9.2,fuel,pos,CA,76,457,0,0
2627,2024-04-19 11:00:00,110.0,ecommerce,pos,CA,18,143,0,0
2628,2024-04-19 12:00:00,98.4,ecommerce,mobile,CA,31,10,0,0
2629,2024-04-19 13:00:00,214.67,ecommerce,web,GB,60,589,0,0
2630,2024-04-19 14:00:00,10.02,grocery,pos,CA,72,145,0,0
2631,2024-04-19 15:00:00,25.62,fuel,pos,MX,47,46,0,0
2632,2024-04-19 16:00:00,22.19,restaurant,atm,MX,23,515,0,0
2633,2024-04-19 17:00:00,95.55,travel,mobile,CA,27,432,0,0
2634,2024-04-19 18:00:00,6.82,fuel,mobile,FR,78,161,0,0
2635,2024-04-19 19:00:00,23.0,ecommerce,pos,GB,32,287,0,0
2636,2024-04-19 20:00:00,34.82,fuel,atm,GB,57,413,0,0
2637,2024-04-19 21:00:00,20.89,grocery,mobile,GB,81,490,0,0
2638,2024-04-19 22:00:00,46.71,electronics,web,US,43,224,0,0
2639,2024-04-19 23:00:00,118.69,grocery,pos,IN,22,128,0,0
2640,2024-04-20 00:00:00,832.25,electronics,mobile,CA,73,8,1,1
2641,2024-04-20 01:00:00,93.41,electronics,mobile,CA,71,514,1,0
2642,2024-04-20 02:00:00,7.06,fuel,mobile,MX,62,489,1,0
2643,2024-04-20 03:00:00,39.0,restaurant,atm,CA,79,571,1,0
2644,2024-04-20 04:00:00,9.19,ecommerce,mobile,US,70,449,1,0
2645,2024-04-20 05:00:00,8.1,restaurant,pos,CA,64,128,1,0
2646,2024-04-20 06:00:00,142.6,electronics,web,CA,40,144,0,1
2647,2024-04-20 07:00:00,28.29,electronics,mobile,FR,22,145,0,0
2648,2024-04-20 08:00:00,104.57,travel,pos,CA,67,275,0,0
2649,2024-04-20 09:00:00,7.18,restaurant,pos,CA,75,579,0,0
2650,2024-04-20 10:00:00,28.72,restaurant,mobile,US,65,415,0,0
2651,2024-04-20 11:00:00,165.05,ecommerce,web,GB,62,260,0,0
2652,2024-04-20 12:00:00,56.61,electronics,mobile,FR,66,443,0,0
2653,2024-04-20 13:00:00,96.57,electronics,pos,CA,36,501,0,0
2654,2024-04-20 14:00:00,13.1,fuel,pos,FR,25,242,0,0
2655,2024-04-20 15:00:00,13.95,restaurant,pos,US,60,506,0,0
2656,2024-04-20 16:00:00,28.42,ecommerce,mobile,GB,82,11,0,0
2657,2024-04-20 17:00:00,55.38,fuel,mobile,CA,27,186,0,0
2658,2024-04-20 18:00:00,9.18,grocery,web,CA,22,102,0,0
2659,2024-04-20 19:00:00,44.55,ecommerce,web,CA,66,107,0,0
2660,2024-04-20 20:00:00,39.48,restaurant,pos,US,46,121,0,0
2661,2024-04-20 21:00:00,136.2,ecommerce,mobile,CA,79,220,0,0
2662,2024-04-20 22:00:00,89.29,ecommerce,atm,CA,50,435,0,0
2663,2024-04-20 23:00:00,56.26,ecommerce,mobile,US,53,355,0,1
2664,2024-04-21 00:00:00,16.36,fuel,pos,CA,22,265,1,0
2665,2024-04-21 01:00:00,226.01,electronics,web,CA,82,298,1,0
2666,2024-04-21 02:00:00,12.51,restaurant,pos,CA,40,110,1,0
2667,2024-04-21 03:00:00,15.21,grocery,pos,FR,47,442,1,0
2668,2024-04-21 04:00:00,92.21,fuel,pos,US,60,453,1,0
2669,2024-04-21 05:00:00,37.75,fuel,pos,US,76,329,1,0
2670,2024-04-21 06:00:00,194.87,travel,pos,IN,72,489,0,0
2671,2024-04-21 07:00:00,46.78,fuel,mobile,US,70,484,0,0
2672,2024-04-21 08:00:00,55.14,ecommerce,pos,CA,25,483,0,0
2673,2024-04-21 09:00:00,7.49,fuel,mobile,US,24,62,0,0
2674,2024-04-21 10:00:00,171.12,travel,atm,IN,74,51,0,0
2675,2024-04-21 11:00:00,26.85,fuel,web,CA,80,263,0,0
2676,2024-04-21 12:00:00,12.6,fuel,web,US,60,34,0,0
2677,2024-04-21 13:00:00,36.88,electronics,mobile,CA,79,9,0,0
2678,2024-04-21 14:00:00,94.25,electronics,pos,GB,39,78,0,0
2679,2024-04-21 15:00:00,17.7,ecommerce,web,US,41,72,0,0
2680,2024-04-21 16:00:00,86.38,electronics,web,IN,29,195,0,0
2681,2024-04-21 17:00:00,21.53,restaurant,mobile,US,71,199,0,0
2682,2024-04-21 18:00:00,29.43,grocery,mobile,CA,63,492,0,0
2683,2024-04-21 19:00:00,196.11,travel,mobile,CA,33,541,0,1
2684,2024-04-21 20:00:00,105.12,ecommerce,mobile,FR,85,102,0,0
2685,2024-04-21 21:00:00,51.8,electronics,web,CA,20,228,0,0
2686,2024-04-21 22:00:00,131.38,ecommerce,mobile,CA,70,305,0,0
2687,2024-04-21 23:00:00,112.04,travel,mobile,MX,32,164,0,0
2688,2024-04-22 00:00:00,290.99,ecommerce,web,CA,71,198,1,0
2689,2024-04-22 01:00:00,16.12,fuel,atm,CA,50,403,1,0
2690,2024-04-22 02:00:00,6.4,restaurant,mobile,CA,33,255,1,0
2691,2024-04-22 03:00:00,127.18,ecommerce,web,CA,21,422,1,0
2692,2024-04-22 04:00:00,40.04,restaurant,pos,US,60,44,1,0
2693,2024-04-22 05:00:00,80.51,restaurant,pos,CA,28,289,1,0
2694,2024-04-22 06:00:00,36.07,restaurant,mobile,CA,48,186,0,0
2695,2024-04-22 07:00:00,269.13,grocery,pos,GB,82,173,0,0
2696,2024-04-22 08:00:00,82.91,electronics,web,CA,78,281,0,0
2697,2024-04-22 09:00:00,84.0,grocery,web,MX,51,181,0,1
2698,2024-04-22 10:00:00,37.43,ecommerce,mobile,CA,67,455,0,0
2699,2024-04-22 11:00:00,42.5,restaurant,mobile,CA,73,111,0,0
2700,2024-04-22 12:00:00,180.91,electronics,mobile,US,59,536,0,0
2701,2024-04-22 13:00:00,57.75,fuel,web,MX,32,217,0,0
2702,2024-04-22 14:00:00,120.78,ecommerce,pos,IN,73,316,0,0
2703,2024-04-22 15:00:00,5.34,electronics,mobile,CA,24,101,0,0
2704,2024-04-22 16:00:00,92.39,electronics,pos,CA,53,552,0,0
2705,2024-04-22 17:00:00,16.27,fuel,web,CA,71,386,0,0
2706,2024-04-22 18:00:00,19.43,restaurant,atm,CA,56,462,0,0
2707,2024-04-22 19:00:00,46.54,ecommerce,web,CA,41,537,0,0
2708,2024-04-22 20:00:00,78.96,grocery,mobile,FR,46,598,0,0
2709,2024-04-22 21:00:00,163.79,travel,mobile,GB,49,152,0,1
2710,2024-04-22 22:00:00,17.29,restaurant,mobile,CA,68,197,0,0
2711,2024-04-22 23:00:00,16.02,ecommerce,web,CA,85,145,0,0
2712,2024-04-23 00:00:00,238.67,ecommerce,web,CA,70,301,1,0
2713,2024-04-23 01:00:00,18.29,grocery,pos,CA,39,539,1,0
2714,2024-04-23 02:00:00,24.27,restaurant,web,US,25,443,1,0
2715,2024-04-23 03:00:00,411.7,ecommerce,pos,FR,50,341,1,1
2716,2024-04-23 04:00:00,15.62,fuel,web,CA,76,284,1,0
2717,2024-04-23 05:00:00,21.3,restaurant,mobile,CA,61,438,1,0
2718,2024-04-23 06:00:00,40.37,grocery,pos,CA,39,280,0,0
2719,2024-04-23 07:00:00,6.43,fuel,web,CA,24,534,0,0
2720,2024-04-23 08:00:00,5.8,fuel,pos,IN,35,336,0,0
2721,2024-04-23 09:00:00,63.71,electronics,pos,GB,66,399,0,0
2722,2024-04-23 10:00:00,40.17,ecommerce,pos,GB,63,408,0,0
2723,2024-04-23 11:00:00,67.77,ecommerce,pos,FR,48,446,0,0
2724,2024-04-23 12:00:00,13.59,grocery,atm,CA,40,287,0,0
2725,2024-04-23 13:00:00,145.24,electronics,atm,MX,29,232,0,0
2726,2024-04-23 14:00:00,14.11,electronics,mobile,MX,84,249,0,0
2727,2024-04-23 15:00:00,30.75,grocery,web,CA,47,563,0,0
2728,2024-04-23 16:00:00,83.05,ecommerce,mobile,CA,70,65,0,0
2729,2024-04-23 17:00:00,36.69,restaurant,mobile,US,49,423,0,0
2730,2024-04-23 18:00:00,28.29,grocery,web,FR,56,577,0,0
2731,2024-04-23 19:00:00,33.15,ecommerce,pos,CA,61,43,0,0
2732,2024-04-23 20:00:00,22.97,fuel,mobile,FR,42,371,0,0
2733,2024-04-23 21:00:00,182.34,ecommerce,atm,IN,81,357,0,0
2734,2024-04-23 22:00:00,35.02,ecommerce,pos,IN,49,200,0,0
2735,2024-04-23 23:00:00,65.84,fuel,web,CA,70,56,0,0
2736,2024-04-24 00:00:00,91.17,grocery,web,CA,80,407,1,0
2737,2024-04-24 01:00:00,5.72,fuel,web,MX,44,313,1,0
2738,2024-04-24 02:00:00,87.57,electronics,mobile,CA,33,451,1,0
2739,2024-04-24 03:00:00,11.32,fuel,web,CA,83,53,1,0
2740,2024-04-24 04:00:00,8.48,grocery,atm,GB,71,561,1,0
2741,2024-04-24 05:00:00,55.68,restaurant,mobile,CA,71,376,1,0
2742,2024-04-24 06:00:00,50.16,grocery,pos,CA,82,266,0,0
2743,2024-04-24 07:00:00,124.57,electronics,mobile,IN,19,274,0,0
2744,2024-04-24 08:00:00,22.61,ecommerce,mobile,CA,82,572,0,0
2745,2024-04-24 09:00:00,118.77,electronics,web,IN,25,332,0,0
2746,2024-04-24 10:00:00,10.07,grocery,web,CA,27,348,0,0
2747,2024-04-24 11:00:00,35.12,grocery,mobile,CA,32,390,0,0
2748,2024-04-24 12:00:00,15.05,fuel,web,CA,25,187,0,0
2749,2024-04-24 13:00:00,84.34,grocery,pos,CA,23,150,0,0
2750,2024-04-24 14:00:00,43.31,ecommerce,pos,CA,26,451,0,0
2751,2024-04-24 15:00:00,121.01,electronics,pos,FR,51,192,0,0
2752,2024-04-24 16:00:00,121.25,electronics,mobile,IN,43,20,0,0
2753,2024-04-24 17:00:00,30.6,grocery,pos,CA,41,289,0,0
2754,2024-04-24 18:00:00,30.01,restaurant,mobile,CA,29,6,0,0
2755,2024-04-24 19:00:00,129.18,electronics,web,US,84,340,0,0
2756,2024-04-24 20:00:00,12.18,restaurant,mobile,CA,40,387,0,0
2757,2024-04-24 21:00:00,141.24,electronics,web,CA,50,555,0,0
2758,2024-04-24 22:00:00,297.01,travel,atm,CA,27,364,0,0
2759,2024-04-24 23:00:00,39.04,fuel,atm,CA,32,211,0,0
2760,2024-04-25 00:00:00,99.24,travel,pos,CA,33,386,1,0
2761,2024-04-25 01:00:00,31.94,restaurant,mobile,CA,84,355,1,0
2762,2024-04-25 02:00:00,23.61,grocery,pos,MX,29,445,1,0
2763,2024-04-25 03:00:00,53.97,ecommerce,mobile,CA,52,554,1,0
2764,2024-04-25 04:00:00,11.25,grocery,mobile,CA,55,58,1,0
2765,2024-04-25 05:00:00,94.53,restaurant,pos,CA,22,431,1,0
2766,2024-04-25 06:00:00,155.83,fuel,pos,CA,41,483,0,0
2767,2024-04-25 07:00:00,72.44,travel,web,FR,23,197,0,0
2768,2024-04-25 08:00:00,55.39,restaurant,mobile,MX,29,242,0,0
2769,2024-04-25 09:00:00,101.39,restaurant,mobile,FR,63,249,0,0
2770,2024-04-25 10:00:00,13.84,grocery,pos,CA,56,224,0,0
2771,2024-04-25 11:00:00,14.09,electronics,pos,CA,51,528,0,0
2772,2024-04-25 12:00:00,106.91,restaurant,web,CA,32,196,0,0
2773,2024-04-25 13:00:00,32.46,grocery,web,CA,60,263,0,0
2774,2024-04-25 14:00:00,61.57,electronics,pos,US,79,351,0,0
2775,2024-04-25 15:00:00,62.67,ecommerce,pos,CA,75,151,0,0
2776,2024-04-25 16:00:00,97.92,travel,mobile,CA,29,419,0,0
2777,2024-04-25 17:00:00,391.65,fuel,web,CA,64,314,0,0
2778,2024-04-25 18:00:00,37.25,ecommerce,mobile,CA,34,102,0,0
2779,2024-04-25 19:00:00,43.98,grocery,web,CA,76,111,0,0
2780,2024-04-25 20:00:00,104.81,grocery,web,US,50,16,0,0
2781,2024-04-25 21:00:00,104.36,grocery,web,IN,68,349,0,0
2782,2024-04-25 22:00:00,366.02,travel,pos,CA,54,481,0,0
2783,2024-04-25 23:00:00,40.94,ecommerce,pos,CA,63,595,0,0
2784,2024-04-26 00:00:00,28.57,grocery,atm,CA,81,396,1,0
2785,2024-04-26 01:00:00,13.88,electronics,mobile,CA,27,582,1,0
2786,2024-04-26 02:00:00,91.9,electronics,mobile,MX,79,593,1,0
2787,2024-04-26 03:00:00,28.12,fuel,pos,CA,50,368,1,0
2788,2024-04-26 04:00:00,53.22,restaurant,pos,IN,27,225,1,0
2789,2024-04-26 05:00:00,302.25,ecommerce,pos,FR,47,532,1,0
2790,2024-04-26 06:00:00,186.41,electronics,atm,CA,21,380,0,0
2791,2024-04-26 07:00:00,85.86,grocery,mobile,IN,54,489,0,0
2792,2024-04-26 08:00:00,96.74,electronics,web,US,50,136,0,0
2793,2024-04-26 09:00:00,86.72,restaurant,atm,IN,44,571,0,0
2794,2024-04-26 10:00:00,27.57,restaurant,pos,CA,48,257,0,0
2795,2024-04-26 11:00:00,76.2,fuel,web,IN,60,524,0,0
2796,2024-04-26 12:00:00,281.56,travel,pos,CA,74,225,0,0
2797,2024-04-26 13:00:00,85.52,ecommerce,pos,CA,44,540,0,0
2798,2024-04-26 14:00:00,34.11,travel,atm,IN,19,404,0,0
2799,2024-04-26 15:00:00,262.91,electronics,mobile,CA,55,137,0,0
2800,2024-04-26 16:00:00,38.37,restaurant,pos,CA,82,89,0,0
2801,2024-04-26 17:00:00,51.38,fuel,pos,CA,44,94,0,0
2802,2024-04-26 18:00:00,43.44,grocery,web,CA,26,225,0,0
2803,2024-04-26 19:00:00,211.37,travel,pos,CA,79,26,0,0
2804,2024-04-26 20:00:00,105.61,grocery,web,CA,46,329,0,0
2805,2024-04-26 21:00:00,39.2,ecommerce,web,CA,43,396,0,0
2806,2024-04-26 22:00:00,91.49,ecommerce,pos,GB,38,447,0,0
2807,2024-04-26 23:00:00,48.82,electronics,pos,CA,67,561,0,0
2808,2024-04-27 00:00:00,55.05,grocery,pos,FR,27,481,1,0
2809,2024-04-27 01:00:00,41.07,grocery,atm,US,59,597,1,0
2810,2024-04-27 02:00:00,18.57,grocery,web,GB,41,362,1,0
2811,2024-04-27 03:00:00,29.7,restaurant,web,GB,44,512,1,0
2812,2024-04-27 04:00:00,58.91,electronics,pos,FR,32,465,1,0
2813,2024-04-27 05:00:00,23.31,grocery,mobile,CA,72,499,1,0
2814,2024-04-27 06:00:00,45.08,grocery,pos,US,48,246,0,0
2815,2024-04-27 07:00:00,34.76,fuel,pos,FR,81,311,0,0
2816,2024-04-27 08:00:00,10.66,ecommerce,mobile,MX,74,549,0,0
2817,2024-04-27 09:00:00,190.51,travel,mobile,CA,69,271,0,1
2818,2024-04-27 10:00:00,45.71,ecommerce,pos,US,48,364,0,0
2819,2024-04-27 11:00:00,18.8,restaurant,web,GB,82,384,0,0
2820,2024-04-27 12:00:00,21.78,ecommerce,atm,CA,57,111,0,0
2821,2024-04-27 13:00:00,131.03,travel,pos,US,47,13,0,0
2822,2024-04-27 14:00:00,20.46,grocery,pos,FR,41,417,0,0
2823,2024-04-27 15:00:00,85.89,restaurant,web,CA,80,477,0,0
2824,2024-04-27 16:00:00,5.65,restaurant,pos,CA,35,350,0,0
2825,2024-04-27 17:00:00,41.27,electronics,mobile,CA,77,395,0,0
2826,2024-04-27 18:00:00,10.79,fuel,mobile,US,33,40,0,0
2827,2024-04-27 19:00:00,41.35,grocery,web,CA,69,102,0,0
2828,2024-04-27 20:00:00,282.48,electronics,web,MX,37,443,0,0
2829,2024-04-27 21:00:00,154.56,electronics,web,CA,74,382,0,0
2830,2024-04-27 22:00:00,22.42,ecommerce,mobile,FR,74,118,0,0
2831,2024-04-27 23:00:00,18.55,fuel,pos,GB,67,360,0,0
2832,2024-04-28 00:00:00,13.18,fuel,pos,GB,85,21,1,0
2833,2024-04-28 01:00:00,155.2,electronics,mobile,CA,52,473,1,0
2834,2024-04-28 02:00:00,65.57,electronics,pos,CA,75,16,1,0
2835,2024-04-28 03:00:00,38.27,travel,pos,MX,55,503,1,0
2836,2024-04-28 04:00:00,231.03,travel,pos,CA,20,134,1,0
2837,2024-04-28 05:00:00,187.21,ecommerce,mobile,CA,46,152,1,1
2838,2024-04-28 06:00:00,51.14,ecommerce,pos,CA,20,556,0,0
2839,2024-04-28 07:00:00,36.51,grocery,mobile,CA,63,489,0,0
2840,2024-04-28 08:00:00,25.33,electronics,mobile,MX,28,202,0,0
2841,2024-04-28 09:00:00,9.41,ecommerce,mobile,CA,40,109,0,0
2842,2024-04-28 10:00:00,11.37,ecommerce,pos,CA,77,65,0,0
2843,2024-04-28 11:00:00,57.69,ecommerce,mobile,CA,68,236,0,0
2844,2024-04-28 12:00:00,24.83,grocery,pos,CA,40,349,0,0
2845,2024-04-28 13:00:00,223.16,travel,atm,CA,52,296,0,0
2846,2024-04-28 14:00:00,50.27,ecommerce,mobile,FR,57,538,0,0
2847,2024-04-28 15:00:00,79.69,grocery,pos,FR,42,483,0,1
2848,2024-04-28 16:00:00,215.47,electronics,mobile,IN,68,156,0,0
2849,2024-04-28 17:00:00,44.93,ecommerce,web,CA,28,541,0,0
2850,2024-04-28 18:00:00,24.34,ecommerce,web,CA,47,277,0,0
2851,2024-04-28 19:00:00,10.71,ecommerce,web,CA,35,10,0,0
2852,2024-04-28 20:00:00,357.09,electronics,web,US,64,511,0,1
2853,2024-04-28 21:00:00,25.71,ecommerce,mobile,MX,61,443,0,0
2854,2024-04-28 22:00:00,25.56,electronics,mobile,GB,72,213,0,0
2855,2024-04-28 23:00:00,30.68,restaurant,pos,CA,43,527,0,0
2856,2024-04-29 00:00:00,35.78,travel,mobile,US,33,544,1,0
2857,2024-04-29 01:00:00,67.44,ecommerce,mobile,IN,20,573,1,1
2858,2024-04-29 02:00:00,72.61,electronics,mobile,CA,76,548,1,0
2859,2024-04-29 03:00:00,62.69,fuel,web,GB,40,161,1,0
2860,2024-04-29 04:00:00,127.53,ecommerce,web,MX,69,335,1,1
2861,2024-04-29 05:00:00,73.69,fuel,mobile,CA,42,103,1,0
2862,2024-04-29 06:00:00,72.31,ecommerce,pos,IN,40,409,0,0
2863,2024-04-29 07:00:00,15.13,grocery,pos,FR,33,299,0,0
2864,2024-04-29 08:00:00,23.62,ecommerce,web,GB,71,528,0,0
2865,2024-04-29 09:00:00,20.32,grocery,pos,CA,37,541,0,0
2866,2024-04-29 10:00:00,361.46,ecommerce,pos,CA,38,191,0,0
2867,2024-04-29 11:00:00,21.81,fuel,pos,MX,65,189,0,0
2868,2024-04-29 12:00:00,31.56,restaurant,mobile,CA,53,19,0,0
2869,2024-04-29 13:00:00,128.5,grocery,atm,CA,68,303,0,0
2870,2024-04-29 14:00:00,171.65,travel,web,CA,25,231,0,0
2871,2024-04-29 15:00:00,13.92,fuel,pos,CA,83,598,0,0
2872,2024-04-29 16:00:00,63.2,grocery,mobile,MX,34,491,0,0
2873,2024-04-29 17:00:00,40.84,ecommerce,pos,CA,26,274,0,0
2874,2024-04-29 18:00:00,42.5,grocery,atm,CA,25,341,0,0
2875,2024-04-29 19:00:00,51.94,grocery,web,CA,39,377,0,0
2876,2024-04-29 20:00:00,38.49,ecommerce,pos,CA,46,542,0,0
2877,2024-04-29 21:00:00,71.03,ecommerce,web,CA,23,598,0,0
2878,2024-04-29 22:00:00,115.23,fuel,pos,CA,60,251,0,0
2879,2024-04-29 23:00:00,18.64,grocery,mobile,CA,59,220,0,0
2880,2024-04-30 00:00:00,107.17,grocery,pos,CA,70,428,1,1
2881,2024-04-30 01:00:00,19.25,grocery,mobile,US,19,164,1,0
2882,2024-04-30 02:00:00,138.2,fuel,mobile,CA,24,84,1,0
2883,2024-04-30 03:00:00,27.81,ecommerce,mobile,US,31,169,1,0
2884,2024-04-30 04:00:00,19.15,fuel,mobile,CA,47,190,1,0
2885,2024-04-30 05:00:00,233.4,ecommerce,pos,MX,57,370,1,0
2886,2024-04-30 06:00:00,132.45,grocery,web,US,31,442,0,0
2887,2024-04-30 07:00:00,57.02,restaurant,mobile,CA,42,97,0,0
2888,2024-04-30 08:00:00,12.37,grocery,web,MX,52,27,0,0
2889,2024-04-30 09:00:00,35.28,grocery,pos,GB,55,98,0,0
2890,2024-04-30 10:00:00,32.8,grocery,pos,CA,53,547,0,0
2891,2024-04-30 11:00:00,12.64,restaurant,pos,US,61,156,0,0
2892,2024-04-30 12:00:00,255.56,travel,mobile,GB,69,317,0,1
2893,2024-04-30 13:00:00,67.85,travel,web,CA,75,325,0,0
2894,2024-04-30 14:00:00,8.54,restaurant,mobile,FR,83,167,0,0
2895,2024-04-30 15:00:00,7.62,grocery,atm,CA,44,507,0,0
2896,2024-04-30 16:00:00,127.47,restaurant,pos,MX,40,39,0,0
2897,2024-04-30 17:00:00,20.69,grocery,mobile,FR,36,318,0,0
2898,2024-04-30 18:00:00,87.86,travel,pos,IN,41,248,0,0
2899,2024-04-30 19:00:00,23.75,ecommerce,pos,US,54,470,0,0
2900,2024-04-30 20:00:00,205.7,ecommerce,pos,MX,59,118,0,0
2901,2024-04-30 21:00:00,7.88,restaurant,pos,CA,22,575,0,0
2902,2024-04-30 22:00:00,11.08,grocery,web,CA,85,476,0,0
2903,2024-04-30 23:00:00,20.43,restaurant,web,FR,20,444,0,0
2904,2024-05-01 00:00:00,58.9,ecommerce,pos,CA,45,297,1,0
2905,2024-05-01 01:00:00,246.92,travel,pos,GB,48,386,1,1
2906,2024-05-01 02:00:00,14.86,restaurant,mobile,CA,41,124,1,0
2907,2024-05-01 03:00:00,131.51,grocery,pos,CA,32,4,1,0
2908,2024-05-01 04:00:00,14.95,restaurant,mobile,CA,54,448,1,0
2909,2024-05-01 05:00:00,11.01,fuel,atm,CA,18,269,1,0
2910,2024-05-01 06:00:00,36.39,electronics,mobile,CA,68,211,0,0
2911,2024-05-01 07:00:00,16.32,grocery,web,CA,64,161,0,0
2912,2024-05-01 08:00:00,9.54,fuel,mobile,IN,70,372,0,0
2913,2024-05-01 09:00:00,268.3,travel,mobile,GB,73,307,0,1
2914,2024-05-01 10:00:00,11.09,fuel,atm,GB,78,405,0,0
2915,2024-05-01 11:00:00,29.07,grocery,atm,CA,28,571,0,0
2916,2024-05-01 12:00:00,23.78,ecommerce,web,CA,74,502,0,0
2917,2024-05-01 13:00:00,9.49,restaurant,web,MX,56,192,0,0
2918,2024-05-01 14:00:00,88.68,grocery,mobile,CA,26,145,0,0
2919,2024-05-01 15:00:00,415.83,electronics,pos,CA,84,96,0,0
2920,2024-05-01 16:00:00,85.54,restaurant,web,IN,73,342,0,0
2921,2024-05-01 17:00:00,8.71,grocery,mobile,CA,36,496,0,0
2922,2024-05-01 18:00:00,9.87,grocery,mobile,FR,78,152,0,0
2923,2024-05-01 19:00:00,809.84,travel,web,CA,67,595,0,1
2924,2024-05-01 20:00:00,26.06,grocery,pos,CA,48,257,0,0
2925,2024-05-01 21:00:00,39.61,travel,pos,CA,29,468,0,0
2926,2024-05-01 22:00:00,260.29,electronics,web,IN,67,179,0,0
2927,2024-05-01 23:00:00,145.03,travel,atm,US,81,83,0,0
2928,2024-05-02 00:00:00,100.27,ecommerce,mobile,GB,31,308,1,0
2929,2024-05-02 01:00:00,13.11,electronics,web,CA,18,330,1,0
2930,2024-05-02 02:00:00,101.76,travel,pos,FR,33,287,1,0
2931,2024-05-02 03:00:00,76.95,grocery,mobile,US,38,243,1,0
2932,2024-05-02 04:00:00,15.34,fuel,mobile,US,43,390,1,0
2933,2024-05-02 05:00:00,82.96,restaurant,web,GB,84,380,1,0
2934,2024-05-02 06:00:00,41.73,travel,web,GB,83,90,0,0
2935,2024-05-02 07:00:00,24.67,fuel,pos,MX,63,401,0,0
2936,2024-05-02 08:00:00,263.94,ecommerce,mobile,CA,32,199,0,0
2937,2024-05-02 09:00:00,11.63,grocery,web,FR,32,485,0,0
2938,2024-05-02 10:00:00,76.68,ecommerce,web,CA,23,299,0,0
2939,2024-05-02 11:00:00,55.47,grocery,atm,IN,71,144,0,0
2940,2024-05-02 12:00:00,29.64,restaurant,mobile,CA,33,108,0,0
2941,2024-05-02 13:00:00,47.96,ecommerce,atm,CA,79,579,0,0
2942,2024-05-02 14:00:00,44.66,electronics,web,CA,58,431,0,0
2943,2024-05-02 15:00:00,39.1,grocery,web,US,51,129,0,0
2944,2024-05-02 16:00:00,54.76,ecommerce,atm,CA,81,301,0,0
2945,2024-05-02 17:00:00,16.49,ecommerce,atm,GB,28,74,0,0
2946,2024-05-02 18:00:00,161.61,ecommerce,atm,MX,49,501,0,0
2947,2024-05-02 19:00:00,43.33,electronics,mobile,CA,35,498,0,0
2948,2024-05-02 20:00:00,7.67,restaurant,web,CA,30,482,0,0
2949,2024-05-02 21:00:00,15.97,restaurant,pos,GB,82,278,0,0
2950,2024-05-02 22:00:00,14.67,grocery,web,FR,59,99,0,0
2951,2024-05-02 23:00:00,77.9,electronics,atm,CA,28,294,0,0
2952,2024-05-03 00:00:00,10.71,grocery,web,IN,25,306,1,0
2953,2024-05-03 01:00:00,40.85,restaurant,mobile,CA,39,191,1,0
2954,2024-05-03 02:00:00,94.61,fuel,atm,MX,74,227,1,0
2955,2024-05-03 03:00:00,66.06,ecommerce,atm,GB,27,27,1,0
2956,2024-05-03 04:00:00,8.93,grocery,atm,CA,68,314,1,0
2957,2024-05-03 05:00:00,14.4,grocery,web,CA,25,116,1,0
2958,2024-05-03 06:00:00,73.29,ecommerce,web,MX,40,505,0,0
2959,2024-05-03 07:00:00,5.0,restaurant,atm,CA,53,457,0,0
2960,2024-05-03 08:00:00,32.4,electronics,pos,CA,26,362,0,0
2961,2024-05-03 09:00:00,6.2,restaurant,pos,CA,44,134,0,0
2962,2024-05-03 10:00:00,36.35,grocery,atm,GB,36,401,0,0
2963,2024-05-03 11:00:00,955.52,travel,mobile,CA,21,596,0,1
2964,2024-05-03 12:00:00,19.31,ecommerce,web,CA,18,378,0,0
2965,2024-05-03 13:00:00,56.91,fuel,pos,IN,27,472,0,0
2966,2024-05-03 14:00:00,36.16,ecommerce,web,GB,68,541,0,0
2967,2024-05-03 15:00:00,18.3,ecommerce,atm,CA,20,510,0,0
2968,2024-05-03 16:00:00,111.56,fuel,web,CA,52,97,0,0
2969,2024-05-03 17:00:00,228.84,grocery,web,CA,19,524,0,0
2970,2024-05-03 18:00:00,39.55,fuel,web,CA,32,460,0,0
2971,2024-05-03 19:00:00,189.15,travel,mobile,CA,30,432,0,0
2972,2024-05-03 20:00:00,34.65,grocery,atm,CA,41,136,0,0
2973,2024-05-03 21:00:00,23.89,restaurant,web,CA,68,280,0,0
2974,2024-05-03 22:00:00,37.07,fuel,web,US,46,543,0,0
2975,2024-05-03 23:00:00,180.6,electronics,pos,CA,19,551,0,0
2976,2024-05-04 00:00:00,609.9,travel,web,CA,27,69,1,0
2977,2024-05-04 01:00:00,61.39,electronics,pos,FR,38,256,1,0
2978,2024-05-04 02:00:00,110.22,electronics,web,CA,36,364,1,1
2979,2024-05-04 03:00:00,25.21,restaurant,web,MX,56,57,1,0
2980,2024-05-04 04:00:00,343.07,travel,pos,CA,41,147,1,1
2981,2024-05-04 05:00:00,520.81,ecommerce,pos,US,68,358,1,1
2982,2024-05-04 06:00:00,84.93,grocery,pos,CA,35,394,0,0
2983,2024-05-04 07:00:00,279.98,travel,pos,CA,64,63,0,0
2984,2024-05-04 08:00:00,74.16,grocery,mobile,GB,24,254,0,0
2985,2024-05-04 09:00:00,187.92,ecommerce,pos,CA,85,393,0,0
2986,2024-05-04 10:00:00,287.77,grocery,pos,CA,85,595,0,0
2987,2024-05-04 11:00:00,5.99,fuel,atm,CA,36,599,0,0
2988,2024-05-04 12:00:00,56.19,grocery,pos,CA,33,186,0,0
2989,2024-05-04 13:00:00,13.37,travel,mobile,CA,18,405,0,0
2990,2024-05-04 14:00:00,231.37,electronics,web,CA,84,332,0,0
2991,2024-05-04 15:00:00,161.37,electronics,mobile,CA,20,126,0,0
2992,2024-05-04 16:00:00,36.71,ecommerce,web,US,18,305,0,0
2993,2024-05-04 17:00:00,5.0,fuel,pos,GB,24,82,0,0
2994,2024-05-04 18:00:00,26.95,fuel,mobile,CA,38,72,0,0
2995,2024-05-04 19:00:00,33.36,fuel,mobile,FR,84,214,0,1
2996,2024-05-04 20:00:00,128.96,travel,pos,CA,29,157,0,0
2997,2024-05-04 21:00:00,18.73,grocery,mobile,CA,56,87,0,0
2998,2024-05-04 22:00:00,12.18,restaurant,web,US,62,31,0,0
2999,2024-05-04 23:00:00,31.27,grocery,atm,US,72,342,0,0
3000,2024-05-05 00:00:00,47.76,electronics,mobile,CA,65,3,1,1
3001,2024-05-05 01:00:00,282.78,travel,pos,IN,84,470,1,1
3002,2024-05-05 02:00:00,55.95,ecommerce,mobile,IN,62,43,1,1
3003,2024-05-05 03:00:00,20.81,electronics,atm,CA,75,395,1,0
3004,2024-05-05 04:00:00,38.41,grocery,mobile,US,39,89,1,0
3005,2024-05-05 05:00:00,142.67,electronics,pos,GB,45,370,1,0
3006,2024-05-05 06:00:00,585.51,travel,mobile,IN,68,85,0,1
3007,2024-05-05 07:00:00,75.53,grocery,mobile,US,77,261,0,0
3008,2024-05-05 08:00:00,14.59,grocery,pos,CA,18,396,0,0
3009,2024-05-05 09:00:00,354.61,electronics,mobile,MX,47,103,0,1
3010,2024-05-05 10:00:00,17.25,ecommerce,web,CA,72,79,0,0
3011,2024-05-05 11:00:00,28.0,restaurant,mobile,MX,25,383,0,0
3012,2024-05-05 12:00:00,193.73,electronics,mobile,US,41,385,0,0
3013,2024-05-05 13:00:00,365.26,electronics,pos,US,55,252,0,1
3014,2024-05-05 14:00:00,328.76,ecommerce,atm,CA,23,73,0,1
3015,2024-05-05 15:00:00,309.52,electronics,web,CA,80,183,0,0
3016,2024-05-05 16:00:00,24.14,restaurant,web,US,43,130,0,0
3017,2024-05-05 17:00:00,55.2,grocery,web,CA,71,396,0,0
3018,2024-05-05 18:00:00,73.5,ecommerce,pos,CA,47,180,0,0
3019,2024-05-05 19:00:00,31.72,ecommerce,mobile,CA,45,227,0,0
3020,2024-05-05 20:00:00,54.12,ecommerce,web,FR,83,157,0,0
3021,2024-05-05 21:00:00,495.63,electronics,atm,CA,76,101,0,0
3022,2024-05-05 22:00:00,48.83,fuel,atm,US,53,487,0,0
3023,2024-05-05 23:00:00,174.21,fuel,mobile,CA,49,290,0,0
3024,2024-05-06 00:00:00,22.67,ecommerce,pos,FR,71,343,1,0
3025,2024-05-06 01:00:00,23.24,grocery,mobile,CA,64,173,1,0
3026,2024-05-06 02:00:00,87.27,ecommerce,pos,CA,84,52,1,0
3027,2024-05-06 03:00:00,53.25,restaurant,mobile,CA,40,440,1,0
3028,2024-05-06 04:00:00,122.88,travel,web,CA,25,433,1,1
3029,2024-05-06 05:00:00,123.44,ecommerce,atm,FR,31,28,1,0
3030,2024-05-06 06:00:00,200.63,electronics,web,US,53,532,0,1
3031,2024-05-06 07:00:00,9.39,grocery,pos,GB,39,512,0,0
3032,2024-05-06 08:00:00,118.32,ecommerce,atm,MX,73,510,0,0
3033,2024-05-06 09:00:00,157.79,ecommerce,web,GB,77,277,0,0
3034,2024-05-06 10:00:00,35.64,restaurant,mobile,IN,30,416,0,0
3035,2024-05-06 11:00:00,18.76,electronics,atm,US,85,9,0,0
3036,2024-05-06 12:00:00,106.39,travel,web,CA,60,359,0,0
3037,2024-05-06 13:00:00,48.59,grocery,web,CA,35,80,0,0
3038,2024-05-06 14:00:00,15.03,grocery,web,US,31,546,0,0
3039,2024-05-06 15:00:00,311.93,travel,mobile,GB,29,568,0,1
3040,2024-05-06 16:00:00,115.81,ecommerce,atm,US,50,90,0,0
3041,2024-05-06 17:00:00,30.81,restaurant,pos,CA,22,322,0,0
3042,2024-05-06 18:00:00,99.83,electronics,mobile,MX,26,355,0,0
3043,2024-05-06 19:00:00,32.47,fuel,pos,CA,69,461,0,0
3044,2024-05-06 20:00:00,97.92,electronics,web,CA,51,293,0,0
3045,2024-05-06 21:00:00,8.58,restaurant,mobile,FR,53,530,0,0
3046,2024-05-06 22:00:00,18.54,fuel,mobile,US,40,207,0,0
3047,2024-05-06 23:00:00,145.7,travel,web,CA,55,192,0,0
3048,2024-05-07 00:00:00,97.87,restaurant,web,CA,41,438,1,0
3049,2024-05-07 01:00:00,111.96,ecommerce,pos,US,21,328,1,0
3050,2024-05-07 02:00:00,102.71,restaurant,pos,CA,56,49,1,0
3051,2024-05-07 03:00:00,9.25,grocery,web,CA,23,390,1,0
3052,2024-05-07 04:00:00,99.06,travel,mobile,US,64,167,1,0
3053,2024-05-07 05:00:00,635.4,electronics,web,MX,80,505,1,1
3054,2024-05-07 06:00:00,69.94,travel,pos,CA,63,502,0,0
3055,2024-05-07 07:00:00,13.74,fuel,mobile,CA,57,252,0,0
3056,2024-05-07 08:00:00,106.88,travel,pos,US,83,512,0,0
3057,2024-05-07 09:00:00,201.44,grocery,pos,CA,32,572,0,0
3058,2024-05-07 10:00:00,17.9,grocery,atm,CA,70,438,0,0
3059,2024-05-07 11:00:00,99.19,ecommerce,pos,CA,32,364,0,0
3060,2024-05-07 12:00:00,194.25,travel,web,CA,18,560,0,0
3061,2024-05-07 13:00:00,5.0,fuel,web,GB,34,525,0,0
3062,2024-05-07 14:00:00,59.22,ecommerce,pos,CA,52,287,0,0
3063,2024-05-07 15:00:00,16.6,restaurant,pos,IN,22,50,0,0
3064,2024-05-07 16:00:00,110.55,ecommerce,pos,CA,36,361,0,0
3065,2024-05-07 17:00:00,130.58,fuel,pos,MX,21,278,0,0
3066,2024-05-07 18:00:00,44.05,ecommerce,mobile,CA,34,219,0,0
3067,2024-05-07 19:00:00,24.02,grocery,web,GB,66,107,0,0
3068,2024-05-07 20:00:00,947.5,electronics,web,FR,28,430,0,0
3069,2024-05-07 21:00:00,14.39,fuel,web,CA,35,548,0,0
3070,2024-05-07 22:00:00,9.78,grocery,atm,CA,27,359,0,0
3071,2024-05-07 23:00:00,94.32,restaurant,pos,IN,44,141,0,0
3072,2024-05-08 00:00:00,93.9,electronics,mobile,IN,69,0,1,1
3073,2024-05-08 01:00:00,126.82,electronics,pos,IN,54,428,1,1
3074,2024-05-08 02:00:00,203.41,restaurant,atm,CA,31,94,1,0
3075,2024-05-08 03:00:00,7.72,restaurant,pos,CA,39,37,1,0
3076,2024-05-08 04:00:00,50.37,ecommerce,pos,CA,63,118,1,0
3077,2024-05-08 05:00:00,44.86,travel,web,MX,50,120,1,0
3078,2024-05-08 06:00:00,184.56,travel,pos,CA,49,203,0,0
3079,2024-05-08 07:00:00,36.51,ecommerce,mobile,CA,76,192,0,0
3080,2024-05-08 08:00:00,20.9,ecommerce,mobile,US,73,118,0,0
3081,2024-05-08 09:00:00,63.32,grocery,mobile,CA,34,469,0,0
3082,2024-05-08 10:00:00,137.77,travel,pos,MX,65,496,0,0
3083,2024-05-08 11:00:00,31.86,electronics,mobile,CA,71,150,0,0
3084,2024-05-08 12:00:00,33.67,electronics,pos,FR,79,221,0,0
3085,2024-05-08 13:00:00,72.41,ecommerce,atm,CA,35,490,0,0
3086,2024-05-08 14:00:00,7.28,grocery,mobile,US,67,572,0,0
3087,2024-05-08 15:00:00,33.5,fuel,web,CA,30,473,0,0
3088,2024-05-08 16:00:00,91.15,fuel,mobile,CA,48,332,0,0
3089,2024-05-08 17:00:00,49.76,restaurant,web,CA,22,596,0,0
3090,2024-05-08 18:00:00,15.58,restaurant,web,FR,59,436,0,0
3091,2024-05-08 19:00:00,34.94,restaurant,pos,CA,64,406,0,0
3092,2024-05-08 20:00:00,8.85,restaurant,mobile,CA,48,17,0,0
3093,2024-05-08 21:00:00,30.86,restaurant,web,MX,45,383,0,0
3094,2024-05-08 22:00:00,20.34,fuel,pos,CA,34,173,0,0
3095,2024-05-08 23:00:00,12.86,grocery,mobile,CA,70,361,0,0
3096,2024-05-09 00:00:00,57.43,grocery,pos,CA,79,344,1,0
3097,2024-05-09 01:00:00,10.13,ecommerce,mobile,CA,27,65,1,0
3098,2024-05-09 02:00:00,20.66,ecommerce,pos,CA,36,277,1,0
3099,2024-05-09 03:00:00,12.56,grocery,web,CA,59,308,1,0
3100,2024-05-09 04:00:00,17.33,restaurant,mobile,CA,42,28,1,0
3101,2024-05-09 05:00:00,105.49,grocery,pos,CA,18,511,1,0
3102,2024-05-09 06:00:00,53.82,restaurant,mobile,US,19,563,0,0
3103,2024-05-09 07:00:00,108.05,electronics,web,US,33,12,0,0
3104,2024-05-09 08:00:00,143.83,travel,mobile,CA,83,72,0,0
3105,2024-05-09 09:00:00,135.06,travel,pos,CA,59,76,0,0
3106,2024-05-09 10:00:00,206.43,ecommerce,mobile,US,35,265,0,1
3107,2024-05-09 11:00:00,26.63,travel,web,CA,21,360,0,0
3108,2024-05-09 12:00:00,65.6,grocery,web,FR,69,145,0,0
3109,2024-05-09 13:00:00,17.28,restaurant,web,CA,43,509,0,0
3110,2024-05-09 14:00:00,94.44,ecommerce,web,CA,44,186,0,0
3111,2024-05-09 15:00:00,94.85,ecommerce,web,CA,56,184,0,0
3112,2024-05-09 16:00:00,190.13,electronics,pos,US,33,353,0,1
3113,2024-05-09 17:00:00,567.69,travel,web,CA,67,523,0,1
3114,2024-05-09 18:00:00,7.95,fuel,mobile,CA,39,149,0,0
3115,2024-05-09 19:00:00,337.37,travel,web,CA,65,202,0,1
3116,2024-05-09 20:00:00,30.93,grocery,pos,MX,53,203,0,0
3117,2024-05-09 21:00:00,90.15,travel,web,CA,28,279,0,0
3118,2024-05-09 22:00:00,374.54,ecommerce,web,US,60,257,0,1
3119,2024-05-09 23:00:00,112.96,ecommerce,mobile,CA,23,572,0,0
3120,2024-05-10 00:00:00,22.5,grocery,atm,CA,66,88,1,0
3121,2024-05-10 01:00:00,142.15,ecommerce,web,CA,43,250,1,0
3122,2024-05-10 02:00:00,57.62,ecommerce,mobile,IN,63,152,1,0
3123,2024-05-10 03:00:00,18.49,fuel,pos,CA,34,360,1,0
3124,2024-05-10 04:00:00,18.99,grocery,atm,CA,45,469,1,0
3125,2024-05-10 05:00:00,43.09,grocery,pos,FR,38,562,1,0
3126,2024-05-10 06:00:00,15.71,fuel,web,CA,35,263,0,0
3127,2024-05-10 07:00:00,37.68,grocery,pos,CA,41,158,0,0
3128,2024-05-10 08:00:00,218.35,electronics,pos,CA,21,579,0,0
3129,2024-05-10 09:00:00,30.15,restaurant,mobile,MX,45,55,0,0
3130,2024-05-10 10:00:00,355.73,ecommerce,pos,CA,26,78,0,0
3131,2024-05-10 11:00:00,27.63,restaurant,pos,FR,53,575,0,0
3132,2024-05-10 12:00:00,110.31,grocery,pos,MX,24,532,0,0
3133,2024-05-10 13:00:00,78.87,grocery,atm,CA,18,336,0,0
3134,2024-05-10 14:00:00,387.83,electronics,mobile,CA,47,197,0,0
3135,2024-05-10 15:00:00,579.8,electronics,atm,GB,38,580,0,1
3136,2024-05-10 16:00:00,5.59,restaurant,mobile,FR,77,575,0,0
3137,2024-05-10 17:00:00,41.59,grocery,atm,FR,35,520,0,0
3138,2024-05-10 18:00:00,88.86,electronics,web,CA,45,463,0,0
3139,2024-05-10 19:00:00,66.39,ecommerce,pos,MX,34,357,0,0
3140,2024-05-10 20:00:00,42.0,ecommerce,pos,MX,78,223,0,0
3141,2024-05-10 21:00:00,20.09,grocery,pos,IN,71,283,0,0
3142,2024-05-10 22:00:00,10.15,restaurant,mobile,CA,29,326,0,0
3143,2024-05-10 23:00:00,35.76,grocery,pos,GB,35,288,0,0
3144,2024-05-11 00:00:00,227.78,electronics,pos,MX,30,517,1,1
3145,2024-05-11 01:00:00,87.53,travel,mobile,FR,28,99,1,1
3146,2024-05-11 02:00:00,73.12,electronics,pos,MX,34,49,1,0
3147,2024-05-11 03:00:00,52.43,electronics,pos,FR,75,272,1,0
3148,2024-05-11 04:00:00,11.16,restaurant,pos,CA,49,124,1,0
3149,2024-05-11 05:00:00,26.49,grocery,mobile,CA,44,493,1,0
3150,2024-05-11 06:00:00,44.61,grocery,pos,CA,30,509,0,0
3151,2024-05-11 07:00:00,423.22,travel,pos,GB,30,594,0,1
3152,2024-05-11 08:00:00,20.54,ecommerce,pos,CA,55,232,0,0
3153,2024-05-11 09:00:00,31.88,grocery,mobile,US,69,577,0,0
3154,2024-05-11 10:00:00,94.58,grocery,pos,IN,55,60,0,0
3155,2024-05-11 11:00:00,20.79,ecommerce,pos,FR,62,578,0,0
3156,2024-05-11 12:00:00,102.46,grocery,atm,MX,35,147,0,0
3157,2024-05-11 13:00:00,22.07,grocery,mobile,GB,82,11,0,0
3158,2024-05-11 14:00:00,51.78,restaurant,pos,CA,73,496,0,0
3159,2024-05-11 15:00:00,49.36,ecommerce,pos,CA,77,309,0,0
3160,2024-05-11 16:00:00,41.25,restaurant,pos,CA,63,248,0,0
3161,2024-05-11 17:00:00,116.16,restaurant,mobile,GB,65,120,0,0
3162,2024-05-11 18:00:00,29.37,grocery,pos,CA,22,249,0,0
3163,2024-05-11 19:00:00,240.96,electronics,atm,CA,28,369,0,0
3164,2024-05-11 20:00:00,174.77,travel,mobile,MX,27,86,0,0
3165,2024-05-11 21:00:00,48.44,electronics,web,CA,50,568,0,1
3166,2024-05-11 22:00:00,28.74,grocery,pos,FR,57,434,0,0
3167,2024-05-11 23:00:00,27.16,grocery,mobile,CA,26,526,0,0
3168,2024-05-12 00:00:00,9.19,grocery,mobile,FR,69,26,1,0
3169,2024-05-12 01:00:00,206.32,travel,mobile,CA,55,520,1,1
3170,2024-05-12 02:00:00,49.35,restaurant,pos,GB,58,520,1,0
3171,2024-05-12 03:00:00,283.57,travel,mobile,MX,80,219,1,1
3172,2024-05-12 04:00:00,355.88,electronics,mobile,CA,57,342,1,1
3173,2024-05-12 05:00:00,64.42,restaurant,atm,CA,18,301,1,0
3174,2024-05-12 06:00:00,79.33,travel,web,FR,70,496,0,0
3175,2024-05-12 07:00:00,23.06,grocery,web,CA,77,169,0,0
3176,2024-05-12 08:00:00,58.07,restaurant,web,MX,23,552,0,0
3177,2024-05-12 09:00:00,85.29,ecommerce,mobile,CA,54,332,0,0
3178,2024-05-12 10:00:00,32.24,grocery,atm,GB,49,0,0,0
3179,2024-05-12 11:00:00,12.42,fuel,web,CA,28,182,0,0
3180,2024-05-12 12:00:00,16.93,restaurant,pos,US,36,85,0,0
3181,2024-05-12 13:00:00,101.48,ecommerce,pos,US,76,486,0,0
3182,2024-05-12 14:00:00,5.0,fuel,web,CA,44,245,0,0
3183,2024-05-12 15:00:00,5.0,grocery,mobile,CA,54,279,0,0
3184,2024-05-12 16:00:00,61.14,grocery,pos,FR,70,210,0,0
3185,2024-05-12 17:00:00,20.27,grocery,web,MX,48,420,0,0
3186,2024-05-12 18:00:00,149.83,electronics,atm,IN,78,597,0,0
3187,2024-05-12 19:00:00,112.83,restaurant,web,GB,51,524,0,0
3188,2024-05-12 20:00:00,13.16,grocery,pos,US,85,594,0,0
3189,2024-05-12 21:00:00,13.37,ecommerce,web,US,28,180,0,0
3190,2024-05-12 22:00:00,25.54,grocery,web,IN,78,399,0,0
3191,2024-05-12 23:00:00,17.69,grocery,pos,CA,25,373,0,0
3192,2024-05-13 00:00:00,26.68,fuel,mobile,CA,73,181,1,0
3193,2024-05-13 01:00:00,159.5,electronics,web,FR,62,508,1,1
3194,2024-05-13 02:00:00,183.15,travel,mobile,IN,56,552,1,1
3195,2024-05-13 03:00:00,62.61,ecommerce,web,CA,77,571,1,0
3196,2024-05-13 04:00:00,70.75,fuel,pos,CA,61,593,1,0
3197,2024-05-13 05:00:00,59.91,grocery,pos,US,65,98,1,1
3198,2024-05-13 06:00:00,27.82,grocery,pos,MX,69,88,0,0
3199,2024-05-13 07:00:00,48.36,restaurant,pos,CA,75,409,0,0
3200,2024-05-13 08:00:00,24.45,electronics,mobile,MX,33,436,0,0
3201,2024-05-13 09:00:00,71.11,restaurant,pos,CA,75,261,0,0
3202,2024-05-13 10:00:00,27.85,restaurant,mobile,CA,58,98,0,0
3203,2024-05-13 11:00:00,46.32,travel,pos,US,20,171,0,0
3204,2024-05-13 12:00:00,18.76,restaurant,pos,CA,80,77,0,0
3205,2024-05-13 13:00:00,152.79,ecommerce,pos,GB,70,94,0,0
3206,2024-05-13 14:00:00,16.42,grocery,web,CA,78,112,0,0
3207,2024-05-13 15:00:00,47.4,grocery,mobile,GB,70,351,0,0
3208,2024-05-13 16:00:00,72.25,grocery,mobile,CA,41,308,0,0
3209,2024-05-13 17:00:00,33.49,grocery,pos,IN,41,200,0,0
3210,2024-05-13 18:00:00,27.58,ecommerce,web,GB,36,326,0,0
3211,2024-05-13 19:00:00,92.78,electronics,mobile,CA,45,401,0,0
3212,2024-05-13 20:00:00,27.64,electronics,pos,IN,20,58,0,0
3213,2024-05-13 21:00:00,87.93,travel,pos,CA,68,168,0,0
3214,2024-05-13 22:00:00,12.09,grocery,pos,CA,69,120,0,0
3215,2024-05-13 23:00:00,94.21,electronics,pos,FR,85,0,0,1
3216,2024-05-14 00:00:00,19.16,ecommerce,mobile,IN,55,69,1,0
3217,2024-05-14 01:00:00,35.31,grocery,web,MX,85,461,1,0
3218,2024-05-14 02:00:00,166.48,ecommerce,web,IN,32,526,1,1
3219,2024-05-14 03:00:00,176.16,ecommerce,mobile,CA,50,96,1,1
3220,2024-05-14 04:00:00,19.58,ecommerce,web,CA,71,461,1,0
3221,2024-05-14 05:00:00,53.96,electronics,mobile,CA,71,151,1,0
3222,2024-05-14 06:00:00,211.72,electronics,pos,CA,70,84,0,0
3223,2024-05-14 07:00:00,185.2,electronics,web,US,49,141,0,0
3224,2024-05-14 08:00:00,18.83,grocery,pos,CA,22,552,0,0
3225,2024-05-14 09:00:00,63.43,electronics,pos,US,76,205,0,1
3226,2024-05-14 10:00:00,146.98,travel,pos,CA,43,445,0,0
3227,2024-05-14 11:00:00,6.29,grocery,mobile,CA,62,291,0,0
3228,2024-05-14 12:00:00,219.0,travel,mobile,MX,27,261,0,0
3229,2024-05-14 13:00:00,72.36,fuel,mobile,CA,81,488,0,0
3230,2024-05-14 14:00:00,42.31,ecommerce,pos,MX,35,595,0,0
3231,2024-05-14 15:00:00,9.13,grocery,atm,GB,85,390,0,0
3232,2024-05-14 16:00:00,97.34,fuel,pos,US,66,510,0,0
3233,2024-05-14 17:00:00,39.91,grocery,mobile,FR,40,87,0,0
3234,2024-05-14 18:00:00,62.01,grocery,mobile,IN,43,541,0,0
3235,2024-05-14 19:00:00,9.98,grocery,web,CA,84,110,0,0
3236,2024-05-14 20:00:00,8.34,restaurant,web,MX,58,114,0,0
3237,2024-05-14 21:00:00,87.18,ecommerce,mobile,CA,65,509,0,0
3238,2024-05-14 22:00:00,151.43,ecommerce,mobile,CA,59,290,0,0
3239,2024-05-14 23:00:00,21.74,ecommerce,pos,US,34,150,0,0
3240,2024-05-15 00:00:00,24.91,restaurant,mobile,MX,27,16,1,0
3241,2024-05-15 01:00:00,6.54,fuel,pos,FR,18,131,1,0
3242,2024-05-15 02:00:00,14.52,restaurant,web,MX,45,495,1,0
3243,2024-05-15 03:00:00,47.66,ecommerce,mobile,GB,64,2,1,0
3244,2024-05-15 04:00:00,50.86,grocery,mobile,US,38,553,1,1
3245,2024-05-15 05:00:00,5.0,fuel,web,CA,33,465,1,0
3246,2024-05-15 06:00:00,197.09,ecommerce,pos,CA,44,123,0,0
3247,2024-05-15 07:00:00,84.29,electronics,web,CA,33,443,0,0
3248,2024-05-15 08:00:00,87.51,restaurant,pos,MX,47,311,0,0
3249,2024-05-15 09:00:00,51.2,fuel,web,CA,55,208,0,0
3250,2024-05-15 10:00:00,58.79,restaurant,web,CA,36,303,0,0
3251,2024-05-15 11:00:00,168.19,fuel,mobile,CA,20,4,0,0
3252,2024-05-15 12:00:00,29.72,ecommerce,pos,US,24,529,0,0
3253,2024-05-15 13:00:00,30.84,fuel,pos,CA,46,472,0,0
3254,2024-05-15 14:00:00,13.43,grocery,web,CA,30,107,0,0
3255,2024-05-15 15:00:00,89.64,electronics,pos,CA,72,59,0,0
3256,2024-05-15 16:00:00,62.63,grocery,pos,CA,29,254,0,0
3257,2024-05-15 17:00:00,165.66,ecommerce,web,CA,19,276,0,0
3258,2024-05-15 18:00:00,19.35,fuel,web,IN,60,464,0,0
3259,2024-05-15 19:00:00,11.08,grocery,pos,CA,60,504,0,0
3260,2024-05-15 20:00:00,34.99,grocery,web,CA,63,38,0,0
3261,2024-05-15 21:00:00,45.64,electronics,mobile,US,28,146,0,1
3262,2024-05-15 22:00:00,19.47,grocery,web,US,64,352,0,0
3263,2024-05-15 23:00:00,49.97,fuel,pos,CA,76,228,0,0
3264,2024-05-16 00:00:00,92.98,ecommerce,pos,CA,59,595,1,0
3265,2024-05-16 01:00:00,127.24,ecommerce,pos,IN,44,397,1,1
3266,2024-05-16 02:00:00,24.18,grocery,web,IN,50,193,1,0
3267,2024-05-16 03:00:00,243.68,electronics,mobile,CA,73,404,1,1
3268,2024-05-16 04:00:00,27.65,restaurant,pos,US,27,258,1,0
3269,2024-05-16 05:00:00,25.37,grocery,pos,CA,67,278,1,0
3270,2024-05-16 06:00:00,10.15,restaurant,pos,CA,36,429,0,0
3271,2024-05-16 07:00:00,20.81,travel,pos,CA,77,260,0,0
3272,2024-05-16 08:00:00,33.41,travel,atm,MX,27,418,0,0
3273,2024-05-16 09:00:00,119.31,electronics,pos,CA,53,252,0,0
3274,2024-05-16 10:00:00,43.42,electronics,pos,CA,45,357,0,0
3275,2024-05-16 11:00:00,22.35,electronics,web,CA,51,292,0,0
3276,2024-05-16 12:00:00,18.72,fuel,pos,CA,43,344,0,0
3277,2024-05-16 13:00:00,35.12,fuel,pos,CA,20,208,0,0
3278,2024-05-16 14:00:00,87.26,ecommerce,web,CA,76,72,0,0
3279,2024-05-16 15:00:00,31.92,grocery,pos,US,54,154,0,0
3280,2024-05-16 16:00:00,129.22,travel,pos,CA,58,214,0,0
3281,2024-05-16 17:00:00,20.18,grocery,web,CA,53,189,0,0
3282,2024-05-16 18:00:00,106.25,ecommerce,web,GB,53,253,0,0
3283,2024-05-16 19:00:00,27.94,grocery,pos,CA,59,287,0,0
3284,2024-05-16 20:00:00,30.58,grocery,mobile,CA,46,151,0,0
3285,2024-05-16 21:00:00,347.36,travel,pos,FR,26,229,0,0
3286,2024-05-16 22:00:00,278.38,travel,atm,MX,19,169,0,0
3287,2024-05-16 23:00:00,50.85,ecommerce,atm,CA,54,351,0,0
3288,2024-05-17 00:00:00,24.41,grocery,web,CA,30,286,1,0
3289,2024-05-17 01:00:00,44.43,ecommerce,pos,CA,48,379,1,0
3290,2024-05-17 02:00:00,9.74,ecommerce,mobile,CA,59,259,1,0
3291,2024-05-17 03:00:00,263.75,electronics,web,FR,58,598,1,1
3292,2024-05-17 04:00:00,14.74,fuel,pos,US,29,291,1,0
3293,2024-05-17 05:00:00,58.91,fuel,web,CA,62,369,1,0
3294,2024-05-17 06:00:00,28.34,fuel,web,CA,81,265,0,0
3295,2024-05-17 07:00:00,95.52,restaurant,mobile,CA,42,441,0,0
3296,2024-05-17 08:00:00,158.27,electronics,mobile,CA,26,335,0,0
3297,2024-05-17 09:00:00,62.04,fuel,mobile,CA,52,58,0,0
3298,2024-05-17 10:00:00,16.02,fuel,mobile,CA,59,438,0,0
3299,2024-05-17 11:00:00,10.3,grocery,mobile,FR,44,457,0,0
3300,2024-05-17 12:00:00,31.18,restaurant,web,MX,58,241,0,0
3301,2024-05-17 13:00:00,10.7,ecommerce,atm,IN,70,305,0,0
3302,2024-05-17 14:00:00,39.42,ecommerce,atm,FR,57,6,0,0
3303,2024-05-17 15:00:00,9.36,restaurant,mobile,IN,72,520,0,0
3304,2024-05-17 16:00:00,46.16,electronics,mobile,IN,27,467,0,0
3305,2024-05-17 17:00:00,56.0,grocery,web,CA,37,583,0,0
3306,2024-05-17 18:00:00,52.78,grocery,pos,CA,55,360,0,0
3307,2024-05-17 19:00:00,28.32,grocery,mobile,CA,35,138,0,0
3308,2024-05-17 20:00:00,182.05,travel,pos,US,85,174,0,1
3309,2024-05-17 21:00:00,20.14,grocery,pos,MX,64,558,0,0
3310,2024-05-17 22:00:00,242.46,restaurant,web,CA,46,25,0,0
3311,2024-05-17 23:00:00,35.79,restaurant,web,GB,70,403,0,0
3312,2024-05-18 00:00:00,16.05,fuel,web,GB,84,40,1,0
3313,2024-05-18 01:00:00,300.1,travel,pos,US,18,444,1,1
3314,2024-05-18 02:00:00,183.36,ecommerce,pos,CA,55,349,1,0
3315,2024-05-18 03:00:00,16.32,grocery,pos,CA,47,283,1,0
3316,2024-05-18 04:00:00,27.41,electronics,pos,CA,69,420,1,0
3317,2024-05-18 05:00:00,10.92,grocery,pos,CA,38,213,1,0
3318,2024-05-18 06:00:00,17.93,grocery,mobile,US,40,344,0,0
3319,2024-05-18 07:00:00,57.2,ecommerce,pos,CA,70,480,0,0
3320,2024-05-18 08:00:00,7.56,grocery,web,CA,78,275,0,0
3321,2024-05-18 09:00:00,41.22,ecommerce,pos,CA,27,13,0,0
3322,2024-05-18 10:00:00,81.5,electronics,web,US,59,597,0,0
3323,2024-05-18 11:00:00,131.65,electronics,mobile,CA,70,324,0,0
3324,2024-05-18 12:00:00,236.72,travel,pos,IN,29,258,0,1
3325,2024-05-18 13:00:00,39.18,restaurant,pos,CA,62,44,0,0
3326,2024-05-18 14:00:00,301.35,ecommerce,mobile,IN,84,54,0,1
3327,2024-05-18 15:00:00,73.08,restaurant,pos,CA,75,153,0,0
3328,2024-05-18 16:00:00,33.34,fuel,mobile,CA,31,554,0,0
3329,2024-05-18 17:00:00,25.07,ecommerce,atm,IN,85,435,0,0
3330,2024-05-18 18:00:00,14.86,restaurant,web,MX,42,248,0,0
3331,2024-05-18 19:00:00,16.6,ecommerce,atm,US,50,453,0,0
3332,2024-05-18 20:00:00,37.61,grocery,web,MX,37,235,0,0
3333,2024-05-18 21:00:00,80.93,ecommerce,web,CA,65,534,0,1
3334,2024-05-18 22:00:00,134.15,ecommerce,pos,GB,26,196,0,0
3335,2024-05-18 23:00:00,76.39,ecommerce,pos,CA,66,429,0,0
3336,2024-05-19 00:00:00,70.49,fuel,pos,GB,21,262,1,0
3337,2024-05-19 01:00:00,71.8,restaurant,web,IN,75,405,1,0
3338,2024-05-19 02:00:00,23.81,ecommerce,web,FR,40,112,1,0
3339,2024-05-19 03:00:00,17.13,fuel,pos,MX,53,568,1,0
3340,2024-05-19 04:00:00,59.46,ecommerce,web,US,33,172,1,1
3341,2024-05-19 05:00:00,52.06,electronics,pos,CA,25,322,1,0
3342,2024-05-19 06:00:00,26.32,grocery,pos,CA,19,413,0,0
3343,2024-05-19 07:00:00,42.96,grocery,pos,FR,84,392,0,0
3344,2024-05-19 08:00:00,24.44,fuel,mobile,US,27,333,0,0
3345,2024-05-19 09:00:00,136.53,travel,web,CA,21,521,0,0
3346,2024-05-19 10:00:00,42.07,electronics,mobile,GB,52,582,0,0
3347,2024-05-19 11:00:00,215.31,travel,pos,CA,83,458,0,0
3348,2024-05-19 12:00:00,145.14,electronics,web,GB,23,110,0,0
3349,2024-05-19 13:00:00,30.24,ecommerce,atm,GB,35,462,0,0
3350,2024-05-19 14:00:00,10.23,grocery,pos,CA,55,302,0,0
3351,2024-05-19 15:00:00,99.13,grocery,web,CA,51,322,0,0
3352,2024-05-19 16:00:00,157.99,grocery,pos,MX,27,565,0,0
3353,2024-05-19 17:00:00,74.18,ecommerce,pos,CA,82,317,0,0
3354,2024-05-19 18:00:00,19.71,fuel,web,IN,42,511,0,0
3355,2024-05-19 19:00:00,154.0,ecommerce,pos,CA,64,389,0,0
3356,2024-05-19 20:00:00,41.69,fuel,web,CA,49,52,0,0
3357,2024-05-19 21:00:00,22.58,fuel,atm,CA,57,421,0,0
3358,2024-05-19 22:00:00,326.22,travel,pos,GB,79,297,0,1
3359,2024-05-19 23:00:00,65.87,travel,pos,US,40,328,0,0
3360,2024-05-20 00:00:00,32.25,ecommerce,mobile,FR,73,181,1,0
3361,2024-05-20 01:00:00,83.31,ecommerce,web,IN,37,111,1,0
3362,2024-05-20 02:00:00,151.28,travel,mobile,US,39,447,1,0
3363,2024-05-20 03:00:00,242.22,travel,pos,CA,20,149,1,0
3364,2024-05-20 04:00:00,175.79,ecommerce,web,CA,41,56,1,0
3365,2024-05-20 05:00:00,14.85,ecommerce,atm,FR,57,296,1,1
3366,2024-05-20 06:00:00,101.78,electronics,pos,CA,61,427,0,0
3367,2024-05-20 07:00:00,755.41,travel,mobile,FR,47,122,0,1
3368,2024-05-20 08:00:00,19.15,grocery,mobile,FR,42,217,0,0
3369,2024-05-20 09:00:00,14.35,fuel,mobile,US,33,254,0,0
3370,2024-05-20 10:00:00,5.0,restaurant,pos,US,79,555,0,0
3371,2024-05-20 11:00:00,35.9,grocery,web,IN,44,88,0,0
3372,2024-05-20 12:00:00,46.03,restaurant,pos,GB,38,551,0,0
3373,2024-05-20 13:00:00,55.14,grocery,atm,MX,81,87,0,0
3374,2024-05-20 14:00:00,10.73,fuel,pos,CA,61,347,0,0
3375,2024-05-20 15:00:00,59.59,ecommerce,pos,CA,75,506,0,0
3376,2024-05-20 16:00:00,39.99,grocery,mobile,CA,44,543,0,0
3377,2024-05-20 17:00:00,28.61,restaurant,pos,IN,47,325,0,0
3378,2024-05-20 18:00:00,10.19,fuel,web,US,67,296,0,0
3379,2024-05-20 19:00:00,29.27,restaurant,pos,GB,84,469,0,0
3380,2024-05-20 20:00:00,28.85,ecommerce,mobile,CA,71,546,0,0
3381,2024-05-20 21:00:00,5.06,restaurant,pos,FR,49,6,0,0
3382,2024-05-20 22:00:00,50.4,restaurant,web,CA,58,157,0,0
3383,2024-05-20 23:00:00,30.97,fuel,web,MX,41,171,0,0
3384,2024-05-21 00:00:00,55.81,grocery,pos,CA,49,500,1,0
3385,2024-05-21 01:00:00,60.75,electronics,pos,FR,44,10,1,0
3386,2024-05-21 02:00:00,47.98,fuel,pos,US,24,75,1,1
3387,2024-05-21 03:00:00,68.5,restaurant,mobile,CA,77,2,1,1
3388,2024-05-21 04:00:00,291.17,ecommerce,pos,CA,27,572,1,1
3389,2024-05-21 05:00:00,124.93,ecommerce,pos,CA,36,19,1,0
3390,2024-05-21 06:00:00,46.32,grocery,pos,CA,35,159,0,0
3391,2024-05-21 07:00:00,28.39,electronics,web,CA,33,313,0,0
3392,2024-05-21 08:00:00,24.8,restaurant,mobile,CA,51,209,0,0
3393,2024-05-21 09:00:00,9.1,grocery,web,CA,83,54,0,0
3394,2024-05-21 10:00:00,47.03,electronics,mobile,CA,40,248,0,0
3395,2024-05-21 11:00:00,158.6,restaurant,mobile,MX,67,479,0,0
3396,2024-05-21 12:00:00,13.05,grocery,mobile,CA,67,173,0,0
3397,2024-05-21 13:00:00,5.0,grocery,mobile,CA,69,310,0,0
3398,2024-05-21 14:00:00,204.31,electronics,pos,FR,60,282,0,1
3399,2024-05-21 15:00:00,74.48,travel,atm,CA,68,147,0,0
3400,2024-05-21 16:00:00,65.39,grocery,mobile,US,69,1,0,0
3401,2024-05-21 17:00:00,34.28,electronics,web,IN,64,504,0,0
3402,2024-05-21 18:00:00,18.61,fuel,pos,GB,55,597,0,0
3403,2024-05-21 19:00:00,80.09,restaurant,pos,CA,24,306,0,0
3404,2024-05-21 20:00:00,8.31,restaurant,web,CA,52,499,0,0
3405,2024-05-21 21:00:00,84.39,electronics,web,FR,69,210,0,0
3406,2024-05-21 22:00:00,35.48,fuel,mobile,GB,41,566,0,0
3407,2024-05-21 23:00:00,31.44,ecommerce,web,CA,34,341,0,0
3408,2024-05-22 00:00:00,33.94,fuel,web,US,58,480,1,0
3409,2024-05-22 01:00:00,33.22,grocery,pos,FR,27,404,1,0
3410,2024-05-22 02:00:00,220.83,travel,pos,GB,66,555,1,0
3411,2024-05-22 03:00:00,171.94,grocery,pos,CA,84,335,1,0
3412,2024-05-22 04:00:00,303.25,fuel,mobile,CA,50,509,1,0
3413,2024-05-22 05:00:00,49.71,grocery,web,CA,19,560,1,0
3414,2024-05-22 06:00:00,54.38,ecommerce,atm,CA,36,456,0,0
3415,2024-05-22 07:00:00,89.31,ecommerce,mobile,MX,20,212,0,0
3416,2024-05-22 08:00:00,110.75,travel,mobile,CA,49,54,0,0
3417,2024-05-22 09:00:00,23.55,electronics,web,CA,39,246,0,0
3418,2024-05-22 10:00:00,31.41,grocery,mobile,CA,70,416,0,0
3419,2024-05-22 11:00:00,72.3,restaurant,atm,FR,75,516,0,0
3420,2024-05-22 12:00:00,7.31,restaurant,mobile,FR,47,462,0,0
3421,2024-05-22 13:00:00,24.76,ecommerce,pos,GB,84,383,0,0
3422,2024-05-22 14:00:00,80.85,travel,mobile,IN,48,322,0,0
3423,2024-05-22 15:00:00,83.97,ecommerce,pos,IN,26,580,0,0
3424,2024-05-22 16:00:00,278.24,grocery,pos,CA,79,146,0,0
3425,2024-05-22 17:00:00,13.18,fuel,mobile,CA,44,476,0,0
3426,2024-05-22 18:00:00,35.56,grocery,mobile,GB,78,331,0,0
3427,2024-05-22 19:00:00,27.44,restaurant,pos,US,67,308,0,0
3428,2024-05-22 20:00:00,20.82,restaurant,pos,CA,81,239,0,0
3429,2024-05-22 21:00:00,94.15,electronics,mobile,IN,61,381,0,0
3430,2024-05-22 22:00:00,17.97,fuel,pos,CA,58,600,0,0
3431,2024-05-22 23:00:00,322.32,fuel,pos,FR,33,244,0,0
3432,2024-05-23 00:00:00,53.6,restaurant,mobile,US,36,67,1,0
3433,2024-05-23 01:00:00,39.84,ecommerce,mobile,CA,40,76,1,0
3434,2024-05-23 02:00:00,95.05,grocery,web,FR,39,106,1,1
3435,2024-05-23 03:00:00,34.39,fuel,web,GB,58,244,1,0
3436,2024-05-23 04:00:00,63.27,ecommerce,pos,US,77,2,1,1
3437,2024-05-23 05:00:00,50.98,ecommerce,pos,US,20,169,1,0
3438,2024-05-23 06:00:00,26.16,grocery,mobile,CA,60,417,0,0
3439,2024-05-23 07:00:00,45.53,travel,mobile,CA,69,407,0,0
3440,2024-05-23 08:00:00,13.32,ecommerce,pos,CA,48,402,0,0
3441,2024-05-23 09:00:00,45.73,grocery,pos,CA,36,402,0,0
3442,2024-05-23 10:00:00,27.56,grocery,pos,CA,47,45,0,0
3443,2024-05-23 11:00:00,132.29,ecommerce,pos,CA,74,563,0,0
3444,2024-05-23 12:00:00,12.26,restaurant,pos,CA,80,178,0,0
3445,2024-05-23 13:00:00,22.36,ecommerce,pos,US,64,47,0,0
3446,2024-05-23 14:00:00,274.47,travel,mobile,CA,51,487,0,0
3447,2024-05-23 15:00:00,75.34,electronics,pos,CA,61,281,0,0
3448,2024-05-23 16:00:00,129.73,ecommerce,mobile,IN,64,208,0,0
3449,2024-05-23 17:00:00,101.28,electronics,web,IN,70,239,0,1
3450,2024-05-23 18:00:00,532.49,electronics,mobile,GB,27,350,0,1
3451,2024-05-23 19:00:00,53.89,fuel,atm,CA,23,316,0,0
3452,2024-05-23 20:00:00,47.37,grocery,web,MX,41,8,0,0
3453,2024-05-23 21:00:00,67.3,grocery,pos,CA,35,71,0,0
3454,2024-05-23 22:00:00,21.35,restaurant,mobile,US,59,569,0,0
3455,2024-05-23 23:00:00,22.4,electronics,pos,FR,53,295,0,0
3456,2024-05-24 00:00:00,37.78,restaurant,pos,CA,80,594,1,0
3457,2024-05-24 01:00:00,156.69,restaurant,pos,IN,70,394,1,0
3458,2024-05-24 02:00:00,5.0,grocery,mobile,MX,28,443,1,0
3459,2024-05-24 03:00:00,149.91,electronics,pos,CA,75,188,1,0
3460,2024-05-24 04:00:00,6.86,fuel,web,CA,70,503,1,0
3461,2024-05-24 05:00:00,96.24,electronics,web,GB,43,390,1,1
3462,2024-05-24 06:00:00,35.19,grocery,mobile,CA,21,451,0,0
3463,2024-05-24 07:00:00,117.62,ecommerce,pos,CA,71,159,0,0
3464,2024-05-24 08:00:00,118.74,electronics,mobile,CA,31,352,0,0
3465,2024-05-24 09:00:00,338.31,electronics,mobile,IN,32,221,0,1
3466,2024-05-24 10:00:00,389.96,travel,web,CA,49,546,0,0
3467,2024-05-24 11:00:00,50.32,ecommerce,web,IN,23,545,0,0
3468,2024-05-24 12:00:00,160.82,ecommerce,mobile,MX,45,212,0,0
3469,2024-05-24 13:00:00,20.6,restaurant,mobile,CA,34,15,0,0
3470,2024-05-24 14:00:00,38.82,ecommerce,web,CA,21,149,0,0
3471,2024-05-24 15:00:00,9.23,fuel,pos,GB,79,163,0,0
3472,2024-05-24 16:00:00,88.91,fuel,pos,CA,35,11,0,0
3473,2024-05-24 17:00:00,45.85,ecommerce,pos,CA,54,562,0,0
3474,2024-05-24 18:00:00,5.0,fuel,pos,CA,73,280,0,0
3475,2024-05-24 19:00:00,97.82,ecommerce,pos,FR,50,88,0,0
3476,2024-05-24 20:00:00,66.5,electronics,pos,MX,37,366,0,0
3477,2024-05-24 21:00:00,20.87,restaurant,mobile,CA,68,238,0,0
3478,2024-05-24 22:00:00,22.11,restaurant,mobile,CA,65,104,0,0
3479,2024-05-24 23:00:00,20.17,fuel,mobile,CA,18,272,0,0
3480,2024-05-25 00:00:00,317.93,fuel,web,GB,73,359,1,1
3481,2024-05-25 01:00:00,438.88,electronics,web,CA,26,392,1,1
3482,2024-05-25 02:00:00,184.39,electronics,pos,IN,68,135,1,1
3483,2024-05-25 03:00:00,33.92,fuel,mobile,FR,24,367,1,0
3484,2024-05-25 04:00:00,271.42,electronics,pos,CA,22,476,1,1
3485,2024-05-25 05:00:00,122.37,electronics,web,FR,26,376,1,1
3486,2024-05-25 06:00:00,284.45,travel,atm,MX,68,571,0,0
3487,2024-05-25 07:00:00,162.42,electronics,mobile,US,48,565,0,0
3488,2024-05-25 08:00:00,36.77,grocery,pos,CA,58,297,0,0
3489,2024-05-25 09:00:00,63.63,fuel,mobile,FR,37,236,0,0
3490,2024-05-25 10:00:00,93.52,travel,pos,CA,26,274,0,0
3491,2024-05-25 11:00:00,34.53,grocery,pos,GB,71,294,0,0
3492,2024-05-25 12:00:00,11.31,restaurant,pos,CA,74,104,0,0
3493,2024-05-25 13:00:00,62.72,travel,pos,CA,75,579,0,0
3494,2024-05-25 14:00:00,5.0,grocery,mobile,IN,22,341,0,0
3495,2024-05-25 15:00:00,148.22,electronics,web,CA,80,77,0,0
3496,2024-05-25 16:00:00,189.83,electronics,pos,CA,54,542,0,0
3497,2024-05-25 17:00:00,261.04,electronics,atm,FR,31,569,0,0
3498,2024-05-25 18:00:00,22.27,ecommerce,web,CA,31,337,0,0
3499,2024-05-25 19:00:00,40.56,restaurant,web,FR,52,569,0,0
3500,2024-05-25 20:00:00,60.02,ecommerce,web,IN,59,583,0,0
3501,2024-05-25 21:00:00,53.02,fuel,web,CA,21,573,0,0
3502,2024-05-25 22:00:00,18.23,grocery,web,US,51,579,0,0
3503,2024-05-25 23:00:00,100.85,travel,web,IN,34,40,0,0
3504,2024-05-26 00:00:00,24.28,electronics,mobile,IN,80,18,1,0
3505,2024-05-26 01:00:00,14.32,fuel,pos,CA,59,347,1,0
3506,2024-05-26 02:00:00,27.38,fuel,web,MX,43,449,1,0
3507,2024-05-26 03:00:00,114.95,electronics,pos,US,46,503,1,1
3508,2024-05-26 04:00:00,21.55,electronics,mobile,CA,74,385,1,0
3509,2024-05-26 05:00:00,37.9,ecommerce,pos,US,64,188,1,0
3510,2024-05-26 06:00:00,31.54,restaurant,pos,CA,44,560,0,0
3511,2024-05-26 07:00:00,348.98,electronics,atm,CA,75,354,0,0
3512,2024-05-26 08:00:00,12.76,restaurant,web,CA,60,409,0,0
3513,2024-05-26 09:00:00,42.43,restaurant,pos,FR,22,154,0,0
3514,2024-05-26 10:00:00,16.47,restaurant,pos,CA,60,456,0,0
3515,2024-05-26 11:00:00,65.8,electronics,web,CA,81,77,0,0
3516,2024-05-26 12:00:00,61.96,travel,atm,CA,76,523,0,0
3517,2024-05-26 13:00:00,12.8,grocery,web,CA,20,512,0,0
3518,2024-05-26 14:00:00,17.81,fuel,pos,IN,77,410,0,0
3519,2024-05-26 15:00:00,252.4,electronics,web,CA,84,589,0,1
3520,2024-05-26 16:00:00,13.84,fuel,web,CA,29,546,0,0
3521,2024-05-26 17:00:00,12.03,restaurant,pos,IN,61,41,0,0
3522,2024-05-26 18:00:00,39.54,grocery,mobile,CA,69,132,0,0
3523,2024-05-26 19:00:00,60.34,ecommerce,pos,CA,20,72,0,0
3524,2024-05-26 20:00:00,25.67,fuel,mobile,GB,74,192,0,0
3525,2024-05-26 21:00:00,75.48,ecommerce,mobile,GB,44,353,0,0
3526,2024-05-26 22:00:00,13.2,grocery,pos,CA,38,86,0,0
3527,2024-05-26 23:00:00,14.59,grocery,mobile,MX,35,51,0,0
3528,2024-05-27 00:00:00,238.75,electronics,mobile,US,52,387,1,0
3529,2024-05-27 01:00:00,23.94,fuel,web,MX,72,379,1,0
3530,2024-05-27 02:00:00,56.03,grocery,web,CA,73,220,1,0
3531,2024-05-27 03:00:00,98.57,grocery,pos,GB,33,432,1,0
3532,2024-05-27 04:00:00,58.44,fuel,pos,US,74,355,1,1
3533,2024-05-27 05:00:00,9.55,grocery,mobile,MX,74,249,1,0
3534,2024-05-27 06:00:00,88.49,electronics,pos,IN,22,41,0,0
3535,2024-05-27 07:00:00,250.77,electronics,pos,FR,39,454,0,1
3536,2024-05-27 08:00:00,96.14,ecommerce,web,GB,19,375,0,0
3537,2024-05-27 09:00:00,161.07,travel,pos,CA,85,68,0,0
3538,2024-05-27 10:00:00,7.49,grocery,mobile,CA,50,112,0,0
3539,2024-05-27 11:00:00,34.48,ecommerce,mobile,US,36,181,0,0
3540,2024-05-27 12:00:00,29.06,restaurant,mobile,CA,78,107,0,0
3541,2024-05-27 13:00:00,7.57,fuel,pos,MX,64,485,0,0
3542,2024-05-27 14:00:00,55.76,restaurant,web,MX,81,561,0,0
3543,2024-05-27 15:00:00,54.03,ecommerce,mobile,US,72,53,0,0
3544,2024-05-27 16:00:00,10.11,ecommerce,web,CA,82,143,0,0
3545,2024-05-27 17:00:00,16.39,fuel,mobile,FR,32,171,0,0
3546,2024-05-27 18:00:00,21.1,fuel,web,US,31,596,0,0
3547,2024-05-27 19:00:00,24.29,restaurant,pos,CA,23,373,0,0
3548,2024-05-27 20:00:00,117.55,grocery,pos,US,41,573,0,0
3549,2024-05-27 21:00:00,45.95,restaurant,mobile,CA,55,148,0,0
3550,2024-05-27 22:00:00,7.99,restaurant,pos,MX,56,40,0,0
3551,2024-05-27 23:00:00,7.14,fuel,mobile,CA,64,289,0,0
3552,2024-05-28 00:00:00,47.24,ecommerce,web,US,67,491,1,0
3553,2024-05-28 01:00:00,30.58,fuel,pos,CA,73,503,1,0
3554,2024-05-28 02:00:00,146.71,ecommerce,mobile,CA,53,283,1,0
3555,2024-05-28 03:00:00,466.24,electronics,web,CA,36,162,1,1
3556,2024-05-28 04:00:00,136.0,fuel,pos,CA,47,28,1,0
3557,2024-05-28 05:00:00,18.33,restaurant,atm,FR,77,261,1,0
3558,2024-05-28 06:00:00,316.52,travel,mobile,GB,73,322,0,0
3559,2024-05-28 07:00:00,40.04,fuel,web,CA,80,10,0,0
3560,2024-05-28 08:00:00,36.82,electronics,mobile,CA,54,561,0,0
3561,2024-05-28 09:00:00,5.0,fuel,web,GB,70,425,0,0
3562,2024-05-28 10:00:00,31.08,restaurant,web,CA,46,196,0,0
3563,2024-05-28 11:00:00,8.53,grocery,pos,CA,18,213,0,0
3564,2024-05-28 12:00:00,12.69,restaurant,pos,CA,68,214,0,0
3565,2024-05-28 13:00:00,53.06,electronics,web,US,23,516,0,0
3566,2024-05-28 14:00:00,33.24,restaurant,web,IN,61,434,0,0
3567,2024-05-28 15:00:00,86.44,fuel,mobile,CA,85,53,0,0
3568,2024-05-28 16:00:00,99.41,electronics,web,IN,19,184,0,1
3569,2024-05-28 17:00:00,36.98,ecommerce,web,FR,67,470,0,0
3570,2024-05-28 18:00:00,15.27,electronics,mobile,IN,77,214,0,0
3571,2024-05-28 19:00:00,49.49,grocery,atm,GB,60,489,0,0
3572,2024-05-28 20:00:00,61.62,ecommerce,pos,FR,64,304,0,0
3573,2024-05-28 21:00:00,16.65,fuel,atm,US,79,466,0,0
3574,2024-05-28 22:00:00,171.54,ecommerce,mobile,FR,70,317,0,0
3575,2024-05-28 23:00:00,20.56,ecommerce,pos,CA,20,441,0,0
3576,2024-05-29 00:00:00,53.06,electronics,pos,MX,70,259,1,0
3577,2024-05-29 01:00:00,48.17,ecommerce,pos,US,69,142,1,0
3578,2024-05-29 02:00:00,59.25,electronics,mobile,CA,33,530,1,1
3579,2024-05-29 03:00:00,53.78,grocery,web,CA,62,250,1,0
3580,2024-05-29 04:00:00,149.2,electronics,web,CA,75,5,1,1
3581,2024-05-29 05:00:00,253.07,electronics,mobile,CA,75,231,1,1
3582,2024-05-29 06:00:00,94.39,ecommerce,pos,CA,77,246,0,0
3583,2024-05-29 07:00:00,88.58,electronics,web,CA,70,144,0,0
3584,2024-05-29 08:00:00,20.11,restaurant,mobile,CA,26,527,0,0
3585,2024-05-29 09:00:00,148.05,electronics,atm,US,50,295,0,0
3586,2024-05-29 10:00:00,50.6,ecommerce,mobile,CA,33,222,0,0
3587,2024-05-29 11:00:00,28.48,fuel,pos,CA,22,419,0,0
3588,2024-05-29 12:00:00,155.48,electronics,pos,CA,35,384,0,0
3589,2024-05-29 13:00:00,68.03,ecommerce,pos,CA,79,287,0,0
3590,2024-05-29 14:00:00,129.74,electronics,web,CA,58,585,0,0
3591,2024-05-29 15:00:00,29.47,ecommerce,pos,IN,69,585,0,0
3592,2024-05-29 16:00:00,331.13,electronics,atm,CA,52,286,0,0
3593,2024-05-29 17:00:00,12.1,grocery,mobile,CA,42,425,0,0
3594,2024-05-29 18:00:00,48.64,grocery,web,US,50,31,0,0
3595,2024-05-29 19:00:00,17.63,restaurant,pos,FR,84,266,0,0
3596,2024-05-29 20:00:00,72.31,restaurant,web,CA,37,265,0,0
3597,2024-05-29 21:00:00,60.47,restaurant,web,CA,39,242,0,0
3598,2024-05-29 22:00:00,27.25,restaurant,mobile,US,75,505,0,0
3599,2024-05-29 23:00:00,243.36,ecommerce,pos,CA,43,350,0,0
3600,2024-05-30 00:00:00,50.74,ecommerce,mobile,CA,79,283,1,0
3601,2024-05-30 01:00:00,72.44,grocery,pos,IN,84,259,1,0
3602,2024-05-30 02:00:00,14.2,fuel,pos,IN,22,371,1,0
3603,2024-05-30 03:00:00,86.47,ecommerce,atm,US,63,133,1,0
3604,2024-05-30 04:00:00,11.79,restaurant,pos,CA,24,147,1,0
3605,2024-05-30 05:00:00,33.34,grocery,pos,US,77,313,1,0
3606,2024-05-30 06:00:00,31.28,grocery,mobile,IN,25,191,0,0
3607,2024-05-30 07:00:00,132.42,ecommerce,web,IN,78,404,0,0
3608,2024-05-30 08:00:00,17.91,grocery,pos,CA,70,541,0,0
3609,2024-05-30 09:00:00,954.63,ecommerce,pos,CA,54,215,0,0
3610,2024-05-30 10:00:00,39.35,travel,pos,CA,32,347,0,0
3611,2024-05-30 11:00:00,74.07,ecommerce,web,GB,36,170,0,0
3612,2024-05-30 12:00:00,176.85,travel,pos,CA,47,476,0,0
3613,2024-05-30 13:00:00,44.31,restaurant,mobile,CA,75,130,0,0
3614,2024-05-30 14:00:00,85.84,travel,mobile,CA,79,313,0,0
3615,2024-05-30 15:00:00,122.17,electronics,pos,CA,52,218,0,0
3616,2024-05-30 16:00:00,36.14,ecommerce,pos,FR,33,459,0,0
3617,2024-05-30 17:00:00,176.8,grocery,pos,CA,56,146,0,0
3618,2024-05-30 18:00:00,33.91,ecommerce,pos,CA,74,120,0,0
3619,2024-05-30 19:00:00,23.89,restaurant,pos,MX,54,458,0,0
3620,2024-05-30 20:00:00,75.14,travel,mobile,US,78,334,0,0
3621,2024-05-30 21:00:00,29.23,ecommerce,pos,MX,18,383,0,0
3622,2024-05-30 22:00:00,7.74,fuel,web,GB,52,477,0,0
3623,2024-05-30 23:00:00,179.94,electronics,mobile,CA,21,172,0,0
3624,2024-05-31 00:00:00,74.5,travel,mobile,CA,59,145,1,0
3625,2024-05-31 01:00:00,13.32,fuel,pos,CA,59,596,1,0
3626,2024-05-31 02:00:00,11.47,restaurant,pos,MX,39,66,1,0
3627,2024-05-31 03:00:00,179.51,travel,atm,IN,72,388,1,1
3628,2024-05-31 04:00:00,139.18,travel,pos,CA,82,233,1,0
3629,2024-05-31 05:00:00,33.54,grocery,mobile,GB,49,85,1,0
3630,2024-05-31 06:00:00,16.51,grocery,mobile,MX,47,572,0,0
3631,2024-05-31 07:00:00,40.39,restaurant,web,IN,30,498,0,0
3632,2024-05-31 08:00:00,75.2,travel,pos,CA,19,133,0,0
3633,2024-05-31 09:00:00,63.97,ecommerce,pos,CA,45,452,0,0
3634,2024-05-31 10:00:00,120.37,travel,web,GB,48,461,0,0
3635,2024-05-31 11:00:00,7.17,grocery,web,GB,70,300,0,0
3636,2024-05-31 12:00:00,610.14,electronics,mobile,MX,76,574,0,1
3637,2024-05-31 13:00:00,54.95,grocery,mobile,FR,25,140,0,0
3638,2024-05-31 14:00:00,115.58,electronics,atm,CA,28,43,0,0
3639,2024-05-31 15:00:00,37.01,fuel,atm,MX,56,487,0,0
3640,2024-05-31 16:00:00,380.85,ecommerce,mobile,CA,43,214,0,0
3641,2024-05-31 17:00:00,91.14,grocery,pos,CA,65,74,0,0
3642,2024-05-31 18:00:00,134.51,electronics,web,CA,39,582,0,0
3643,2024-05-31 19:00:00,17.32,grocery,web,CA,46,251,0,0
3644,2024-05-31 20:00:00,19.96,grocery,web,CA,48,520,0,0
3645,2024-05-31 21:00:00,19.39,electronics,pos,MX,58,491,0,0
3646,2024-05-31 22:00:00,43.11,ecommerce,web,FR,22,182,0,0
3647,2024-05-31 23:00:00,108.96,ecommerce,pos,CA,78,481,0,0
3648,2024-06-01 00:00:00,106.23,ecommerce,pos,CA,41,282,1,0
3649,2024-06-01 01:00:00,47.53,restaurant,mobile,CA,32,378,1,0
3650,2024-06-01 02:00:00,37.77,ecommerce,web,CA,61,172,1,0
3651,2024-06-01 03:00:00,53.79,grocery,web,CA,27,4,1,0
3652,2024-06-01 04:00:00,126.1,ecommerce,web,US,58,114,1,1
3653,2024-06-01 05:00:00,5.0,grocery,web,FR,22,200,1,0
3654,2024-06-01 06:00:00,78.99,ecommerce,pos,CA,35,328,0,0
3655,2024-06-01 07:00:00,213.18,grocery,web,MX,67,512,0,1
3656,2024-06-01 08:00:00,25.2,grocery,pos,MX,43,106,0,0
3657,2024-06-01 09:00:00,6.21,ecommerce,mobile,CA,79,433,0,0
3658,2024-06-01 10:00:00,13.14,restaurant,pos,CA,42,450,0,0
3659,2024-06-01 11:00:00,6.4,grocery,atm,CA,64,487,0,0
3660,2024-06-01 12:00:00,18.51,grocery,mobile,CA,20,489,0,0
3661,2024-06-01 13:00:00,9.07,restaurant,web,FR,84,37,0,0
3662,2024-06-01 14:00:00,63.09,restaurant,pos,CA,59,130,0,0
3663,2024-06-01 15:00:00,275.05,travel,web,CA,66,565,0,0
3664,2024-06-01 16:00:00,81.78,ecommerce,mobile,CA,40,380,0,0
3665,2024-06-01 17:00:00,181.08,ecommerce,mobile,CA,37,137,0,1
3666,2024-06-01 18:00:00,19.69,grocery,mobile,IN,47,598,0,0
3667,2024-06-01 19:00:00,35.0,grocery,mobile,CA,35,199,0,0
3668,2024-06-01 20:00:00,432.8,ecommerce,web,MX,19,173,0,1
3669,2024-06-01 21:00:00,46.23,fuel,mobile,CA,63,505,0,0
3670,2024-06-01 22:00:00,101.48,ecommerce,web,CA,66,577,0,0
3671,2024-06-01 23:00:00,68.41,travel,mobile,CA,63,244,0,0
3672,2024-06-02 00:00:00,41.28,ecommerce,web,FR,55,387,1,0
3673,2024-06-02 01:00:00,24.35,ecommerce,mobile,CA,53,386,1,0
3674,2024-06-02 02:00:00,446.13,electronics,pos,MX,85,135,1,1
3675,2024-06-02 03:00:00,6.72,restaurant,pos,CA,53,331,1,0
3676,2024-06-02 04:00:00,136.73,ecommerce,pos,US,65,33,1,1
3677,2024-06-02 05:00:00,46.06,fuel,atm,US,46,520,1,0
3678,2024-06-02 06:00:00,14.19,ecommerce,web,US,20,497,0,0
3679,2024-06-02 07:00:00,91.59,grocery,web,CA,41,93,0,0
3680,2024-06-02 08:00:00,77.86,electronics,web,CA,67,365,0,0
3681,2024-06-02 09:00:00,9.98,grocery,web,FR,61,58,0,0
3682,2024-06-02 10:00:00,83.37,ecommerce,mobile,US,65,52,0,0
3683,2024-06-02 11:00:00,13.02,fuel,atm,CA,68,380,0,0
3684,2024-06-02 12:00:00,27.24,grocery,mobile,CA,32,478,0,0
3685,2024-06-02 13:00:00,20.78,grocery,mobile,CA,73,507,0,0
3686,2024-06-02 14:00:00,27.22,ecommerce,pos,CA,66,199,0,0
3687,2024-06-02 15:00:00,9.37,restaurant,pos,CA,38,554,0,0
3688,2024-06-02 16:00:00,279.62,travel,web,CA,52,324,0,0
3689,2024-06-02 17:00:00,80.46,ecommerce,mobile,CA,76,240,0,0
3690,2024-06-02 18:00:00,41.42,grocery,pos,US,29,207,0,0
3691,2024-06-02 19:00:00,98.35,travel,mobile,IN,38,441,0,0
3692,2024-06-02 20:00:00,34.31,grocery,pos,MX,31,222,0,0
3693,2024-06-02 21:00:00,14.08,fuel,pos,CA,38,234,0,0
3694,2024-06-02 22:00:00,49.89,electronics,pos,GB,31,233,0,0
3695,2024-06-02 23:00:00,279.93,ecommerce,mobile,CA,72,191,0,0
3696,2024-06-03 00:00:00,133.14,ecommerce,mobile,US,85,238,1,1
3697,2024-06-03 01:00:00,19.76,grocery,web,CA,83,14,1,0
3698,2024-06-03 02:00:00,8.52,grocery,mobile,CA,42,525,1,0
3699,2024-06-03 03:00:00,12.99,ecommerce,mobile,US,81,150,1,0
3700,2024-06-03 04:00:00,15.43,restaurant,web,CA,23,268,1,0
3701,2024-06-03 05:00:00,66.17,ecommerce,mobile,MX,25,102,1,0
3702,2024-06-03 06:00:00,30.37,fuel,pos,US,40,322,0,0
3703,2024-06-03 07:00:00,112.31,electronics,web,CA,37,161,0,0
3704,2024-06-03 08:00:00,44.26,grocery,pos,CA,80,102,0,0
3705,2024-06-03 09:00:00,12.87,grocery,web,US,69,173,0,0
3706,2024-06-03 10:00:00,233.29,ecommerce,web,MX,69,543,0,1
3707,2024-06-03 11:00:00,114.28,travel,pos,GB,72,516,0,0
3708,2024-06-03 12:00:00,78.31,ecommerce,web,CA,67,474,0,0
3709,2024-06-03 13:00:00,54.45,electronics,mobile,FR,52,122,0,0
3710,2024-06-03 14:00:00,36.13,restaurant,web,CA,21,390,0,0
3711,2024-06-03 15:00:00,637.19,electronics,pos,CA,19,492,0,0
3712,2024-06-03 16:00:00,11.21,restaurant,pos,US,84,390,0,0
3713,2024-06-03 17:00:00,36.01,electronics,web,CA,52,516,0,0
3714,2024-06-03 18:00:00,12.54,restaurant,mobile,CA,82,120,0,0
3715,2024-06-03 19:00:00,72.82,electronics,mobile,CA,20,278,0,0
3716,2024-06-03 20:00:00,61.47,electronics,pos,GB,61,198,0,0
3717,2024-06-03 21:00:00,38.52,electronics,mobile,IN,37,435,0,0
3718,2024-06-03 22:00:00,26.11,restaurant,web,IN,42,76,0,0
3719,2024-06-03 23:00:00,111.26,fuel,atm,CA,62,191,0,0
3720,2024-06-04 00:00:00,119.28,travel,pos,CA,51,422,1,0
3721,2024-06-04 01:00:00,25.03,fuel,web,GB,27,10,1,0
3722,2024-06-04 02:00:00,37.17,restaurant,web,CA,85,153,1,0
3723,2024-06-04 03:00:00,107.58,ecommerce,pos,CA,66,426,1,0
3724,2024-06-04 04:00:00,338.22,electronics,pos,CA,42,143,1,1
3725,2024-06-04 05:00:00,121.98,electronics,pos,US,60,364,1,0
3726,2024-06-04 06:00:00,27.23,restaurant,web,US,28,240,0,0
3727,2024-06-04 07:00:00,24.6,ecommerce,mobile,CA,47,277,0,0
3728,2024-06-04 08:00:00,191.28,electronics,mobile,CA,46,215,0,0
3729,2024-06-04 09:00:00,45.96,electronics,pos,MX,43,540,0,0
3730,2024-06-04 10:00:00,12.41,restaurant,mobile,US,50,433,0,0
3731,2024-06-04 11:00:00,32.48,restaurant,web,CA,80,437,0,0
3732,2024-06-04 12:00:00,109.31,fuel,atm,CA,18,475,0,0
3733,2024-06-04 13:00:00,52.49,fuel,pos,IN,55,255,0,0
3734,2024-06-04 14:00:00,31.67,grocery,mobile,US,81,62,0,0
3735,2024-06-04 15:00:00,11.28,restaurant,atm,US,78,32,0,0
3736,2024-06-04 16:00:00,236.33,ecommerce,mobile,US,79,289,0,0
3737,2024-06-04 17:00:00,93.4,electronics,mobile,IN,46,526,0,0
3738,2024-06-04 18:00:00,75.69,electronics,web,CA,56,290,0,0
3739,2024-06-04 19:00:00,44.99,fuel,mobile,CA,58,591,0,0
3740,2024-06-04 20:00:00,21.89,grocery,web,CA,74,314,0,0
3741,2024-06-04 21:00:00,16.63,grocery,web,GB,82,381,0,0
3742,2024-06-04 22:00:00,15.11,restaurant,atm,CA,35,46,0,0
3743,2024-06-04 23:00:00,15.08,fuel,pos,CA,26,461,0,0
3744,2024-06-05 00:00:00,11.88,grocery,web,CA,36,534,1,0
3745,2024-06-05 01:00:00,32.23,electronics,atm,US,35,304,1,0
3746,2024-06-05 02:00:00,144.05,ecommerce,pos,US,38,543,1,1
3747,2024-06-05 03:00:00,49.84,restaurant,pos,CA,80,142,1,1
3748,2024-06-05 04:00:00,28.64,ecommerce,pos,CA,32,294,1,0
3749,2024-06-05 05:00:00,72.87,grocery,mobile,GB,46,548,1,0
3750,2024-06-05 06:00:00,43.27,grocery,mobile,CA,42,362,0,0
3751,2024-06-05 07:00:00,20.4,fuel,pos,MX,36,413,0,0
3752,2024-06-05 08:00:00,9.06,fuel,web,CA,31,242,0,0
3753,2024-06-05 09:00:00,133.63,electronics,web,FR,85,329,0,1
3754,2024-06-05 10:00:00,146.31,fuel,mobile,CA,60,223,0,1
3755,2024-06-05 11:00:00,60.85,ecommerce,mobile,US,24,409,0,1
3756,2024-06-05 12:00:00,147.54,ecommerce,atm,CA,62,33,0,0
3757,2024-06-05 13:00:00,49.64,ecommerce,pos,CA,59,307,0,0
3758,2024-06-05 14:00:00,62.58,restaurant,pos,MX,42,558,0,0
3759,2024-06-05 15:00:00,28.62,grocery,web,US,71,35,0,0
3760,2024-06-05 16:00:00,5.0,restaurant,web,GB,72,271,0,0
3761,2024-06-05 17:00:00,31.37,ecommerce,web,US,71,396,0,0
3762,2024-06-05 18:00:00,36.9,grocery,pos,US,61,50,0,0
3763,2024-06-05 19:00:00,159.12,ecommerce,pos,FR,48,3,0,1
3764,2024-06-05 20:00:00,28.53,grocery,atm,CA,32,99,0,0
3765,2024-06-05 21:00:00,100.95,electronics,pos,FR,20,132,0,1
3766,2024-06-05 22:00:00,16.09,fuel,web,CA,80,528,0,0
3767,2024-06-05 23:00:00,244.73,ecommerce,mobile,CA,75,93,0,1
3768,2024-06-06 00:00:00,526.85,travel,pos,GB,31,384,1,1
3769,2024-06-06 01:00:00,74.27,travel,pos,CA,72,204,1,0
3770,2024-06-06 02:00:00,6.97,restaurant,web,CA,21,321,1,0
3771,2024-06-06 03:00:00,5.37,restaurant,web,CA,34,545,1,0
3772,2024-06-06 04:00:00,169.16,electronics,pos,CA,28,515,1,0
3773,2024-06-06 05:00:00,111.0,electronics,mobile,US,41,47,1,1
3774,2024-06-06 06:00:00,48.63,electronics,pos,CA,39,53,0,0
3775,2024-06-06 07:00:00,34.87,fuel,pos,CA,52,214,0,0
3776,2024-06-06 08:00:00,32.48,electronics,pos,CA,49,486,0,0
3777,2024-06-06 09:00:00,66.99,grocery,pos,CA,25,456,0,0
3778,2024-06-06 10:00:00,69.67,electronics,web,CA,28,371,0,0
3779,2024-06-06 11:00:00,10.31,restaurant,atm,CA,73,518,0,0
3780,2024-06-06 12:00:00,23.54,grocery,pos,FR,55,109,0,0
3781,2024-06-06 13:00:00,68.47,electronics,web,MX,80,442,0,0
3782,2024-06-06 14:00:00,37.92,restaurant,web,CA,26,582,0,0
3783,2024-06-06 15:00:00,171.52,ecommerce,mobile,CA,38,580,0,0
3784,2024-06-06 16:00:00,74.41,fuel,mobile,CA,28,427,0,0
3785,2024-06-06 17:00:00,31.52,restaurant,pos,CA,80,418,0,0
3786,2024-06-06 18:00:00,23.07,restaurant,mobile,CA,28,134,0,0
3787,2024-06-06 19:00:00,19.64,grocery,pos,FR,72,447,0,0
3788,2024-06-06 20:00:00,12.23,ecommerce,mobile,MX,31,148,0,0
3789,2024-06-06 21:00:00,96.59,electronics,pos,CA,67,253,0,0
3790,2024-06-06 22:00:00,27.92,ecommerce,mobile,CA,48,70,0,0
3791,2024-06-06 23:00:00,179.79,ecommerce,web,US,83,181,0,1
3792,2024-06-07 00:00:00,27.34,grocery,mobile,IN,22,45,1,0
3793,2024-06-07 01:00:00,64.17,grocery,pos,CA,40,277,1,0
3794,2024-06-07 02:00:00,17.68,fuel,mobile,FR,67,43,1,0
3795,2024-06-07 03:00:00,74.32,travel,mobile,CA,80,461,1,1
3796,2024-06-07 04:00:00,235.24,travel,web,MX,54,394,1,1
3797,2024-06-07 05:00:00,126.17,electronics,pos,CA,24,390,1,0
3798,2024-06-07 06:00:00,80.26,ecommerce,pos,US,60,422,0,0
3799,2024-06-07 07:00:00,55.2,ecommerce,pos,CA,50,463,0,0
3800,2024-06-07 08:00:00,66.66,grocery,mobile,CA,70,406,0,0
3801,2024-06-07 09:00:00,58.53,grocery,web,US,55,377,0,0
3802,2024-06-07 10:00:00,8.47,ecommerce,mobile,US,79,109,0,0
3803,2024-06-07 11:00:00,25.98,grocery,mobile,MX,26,440,0,0
3804,2024-06-07 12:00:00,81.65,grocery,mobile,CA,60,292,0,0
3805,2024-06-07 13:00:00,13.09,grocery,mobile,MX,68,93,0,0
3806,2024-06-07 14:00:00,29.76,travel,web,CA,45,288,0,0
3807,2024-06-07 15:00:00,120.47,travel,web,MX,50,194,0,0
3808,2024-06-07 16:00:00,43.62,restaurant,pos,CA,65,119,0,0
3809,2024-06-07 17:00:00,64.93,electronics,mobile,CA,48,337,0,0
3810,2024-06-07 18:00:00,87.4,fuel,atm,CA,44,537,0,0
3811,2024-06-07 19:00:00,172.16,grocery,web,IN,57,9,0,0
3812,2024-06-07 20:00:00,5.0,fuel,atm,US,72,81,0,0
3813,2024-06-07 21:00:00,23.19,grocery,atm,CA,27,548,0,0
3814,2024-06-07 22:00:00,7.7,ecommerce,web,MX,77,415,0,0
3815,2024-06-07 23:00:00,108.88,ecommerce,mobile,CA,31,143,0,0
3816,2024-06-08 00:00:00,32.57,ecommerce,mobile,CA,24,221,1,0
3817,2024-06-08 01:00:00,39.14,ecommerce,pos,CA,30,53,1,0
3818,2024-06-08 02:00:00,276.18,electronics,pos,GB,23,506,1,0
3819,2024-06-08 03:00:00,8.26,restaurant,web,IN,82,399,1,0
3820,2024-06-08 04:00:00,23.72,electronics,mobile,IN,37,139,1,0
3821,2024-06-08 05:00:00,17.58,travel,pos,CA,70,116,1,0
3822,2024-06-08 06:00:00,85.65,fuel,mobile,CA,30,415,0,0
3823,2024-06-08 07:00:00,83.39,grocery,mobile,GB,53,337,0,0
3824,2024-06-08 08:00:00,75.44,electronics,mobile,CA,46,450,0,0
3825,2024-06-08 09:00:00,8.66,fuel,pos,US,62,149,0,0
3826,2024-06-08 10:00:00,127.23,ecommerce,web,IN,85,597,0,0
3827,2024-06-08 11:00:00,716.6,ecommerce,pos,CA,62,99,0,0
3828,2024-06-08 12:00:00,22.08,restaurant,pos,CA,65,107,0,0
3829,2024-06-08 13:00:00,46.23,travel,pos,FR,35,441,0,0
3830,2024-06-08 14:00:00,83.46,fuel,pos,US,26,339,0,0
3831,2024-06-08 15:00:00,49.26,travel,pos,IN,23,233,0,0
3832,2024-06-08 16:00:00,43.18,ecommerce,web,US,38,442,0,0
3833,2024-06-08 17:00:00,5.0,fuel,web,CA,55,345,0,0
3834,2024-06-08 18:00:00,45.71,ecommerce,pos,GB,22,242,0,0
3835,2024-06-08 19:00:00,19.01,ecommerce,mobile,GB,35,129,0,0
3836,2024-06-08 20:00:00,305.13,electronics,web,IN,60,431,0,0
3837,2024-06-08 21:00:00,13.61,grocery,atm,CA,77,332,0,0
3838,2024-06-08 22:00:00,198.27,electronics,mobile,CA,85,537,0,0
3839,2024-06-08 23:00:00,54.65,ecommerce,pos,CA,34,253,0,0
3840,2024-06-09 00:00:00,110.01,electronics,atm,CA,24,159,1,0
3841,2024-06-09 01:00:00,218.39,travel,mobile,IN,56,30,1,1
3842,2024-06-09 02:00:00,130.08,travel,mobile,IN,81,162,1,1
3843,2024-06-09 03:00:00,76.19,travel,web,CA,46,436,1,0
3844,2024-06-09 04:00:00,13.14,restaurant,web,IN,79,172,1,0
3845,2024-06-09 05:00:00,43.16,fuel,web,CA,68,331,1,0
3846,2024-06-09 06:00:00,17.75,electronics,mobile,FR,79,129,0,0
3847,2024-06-09 07:00:00,445.03,electronics,web,US,82,557,0,1
3848,2024-06-09 08:00:00,67.62,ecommerce,pos,MX,25,542,0,0
3849,2024-06-09 09:00:00,44.33,ecommerce,pos,MX,45,485,0,0
3850,2024-06-09 10:00:00,76.31,ecommerce,pos,US,21,440,0,0
3851,2024-06-09 11:00:00,35.18,ecommerce,pos,FR,21,343,0,0
3852,2024-06-09 12:00:00,51.17,ecommerce,web,CA,50,4,0,0
3853,2024-06-09 13:00:00,21.69,ecommerce,mobile,FR,62,25,0,0
3854,2024-06-09 14:00:00,191.3,travel,pos,CA,78,266,0,0
3855,2024-06-09 15:00:00,30.53,grocery,pos,CA,26,451,0,0
3856,2024-06-09 16:00:00,116.34,electronics,pos,MX,20,78,0,0
3857,2024-06-09 17:00:00,228.18,ecommerce,web,GB,25,329,0,1
3858,2024-06-09 18:00:00,47.66,electronics,web,FR,81,573,0,0
3859,2024-06-09 19:00:00,29.17,grocery,web,CA,62,501,0,0
3860,2024-06-09 20:00:00,6.18,fuel,atm,CA,50,331,0,0
3861,2024-06-09 21:00:00,53.74,grocery,atm,CA,24,347,0,0
3862,2024-06-09 22:00:00,134.36,travel,mobile,FR,43,37,0,0
3863,2024-06-09 23:00:00,61.0,ecommerce,mobile,IN,26,1,0,0
3864,2024-06-10 00:00:00,23.69,restaurant,web,FR,20,189,1,0
3865,2024-06-10 01:00:00,35.69,ecommerce,web,CA,47,489,1,0
3866,2024-06-10 02:00:00,258.08,fuel,web,FR,52,3,1,0
3867,2024-06-10 03:00:00,62.16,ecommerce,mobile,CA,48,480,1,0
3868,2024-06-10 04:00:00,178.24,travel,pos,IN,77,154,1,1
3869,2024-06-10 05:00:00,9.79,fuel,pos,US,80,59,1,0
3870,2024-06-10 06:00:00,133.21,ecommerce,pos,CA,26,57,0,0
3871,2024-06-10 07:00:00,29.31,grocery,web,US,36,410,0,0
3872,2024-06-10 08:00:00,48.93,grocery,mobile,GB,52,26,0,0
3873,2024-06-10 09:00:00,73.79,grocery,pos,CA,45,316,0,0
3874,2024-06-10 10:00:00,24.86,restaurant,web,CA,47,561,0,0
3875,2024-06-10 11:00:00,32.66,ecommerce,web,MX,66,354,0,0
3876,2024-06-10 12:00:00,5.0,grocery,mobile,IN,30,200,0,0
3877,2024-06-10 13:00:00,19.27,restaurant,pos,US,74,534,0,0
3878,2024-06-10 14:00:00,17.73,grocery,pos,CA,36,43,0,0
3879,2024-06-10 15:00:00,21.47,ecommerce,web,US,41,149,0,0
3880,2024-06-10 16:00:00,363.42,electronics,web,CA,33,103,0,0
3881,2024-06-10 17:00:00,66.11,restaurant,mobile,CA,60,7,0,0
3882,2024-06-10 18:00:00,18.93,electronics,web,CA,65,573,0,0
3883,2024-06-10 19:00:00,31.35,fuel,atm,CA,60,125,0,0
3884,2024-06-10 20:00:00,13.08,restaurant,pos,CA,51,44,0,0
3885,2024-06-10 21:00:00,45.57,grocery,web,CA,38,549,0,0
3886,2024-06-10 22:00:00,13.29,restaurant,atm,CA,64,578,0,0
3887,2024-06-10 23:00:00,16.81,restaurant,pos,US,26,127,0,0
3888,2024-06-11 00:00:00,64.95,restaurant,mobile,CA,39,241,1,0
3889,2024-06-11 01:00:00,125.55,ecommerce,pos,CA,64,405,1,0
3890,2024-06-11 02:00:00,127.45,grocery,web,CA,65,256,1,0
3891,2024-06-11 03:00:00,112.27,travel,pos,GB,36,474,1,0
3892,2024-06-11 04:00:00,7.37,fuel,web,FR,41,149,1,0
3893,2024-06-11 05:00:00,62.55,fuel,mobile,CA,39,488,1,0
3894,2024-06-11 06:00:00,62.88,restaurant,pos,MX,78,335,0,0
3895,2024-06-11 07:00:00,240.26,travel,pos,FR,56,6,0,0
3896,2024-06-11 08:00:00,30.75,ecommerce,pos,MX,26,372,0,0
3897,2024-06-11 09:00:00,22.91,ecommerce,pos,CA,28,5,0,0
3898,2024-06-11 10:00:00,53.07,grocery,web,CA,22,508,0,0
3899,2024-06-11 11:00:00,14.76,grocery,atm,CA,34,594,0,0
3900,2024-06-11 12:00:00,24.83,grocery,pos,CA,33,92,0,0
3901,2024-06-11 13:00:00,1344.32,electronics,web,CA,48,316,0,0
3902,2024-06-11 14:00:00,667.7,electronics,web,IN,68,202,0,1
3903,2024-06-11 15:00:00,55.72,fuel,pos,CA,77,38,0,0
3904,2024-06-11 16:00:00,33.09,ecommerce,pos,CA,55,407,0,0
3905,2024-06-11 17:00:00,71.25,travel,mobile,IN,70,16,0,0
3906,2024-06-11 18:00:00,187.17,electronics,web,US,62,14,0,0
3907,2024-06-11 19:00:00,105.02,restaurant,mobile,CA,39,487,0,0
3908,2024-06-11 20:00:00,17.23,fuel,web,IN,59,169,0,0
3909,2024-06-11 21:00:00,65.15,electronics,web,CA,38,543,0,0
3910,2024-06-11 22:00:00,29.54,fuel,mobile,CA,38,357,0,0
3911,2024-06-11 23:00:00,7.82,fuel,mobile,CA,85,315,0,0
3912,2024-06-12 00:00:00,8.04,restaurant,atm,CA,79,245,1,0
3913,2024-06-12 01:00:00,20.84,ecommerce,pos,GB,62,223,1,0
3914,2024-06-12 02:00:00,98.18,ecommerce,atm,CA,58,135,1,1
3915,2024-06-12 03:00:00,76.72,ecommerce,mobile,GB,64,422,1,0
3916,2024-06-12 04:00:00,75.95,fuel,mobile,CA,69,364,1,0
3917,2024-06-12 05:00:00,5.72,fuel,mobile,IN,21,13,1,0
3918,2024-06-12 06:00:00,34.85,travel,atm,CA,42,194,0,0
3919,2024-06-12 07:00:00,90.51,ecommerce,web,IN,25,540,0,0
3920,2024-06-12 08:00:00,14.94,grocery,mobile,CA,53,296,0,0
3921,2024-06-12 09:00:00,13.29,restaurant,mobile,FR,38,153,0,0
3922,2024-06-12 10:00:00,149.42,ecommerce,mobile,FR,40,137,0,0
3923,2024-06-12 11:00:00,16.6,restaurant,mobile,US,75,114,0,0
3924,2024-06-12 12:00:00,22.13,grocery,pos,CA,31,517,0,0
3925,2024-06-12 13:00:00,21.8,fuel,pos,US,79,186,0,0
3926,2024-06-12 14:00:00,23.02,fuel,web,US,46,178,0,0
3927,2024-06-12 15:00:00,182.04,electronics,mobile,US,30,38,0,0
3928,2024-06-12 16:00:00,11.03,grocery,mobile,US,27,534,0,0
3929,2024-06-12 17:00:00,23.05,restaurant,mobile,IN,66,234,0,0
3930,2024-06-12 18:00:00,77.71,fuel,mobile,IN,79,423,0,0
3931,2024-06-12 19:00:00,930.54,travel,web,CA,77,429,0,1
3932,2024-06-12 20:00:00,8.05,fuel,pos,CA,29,210,0,0
3933,2024-06-12 21:00:00,44.13,grocery,mobile,CA,77,299,0,0
3934,2024-06-12 22:00:00,23.01,fuel,mobile,MX,33,60,0,0
3935,2024-06-12 23:00:00,54.95,ecommerce,mobile,IN,49,401,0,0
3936,2024-06-13 00:00:00,29.51,ecommerce,mobile,CA,18,404,1,0
3937,2024-06-13 01:00:00,269.49,travel,atm,CA,35,128,1,1
3938,2024-06-13 02:00:00,51.46,fuel,web,CA,39,117,1,0
3939,2024-06-13 03:00:00,317.27,grocery,mobile,CA,83,239,1,1
3940,2024-06-13 04:00:00,9.98,grocery,web,IN,36,416,1,0
3941,2024-06-13 05:00:00,6.79,grocery,web,MX,36,312,1,0
3942,2024-06-13 06:00:00,208.19,grocery,pos,CA,36,37,0,0
3943,2024-06-13 07:00:00,130.27,travel,pos,CA,35,344,0,0
3944,2024-06-13 08:00:00,21.72,grocery,pos,CA,54,424,0,0
3945,2024-06-13 09:00:00,32.34,restaurant,mobile,US,31,112,0,0
3946,2024-06-13 10:00:00,9.34,grocery,pos,MX,37,267,0,0
3947,2024-06-13 11:00:00,45.95,grocery,web,CA,54,485,0,0
3948,2024-06-13 12:00:00,25.4,restaurant,web,CA,69,195,0,0
3949,2024-06-13 13:00:00,157.86,ecommerce,web,FR,25,54,0,0
3950,2024-06-13 14:00:00,129.88,ecommerce,mobile,GB,41,556,0,0
3951,2024-06-13 15:00:00,63.63,restaurant,web,US,56,59,0,0
3952,2024-06-13 16:00:00,32.41,restaurant,pos,CA,80,36,0,0
3953,2024-06-13 17:00:00,416.42,electronics,atm,IN,82,150,0,0
3954,2024-06-13 18:00:00,55.03,grocery,mobile,MX,77,451,0,0
3955,2024-06-13 19:00:00,84.48,travel,mobile,IN,52,393,0,0
3956,2024-06-13 20:00:00,13.18,restaurant,mobile,CA,24,141,0,0
3957,2024-06-13 21:00:00,14.58,restaurant,pos,CA,83,46,0,0
3958,2024-06-13 22:00:00,55.65,grocery,mobile,CA,60,573,0,0
3959,2024-06-13 23:00:00,18.12,ecommerce,pos,FR,79,4,0,0
3960,2024-06-14 00:00:00,69.06,ecommerce,web,MX,80,555,1,0
3961,2024-06-14 01:00:00,15.48,grocery,pos,CA,71,283,1,0
3962,2024-06-14 02:00:00,31.82,electronics,mobile,IN,46,116,1,0
3963,2024-06-14 03:00:00,22.48,ecommerce,pos,IN,59,208,1,0
3964,2024-06-14 04:00:00,58.79,ecommerce,pos,CA,64,186,1,0
3965,2024-06-14 05:00:00,65.14,grocery,pos,US,77,94,1,0
3966,2024-06-14 06:00:00,14.86,fuel,mobile,US,33,259,0,0
3967,2024-06-14 07:00:00,5.06,grocery,pos,CA,55,394,0,0
3968,2024-06-14 08:00:00,1026.81,ecommerce,web,MX,58,284,0,1
3969,2024-06-14 09:00:00,89.59,grocery,pos,CA,32,385,0,0
3970,2024-06-14 10:00:00,63.17,restaurant,mobile,FR,45,583,0,0
3971,2024-06-14 11:00:00,141.78,grocery,pos,FR,80,73,0,0
3972,2024-06-14 12:00:00,29.67,fuel,atm,FR,19,444,0,0
3973,2024-06-14 13:00:00,29.01,grocery,pos,GB,52,138,0,0
3974,2024-06-14 14:00:00,110.98,grocery,pos,CA,59,11,0,0
3975,2024-06-14 15:00:00,110.31,grocery,pos,CA,79,219,0,0
3976,2024-06-14 16:00:00,56.99,grocery,pos,MX,37,236,0,0
3977,2024-06-14 17:00:00,72.49,grocery,web,CA,44,595,0,0
3978,2024-06-14 18:00:00,8.95,fuel,pos,MX,23,206,0,0
3979,2024-06-14 19:00:00,108.26,travel,mobile,CA,40,461,0,0
3980,2024-06-14 20:00:00,151.81,grocery,web,CA,85,561,0,0
3981,2024-06-14 21:00:00,56.3,fuel,pos,CA,70,202,0,0
3982,2024-06-14 22:00:00,36.62,travel,web,MX,47,107,0,0
3983,2024-06-14 23:00:00,37.24,ecommerce,pos,CA,61,580,0,0
3984,2024-06-15 00:00:00,240.37,ecommerce,pos,US,83,275,1,1
3985,2024-06-15 01:00:00,49.35,grocery,pos,CA,47,273,1,0
3986,2024-06-15 02:00:00,70.74,ecommerce,pos,GB,38,437,1,0
3987,2024-06-15 03:00:00,33.04,fuel,pos,US,77,228,1,0
3988,2024-06-15 04:00:00,25.32,restaurant,atm,US,75,325,1,0
3989,2024-06-15 05:00:00,17.03,restaurant,mobile,CA,53,567,1,0
3990,2024-06-15 06:00:00,12.89,restaurant,atm,CA,18,29,0,0
3991,2024-06-15 07:00:00,149.1,ecommerce,pos,CA,18,442,0,0
3992,2024-06-15 08:00:00,40.57,grocery,mobile,US,25,238,0,0
3993,2024-06-15 09:00:00,113.48,ecommerce,web,CA,65,329,0,0
3994,2024-06-15 10:00:00,98.23,ecommerce,pos,FR,29,546,0,0
3995,2024-06-15 11:00:00,116.4,grocery,mobile,GB,22,361,0,0
3996,2024-06-15 12:00:00,49.32,grocery,pos,CA,64,251,0,0
3997,2024-06-15 13:00:00,57.29,fuel,web,FR,50,584,0,0
3998,2024-06-15 14:00:00,69.82,ecommerce,mobile,MX,54,363,0,0
3999,2024-06-15 15:00:00,13.96,grocery,web,CA,31,91,0,0
4000,2024-06-15 16:00:00,80.22,electronics,web,MX,32,53,0,0
4001,2024-06-15 17:00:00,102.13,ecommerce,web,IN,34,208,0,1
4002,2024-06-15 18:00:00,50.24,restaurant,pos,CA,61,431,0,0
4003,2024-06-15 19:00:00,221.68,ecommerce,atm,CA,84,253,0,0
4004,2024-06-15 20:00:00,18.05,fuel,pos,US,80,101,0,0
4005,2024-06-15 21:00:00,40.15,grocery,pos,CA,25,591,0,0
4006,2024-06-15 22:00:00,24.3,fuel,pos,US,64,118,0,0
4007,2024-06-15 23:00:00,141.32,grocery,atm,US,69,50,0,0
4008,2024-06-16 00:00:00,45.97,grocery,mobile,GB,20,229,1,0
4009,2024-06-16 01:00:00,194.87,travel,web,CA,61,67,1,0
4010,2024-06-16 02:00:00,58.16,ecommerce,atm,CA,48,355,1,0
4011,2024-06-16 03:00:00,26.75,grocery,pos,FR,31,261,1,0
4012,2024-06-16 04:00:00,7.41,restaurant,mobile,CA,71,556,1,0
4013,2024-06-16 05:00:00,10.53,grocery,pos,CA,81,101,1,0
4014,2024-06-16 06:00:00,32.07,fuel,web,CA,58,161,0,0
4015,2024-06-16 07:00:00,28.66,fuel,pos,CA,31,411,0,0
4016,2024-06-16 08:00:00,70.9,ecommerce,atm,CA,47,419,0,0
4017,2024-06-16 09:00:00,63.69,fuel,atm,CA,53,216,0,0
4018,2024-06-16 10:00:00,35.62,grocery,web,MX,79,554,0,0
4019,2024-06-16 11:00:00,71.83,electronics,pos,US,71,508,0,0
4020,2024-06-16 12:00:00,49.72,ecommerce,pos,FR,63,367,0,0
4021,2024-06-16 13:00:00,40.8,grocery,web,FR,69,449,0,0
4022,2024-06-16 14:00:00,42.66,ecommerce,pos,CA,65,322,0,0
4023,2024-06-16 15:00:00,71.15,restaurant,pos,CA,39,282,0,0
4024,2024-06-16 16:00:00,97.28,electronics,mobile,FR,27,327,0,0
4025,2024-06-16 17:00:00,34.24,restaurant,web,CA,75,507,0,0
4026,2024-06-16 18:00:00,65.46,travel,atm,CA,55,9,0,0
4027,2024-06-16 19:00:00,355.91,travel,web,CA,83,60,0,0
4028,2024-06-16 20:00:00,99.68,fuel,pos,MX,64,285,0,0
4029,2024-06-16 21:00:00,8.0,restaurant,web,CA,50,349,0,0
4030,2024-06-16 22:00:00,39.16,fuel,pos,CA,61,107,0,0
4031,2024-06-16 23:00:00,54.5,ecommerce,web,CA,62,363,0,0
4032,2024-06-17 00:00:00,176.25,travel,mobile,GB,84,14,1,1
4033,2024-06-17 01:00:00,41.01,fuel,pos,CA,42,147,1,0
4034,2024-06-17 02:00:00,5.0,grocery,pos,MX,43,276,1,0
4035,2024-06-17 03:00:00,118.97,ecommerce,mobile,CA,42,29,1,0
4036,2024-06-17 04:00:00,163.44,ecommerce,web,CA,25,380,1,0
4037,2024-06-17 05:00:00,82.2,restaurant,web,CA,49,321,1,0
4038,2024-06-17 06:00:00,25.67,ecommerce,mobile,CA,48,339,0,0
4039,2024-06-17 07:00:00,95.57,electronics,web,CA,31,308,0,0
4040,2024-06-17 08:00:00,16.81,fuel,pos,FR,73,415,0,0
4041,2024-06-17 09:00:00,17.53,electronics,mobile,CA,64,392,0,0
4042,2024-06-17 10:00:00,18.74,grocery,atm,IN,34,396,0,0
4043,2024-06-17 11:00:00,10.29,restaurant,pos,CA,29,127,0,0
4044,2024-06-17 12:00:00,36.89,fuel,pos,CA,60,413,0,0
4045,2024-06-17 13:00:00,13.83,ecommerce,mobile,US,18,107,0,0
4046,2024-06-17 14:00:00,24.87,ecommerce,web,FR,28,12,0,0
4047,2024-06-17 15:00:00,37.63,ecommerce,web,CA,47,587,0,0
4048,2024-06-17 16:00:00,120.12,ecommerce,web,CA,85,107,0,1
4049,2024-06-17 17:00:00,1197.25,electronics,mobile,US,23,68,0,1
4050,2024-06-17 18:00:00,35.86,restaurant,web,CA,53,182,0,0
4051,2024-06-17 19:00:00,53.91,travel,pos,US,56,600,0,0
4052,2024-06-17 20:00:00,14.82,fuel,pos,GB,35,519,0,0
4053,2024-06-17 21:00:00,49.36,fuel,web,CA,53,432,0,0
4054,2024-06-17 22:00:00,29.26,electronics,atm,FR,61,113,0,0
4055,2024-06-17 23:00:00,73.25,restaurant,web,CA,27,378,0,0
4056,2024-06-18 00:00:00,76.81,ecommerce,web,FR,82,500,1,0
4057,2024-06-18 01:00:00,24.39,restaurant,atm,IN,34,204,1,0
4058,2024-06-18 02:00:00,13.18,ecommerce,web,US,43,155,1,0
4059,2024-06-18 03:00:00,225.01,electronics,web,IN,19,521,1,1
4060,2024-06-18 04:00:00,13.75,restaurant,pos,GB,58,79,1,0
4061,2024-06-18 05:00:00,112.86,electronics,mobile,CA,58,546,1,0
4062,2024-06-18 06:00:00,28.44,grocery,mobile,CA,25,287,0,0
4063,2024-06-18 07:00:00,32.81,travel,mobile,CA,37,433,0,0
4064,2024-06-18 08:00:00,26.62,grocery,pos,CA,70,223,0,0
4065,2024-06-18 09:00:00,33.07,electronics,web,US,66,426,0,0
4066,2024-06-18 10:00:00,33.4,ecommerce,pos,CA,38,555,0,0
4067,2024-06-18 11:00:00,145.08,electronics,atm,MX,60,296,0,0
4068,2024-06-18 12:00:00,51.37,restaurant,pos,CA,68,127,0,0
4069,2024-06-18 13:00:00,32.23,grocery,mobile,CA,43,46,0,0
4070,2024-06-18 14:00:00,27.11,ecommerce,mobile,CA,29,556,0,0
4071,2024-06-18 15:00:00,76.22,travel,pos,IN,19,600,0,0
4072,2024-06-18 16:00:00,33.02,ecommerce,web,CA,82,391,0,0
4073,2024-06-18 17:00:00,5.0,grocery,pos,CA,39,9,0,0
4074,2024-06-18 18:00:00,34.99,grocery,web,CA,72,531,0,0
4075,2024-06-18 19:00:00,13.41,ecommerce,atm,IN,40,297,0,0
4076,2024-06-18 20:00:00,146.18,travel,web,CA,66,140,0,0
4077,2024-06-18 21:00:00,7.34,fuel,atm,US,40,220,0,0
4078,2024-06-18 22:00:00,11.06,grocery,pos,CA,59,566,0,0
4079,2024-06-18 23:00:00,49.83,fuel,web,CA,82,466,0,0
4080,2024-06-19 00:00:00,61.4,ecommerce,atm,MX,69,358,1,0
4081,2024-06-19 01:00:00,11.01,ecommerce,mobile,US,29,442,1,0
4082,2024-06-19 02:00:00,59.43,electronics,pos,MX,53,509,1,0
4083,2024-06-19 03:00:00,76.03,ecommerce,mobile,CA,36,377,1,0
4084,2024-06-19 04:00:00,15.63,fuel,mobile,IN,32,188,1,0
4085,2024-06-19 05:00:00,20.05,restaurant,mobile,US,74,44,1,0
4086,2024-06-19 06:00:00,34.01,fuel,web,IN,84,74,0,0
4087,2024-06-19 07:00:00,142.1,travel,pos,CA,80,142,0,0
4088,2024-06-19 08:00:00,13.41,grocery,pos,CA,75,461,0,0
4089,2024-06-19 09:00:00,33.42,grocery,web,CA,49,56,0,0
4090,2024-06-19 10:00:00,25.29,grocery,web,GB,53,76,0,0
4091,2024-06-19 11:00:00,463.82,electronics,pos,MX,54,588,0,0
4092,2024-06-19 12:00:00,89.57,electronics,pos,CA,68,240,0,0
4093,2024-06-19 13:00:00,36.99,grocery,web,CA,21,76,0,0
4094,2024-06-19 14:00:00,41.39,grocery,web,CA,74,524,0,0
4095,2024-06-19 15:00:00,44.94,ecommerce,web,CA,72,581,0,0
4096,2024-06-19 16:00:00,71.4,travel,web,FR,85,302,0,0
4097,2024-06-19 17:00:00,206.45,travel,pos,CA,58,67,0,0
4098,2024-06-19 18:00:00,149.75,electronics,mobile,CA,49,377,0,0
4099,2024-06-19 19:00:00,177.89,restaurant,web,CA,50,518,0,0
4100,2024-06-19 20:00:00,117.15,ecommerce,pos,CA,60,580,0,1
4101,2024-06-19 21:00:00,270.33,travel,web,IN,38,345,0,0
4102,2024-06-19 22:00:00,52.08,fuel,web,CA,70,567,0,0
4103,2024-06-19 23:00:00,32.27,ecommerce,web,IN,48,499,0,0
4104,2024-06-20 00:00:00,8.8,restaurant,web,MX,37,96,1,0
4105,2024-06-20 01:00:00,13.28,grocery,mobile,US,68,381,1,0
4106,2024-06-20 02:00:00,182.54,electronics,mobile,CA,40,400,1,1
4107,2024-06-20 03:00:00,353.28,electronics,pos,MX,23,462,1,0
4108,2024-06-20 04:00:00,52.85,restaurant,pos,MX,53,319,1,0
4109,2024-06-20 05:00:00,23.49,fuel,pos,CA,52,439,1,0
4110,2024-06-20 06:00:00,271.6,ecommerce,web,FR,37,351,0,1
4111,2024-06-20 07:00:00,65.92,electronics,web,CA,20,156,0,0
4112,2024-06-20 08:00:00,34.97,electronics,mobile,CA,50,290,0,0
4113,2024-06-20 09:00:00,34.28,fuel,pos,CA,70,561,0,0
4114,2024-06-20 10:00:00,314.34,electronics,mobile,MX,72,506,0,0
4115,2024-06-20 11:00:00,28.1,ecommerce,pos,CA,32,386,0,0
4116,2024-06-20 12:00:00,29.43,travel,web,CA,47,193,0,0
4117,2024-06-20 13:00:00,28.24,restaurant,mobile,CA,79,121,0,0
4118,2024-06-20 14:00:00,120.25,ecommerce,pos,CA,41,171,0,0
4119,2024-06-20 15:00:00,5.0,fuel,pos,CA,50,183,0,0
4120,2024-06-20 16:00:00,65.79,restaurant,web,FR,64,577,0,0
4121,2024-06-20 17:00:00,28.72,electronics,mobile,CA,49,320,0,0
4122,2024-06-20 18:00:00,52.42,restaurant,pos,IN,75,234,0,0
4123,2024-06-20 19:00:00,9.96,ecommerce,atm,MX,42,529,0,0
4124,2024-06-20 20:00:00,7.24,restaurant,atm,GB,51,221,0,0
4125,2024-06-20 21:00:00,57.17,grocery,mobile,IN,53,478,0,0
4126,2024-06-20 22:00:00,81.54,fuel,pos,CA,68,385,0,0
4127,2024-06-20 23:00:00,27.08,fuel,mobile,US,40,181,0,0
4128,2024-06-21 00:00:00,848.61,electronics,pos,CA,36,577,1,1
4129,2024-06-21 01:00:00,10.88,restaurant,mobile,CA,42,413,1,0
4130,2024-06-21 02:00:00,38.7,electronics,web,CA,33,594,1,0
4131,2024-06-21 03:00:00,103.99,travel,pos,MX,31,0,1,0
4132,2024-06-21 04:00:00,43.84,ecommerce,pos,FR,73,168,1,0
4133,2024-06-21 05:00:00,35.23,fuel,mobile,CA,41,199,1,0
4134,2024-06-21 06:00:00,13.99,fuel,mobile,MX,36,405,0,0
4135,2024-06-21 07:00:00,54.59,grocery,web,CA,73,504,0,0
4136,2024-06-21 08:00:00,44.53,fuel,web,CA,71,73,0,0
4137,2024-06-21 09:00:00,116.62,restaurant,mobile,CA,34,90,0,0
4138,2024-06-21 10:00:00,63.21,electronics,mobile,US,38,405,0,0
4139,2024-06-21 11:00:00,133.09,electronics,mobile,CA,73,212,0,1
4140,2024-06-21 12:00:00,103.6,ecommerce,web,CA,36,419,0,0
4141,2024-06-21 13:00:00,27.12,fuel,mobile,CA,76,0,0,0
4142,2024-06-21 14:00:00,27.08,grocery,mobile,US,60,314,0,0
4143,2024-06-21 15:00:00,9.37,ecommerce,pos,GB,63,13,0,0
4144,2024-06-21 16:00:00,29.43,fuel,web,CA,54,571,0,0
4145,2024-06-21 17:00:00,102.64,ecommerce,pos,MX,20,87,0,0
4146,2024-06-21 18:00:00,31.1,grocery,web,US,74,106,0,0
4147,2024-06-21 19:00:00,48.61,electronics,mobile,CA,56,61,0,0
4148,2024-06-21 20:00:00,13.25,ecommerce,pos,CA,29,132,0,0
4149,2024-06-21 21:00:00,90.29,ecommerce,web,IN,74,294,0,0
4150,2024-06-21 22:00:00,61.88,ecommerce,pos,CA,37,371,0,0
4151,2024-06-21 23:00:00,95.37,fuel,mobile,CA,42,540,0,0
4152,2024-06-22 00:00:00,16.29,ecommerce,mobile,FR,61,527,1,0
4153,2024-06-22 01:00:00,17.88,fuel,web,FR,37,50,1,0
4154,2024-06-22 02:00:00,41.56,travel,mobile,MX,18,257,1,0
4155,2024-06-22 03:00:00,82.43,grocery,pos,GB,39,522,1,0
4156,2024-06-22 04:00:00,83.26,restaurant,mobile,CA,64,99,1,0
4157,2024-06-22 05:00:00,184.84,grocery,mobile,GB,46,401,1,1
4158,2024-06-22 06:00:00,43.65,fuel,pos,CA,66,256,0,0
4159,2024-06-22 07:00:00,66.65,grocery,atm,FR,22,101,0,0
4160,2024-06-22 08:00:00,40.42,fuel,pos,CA,35,37,0,0
4161,2024-06-22 09:00:00,100.6,ecommerce,web,CA,34,174,0,0
4162,2024-06-22 10:00:00,28.53,restaurant,pos,CA,22,0,0,0
4163,2024-06-22 11:00:00,104.82,ecommerce,mobile,GB,61,116,0,0
4164,2024-06-22 12:00:00,936.63,travel,pos,CA,32,329,0,0
4165,2024-06-22 13:00:00,73.12,ecommerce,pos,GB,50,474,0,0
4166,2024-06-22 14:00:00,33.47,grocery,web,CA,85,303,0,0
4167,2024-06-22 15:00:00,71.78,ecommerce,atm,CA,34,435,0,0
4168,2024-06-22 16:00:00,23.87,fuel,pos,US,31,44,0,0
4169,2024-06-22 17:00:00,34.08,fuel,web,CA,81,182,0,0
4170,2024-06-22 18:00:00,23.15,restaurant,web,MX,42,395,0,0
4171,2024-06-22 19:00:00,275.17,electronics,mobile,IN,38,32,0,1
4172,2024-06-22 20:00:00,69.86,restaurant,pos,US,66,350,0,0
4173,2024-06-22 21:00:00,421.85,ecommerce,web,CA,26,101,0,1
4174,2024-06-22 22:00:00,96.22,electronics,atm,CA,43,252,0,0
4175,2024-06-22 23:00:00,35.4,fuel,pos,IN,31,378,0,0
4176,2024-06-23 00:00:00,170.47,travel,web,MX,78,592,1,1
4177,2024-06-23 01:00:00,32.67,restaurant,mobile,GB,38,54,1,1
4178,2024-06-23 02:00:00,377.39,travel,pos,CA,56,330,1,0
4179,2024-06-23 03:00:00,6.32,restaurant,web,MX,53,322,1,0
4180,2024-06-23 04:00:00,148.77,electronics,pos,CA,51,38,1,0
4181,2024-06-23 05:00:00,197.43,grocery,mobile,MX,22,368,1,0
4182,2024-06-23 06:00:00,335.1,electronics,atm,FR,35,45,0,1
4183,2024-06-23 07:00:00,83.98,fuel,mobile,FR,76,413,0,0
4184,2024-06-23 08:00:00,58.25,restaurant,web,CA,55,124,0,0
4185,2024-06-23 09:00:00,57.49,electronics,web,GB,77,75,0,0
4186,2024-06-23 10:00:00,16.68,grocery,pos,CA,56,43,0,0
4187,2024-06-23 11:00:00,16.8,grocery,pos,CA,39,276,0,0
4188,2024-06-23 12:00:00,11.76,grocery,pos,MX,41,141,0,0
4189,2024-06-23 13:00:00,63.99,fuel,pos,CA,70,278,0,0
4190,2024-06-23 14:00:00,122.82,grocery,mobile,CA,34,538,0,0
4191,2024-06-23 15:00:00,145.3,electronics,pos,MX,58,502,0,0
4192,2024-06-23 16:00:00,56.33,fuel,pos,US,81,451,0,0
4193,2024-06-23 17:00:00,127.98,electronics,web,US,75,281,0,0
4194,2024-06-23 18:00:00,100.2,ecommerce,pos,CA,44,67,0,0
4195,2024-06-23 19:00:00,5.0,fuel,pos,MX,36,244,0,0
4196,2024-06-23 20:00:00,43.48,grocery,pos,CA,60,13,0,0
4197,2024-06-23 21:00:00,18.61,restaurant,pos,CA,59,74,0,0
4198,2024-06-23 22:00:00,31.6,grocery,web,CA,67,181,0,0
4199,2024-06-23 23:00:00,40.14,grocery,mobile,MX,22,417,0,0
4200,2024-06-24 00:00:00,17.2,grocery,mobile,CA,54,473,1,0
4201,2024-06-24 01:00:00,37.33,electronics,mobile,CA,18,372,1,0
4202,2024-06-24 02:00:00,16.74,grocery,web,IN,85,154,1,0
4203,2024-06-24 03:00:00,37.07,travel,atm,FR,77,430,1,0
4204,2024-06-24 04:00:00,34.75,electronics,web,US,68,598,1,0
4205,2024-06-24 05:00:00,39.32,electronics,mobile,GB,38,394,1,1
4206,2024-06-24 06:00:00,9.0,grocery,web,IN,68,457,0,0
4207,2024-06-24 07:00:00,52.72,grocery,pos,US,48,526,0,0
4208,2024-06-24 08:00:00,12.14,fuel,pos,CA,62,430,0,0
4209,2024-06-24 09:00:00,6.12,grocery,pos,US,33,527,0,0
4210,2024-06-24 10:00:00,68.49,electronics,mobile,IN,50,177,0,0
4211,2024-06-24 11:00:00,22.05,ecommerce,pos,MX,77,184,0,0
4212,2024-06-24 12:00:00,101.5,fuel,mobile,CA,30,104,0,0
4213,2024-06-24 13:00:00,36.92,grocery,mobile,IN,44,109,0,0
4214,2024-06-24 14:00:00,7.27,fuel,web,GB,37,332,0,0
4215,2024-06-24 15:00:00,54.65,grocery,pos,CA,30,556,0,0
4216,2024-06-24 16:00:00,147.34,travel,web,IN,45,133,0,0
4217,2024-06-24 17:00:00,26.43,grocery,pos,MX,59,428,0,0
4218,2024-06-24 18:00:00,112.62,restaurant,atm,GB,21,46,0,0
4219,2024-06-24 19:00:00,40.85,electronics,mobile,IN,31,583,0,0
4220,2024-06-24 20:00:00,83.16,grocery,mobile,CA,73,316,0,0
4221,2024-06-24 21:00:00,22.66,grocery,web,GB,35,298,0,0
4222,2024-06-24 22:00:00,59.07,ecommerce,mobile,CA,40,216,0,0
4223,2024-06-24 23:00:00,16.68,grocery,mobile,FR,63,578,0,0
4224,2024-06-25 00:00:00,17.67,grocery,pos,FR,68,252,1,0
4225,2024-06-25 01:00:00,18.44,restaurant,pos,GB,83,73,1,0
4226,2024-06-25 02:00:00,24.67,travel,pos,GB,28,338,1,1
4227,2024-06-25 03:00:00,44.75,grocery,web,GB,69,354,1,0
4228,2024-06-25 04:00:00,30.27,fuel,mobile,CA,67,448,1,0
4229,2024-06-25 05:00:00,15.6,ecommerce,web,CA,26,298,1,0
4230,2024-06-25 06:00:00,49.44,restaurant,web,CA,77,168,0,0
4231,2024-06-25 07:00:00,121.58,grocery,atm,FR,39,1,0,0
4232,2024-06-25 08:00:00,54.04,electronics,pos,US,46,592,0,0
4233,2024-06-25 09:00:00,48.5,electronics,pos,US,72,115,0,0
4234,2024-06-25 10:00:00,89.23,grocery,atm,CA,53,210,0,0
4235,2024-06-25 11:00:00,47.09,grocery,atm,US,36,92,0,0
4236,2024-06-25 12:00:00,53.14,ecommerce,mobile,CA,39,141,0,0
4237,2024-06-25 13:00:00,56.82,restaurant,pos,IN,68,36,0,0
4238,2024-06-25 14:00:00,34.94,fuel,atm,FR,30,204,0,0
4239,2024-06-25 15:00:00,493.71,travel,mobile,CA,50,569,0,1
4240,2024-06-25 16:00:00,96.81,electronics,mobile,GB,68,134,0,0
4241,2024-06-25 17:00:00,144.26,electronics,pos,CA,78,580,0,0
4242,2024-06-25 18:00:00,73.34,fuel,web,CA,74,381,0,0
4243,2024-06-25 19:00:00,5.0,fuel,mobile,US,42,535,0,0
4244,2024-06-25 20:00:00,272.76,electronics,mobile,MX,31,372,0,1
4245,2024-06-25 21:00:00,38.12,ecommerce,web,CA,81,594,0,0
4246,2024-06-25 22:00:00,42.81,restaurant,web,CA,58,331,0,0
4247,2024-06-25 23:00:00,146.48,grocery,mobile,CA,45,499,0,0
4248,2024-06-26 00:00:00,24.88,grocery,web,CA,79,22,1,0
4249,2024-06-26 01:00:00,65.22,electronics,web,CA,67,560,1,0
4250,2024-06-26 02:00:00,57.17,ecommerce,pos,CA,50,10,1,0
4251,2024-06-26 03:00:00,8.87,grocery,pos,IN,31,118,1,0
4252,2024-06-26 04:00:00,237.08,grocery,mobile,CA,23,443,1,0
4253,2024-06-26 05:00:00,26.27,fuel,pos,CA,54,154,1,0
4254,2024-06-26 06:00:00,120.05,restaurant,pos,CA,25,25,0,0
4255,2024-06-26 07:00:00,24.27,grocery,atm,CA,39,518,0,0
4256,2024-06-26 08:00:00,33.78,grocery,mobile,GB,64,308,0,0
4257,2024-06-26 09:00:00,63.86,fuel,pos,CA,18,288,0,0
4258,2024-06-26 10:00:00,10.12,restaurant,pos,CA,85,189,0,0
4259,2024-06-26 11:00:00,54.76,ecommerce,mobile,IN,47,430,0,0
4260,2024-06-26 12:00:00,61.74,restaurant,web,GB,77,188,0,0
4261,2024-06-26 13:00:00,22.54,restaurant,web,CA,29,337,0,0
4262,2024-06-26 14:00:00,38.88,ecommerce,web,CA,49,78,0,0
4263,2024-06-26 15:00:00,268.14,electronics,pos,FR,83,183,0,0
4264,2024-06-26 16:00:00,346.81,electronics,mobile,MX,60,16,0,1
4265,2024-06-26 17:00:00,111.16,fuel,pos,IN,72,171,0,0
4266,2024-06-26 18:00:00,32.71,ecommerce,web,CA,64,228,0,0
4267,2024-06-26 19:00:00,58.35,electronics,pos,GB,68,449,0,0
4268,2024-06-26 20:00:00,64.29,electronics,pos,CA,42,494,0,0
4269,2024-06-26 21:00:00,187.63,electronics,pos,CA,48,319,0,0
4270,2024-06-26 22:00:00,9.3,restaurant,mobile,GB,21,556,0,0
4271,2024-06-26 23:00:00,9.78,fuel,pos,MX,35,215,0,0
4272,2024-06-27 00:00:00,51.67,electronics,pos,CA,22,296,1,0
4273,2024-06-27 01:00:00,11.73,restaurant,pos,CA,40,370,1,0
4274,2024-06-27 02:00:00,72.61,grocery,mobile,GB,67,106,1,0
4275,2024-06-27 03:00:00,68.34,grocery,web,CA,31,252,1,0
4276,2024-06-27 04:00:00,38.93,ecommerce,atm,CA,50,540,1,0
4277,2024-06-27 05:00:00,22.93,restaurant,mobile,CA,55,285,1,0
4278,2024-06-27 06:00:00,6.11,ecommerce,web,CA,29,559,0,0
4279,2024-06-27 07:00:00,65.11,electronics,mobile,FR,73,407,0,0
4280,2024-06-27 08:00:00,100.36,grocery,pos,CA,70,102,0,0
4281,2024-06-27 09:00:00,37.89,ecommerce,atm,CA,30,275,0,0
4282,2024-06-27 10:00:00,51.06,travel,atm,MX,20,220,0,0
4283,2024-06-27 11:00:00,113.04,grocery,pos,CA,18,570,0,0
4284,2024-06-27 12:00:00,10.01,restaurant,web,US,37,201,0,0
4285,2024-06-27 13:00:00,131.71,grocery,pos,CA,26,291,0,0
4286,2024-06-27 14:00:00,367.22,restaurant,web,FR,19,414,0,0
4287,2024-06-27 15:00:00,29.69,grocery,mobile,GB,49,578,0,0
4288,2024-06-27 16:00:00,83.62,restaurant,atm,GB,53,328,0,0
4289,2024-06-27 17:00:00,30.39,travel,pos,CA,19,509,0,0
4290,2024-06-27 18:00:00,7.01,grocery,mobile,GB,58,70,0,0
4291,2024-06-27 19:00:00,15.99,grocery,mobile,US,45,535,0,0
4292,2024-06-27 20:00:00,68.67,grocery,pos,CA,31,124,0,0
4293,2024-06-27 21:00:00,136.71,travel,web,CA,25,458,0,0
4294,2024-06-27 22:00:00,83.1,electronics,mobile,CA,69,320,0,0
4295,2024-06-27 23:00:00,18.79,ecommerce,mobile,CA,25,363,0,0
4296,2024-06-28 00:00:00,24.34,fuel,atm,CA,31,55,1,0
4297,2024-06-28 01:00:00,76.48,travel,pos,IN,66,320,1,0
4298,2024-06-28 02:00:00,11.9,fuel,pos,IN,60,51,1,0
4299,2024-06-28 03:00:00,39.69,electronics,pos,CA,85,331,1,0
4300,2024-06-28 04:00:00,32.45,fuel,pos,IN,20,244,1,0
4301,2024-06-28 05:00:00,51.39,electronics,web,MX,31,121,1,0
4302,2024-06-28 06:00:00,27.14,restaurant,mobile,CA,62,295,0,0
4303,2024-06-28 07:00:00,12.22,ecommerce,web,IN,33,128,0,0
4304,2024-06-28 08:00:00,51.52,grocery,mobile,MX,43,49,0,0
4305,2024-06-28 09:00:00,40.68,grocery,web,US,38,20,0,0
4306,2024-06-28 10:00:00,22.17,fuel,pos,CA,72,205,0,0
4307,2024-06-28 11:00:00,69.45,ecommerce,mobile,CA,71,448,0,0
4308,2024-06-28 12:00:00,63.28,restaurant,mobile,IN,72,346,0,0
4309,2024-06-28 13:00:00,37.05,travel,web,CA,52,75,0,0
4310,2024-06-28 14:00:00,28.99,fuel,atm,CA,51,266,0,0
4311,2024-06-28 15:00:00,30.36,electronics,web,CA,56,349,0,0
4312,2024-06-28 16:00:00,64.99,ecommerce,pos,CA,22,140,0,0
4313,2024-06-28 17:00:00,77.85,electronics,web,CA,55,82,0,0
4314,2024-06-28 18:00:00,32.03,grocery,mobile,IN,36,149,0,0
4315,2024-06-28 19:00:00,292.91,travel,web,CA,81,39,0,1
4316,2024-06-28 20:00:00,57.03,restaurant,mobile,FR,30,145,0,0
4317,2024-06-28 21:00:00,261.34,electronics,web,US,20,320,0,0
4318,2024-06-28 22:00:00,19.11,restaurant,web,CA,83,481,0,0
4319,2024-06-28 23:00:00,113.09,ecommerce,mobile,CA,28,524,0,0
4320,2024-06-29 00:00:00,155.05,electronics,web,CA,53,404,1,0
4321,2024-06-29 01:00:00,19.55,fuel,web,FR,43,213,1,0
4322,2024-06-29 02:00:00,151.68,travel,pos,GB,36,561,1,1
4323,2024-06-29 03:00:00,29.08,grocery,web,CA,51,552,1,0
4324,2024-06-29 04:00:00,114.96,grocery,web,FR,67,215,1,1
4325,2024-06-29 05:00:00,56.6,fuel,pos,GB,25,6,1,0
4326,2024-06-29 06:00:00,24.21,grocery,web,CA,62,260,0,0
4327,2024-06-29 07:00:00,68.23,electronics,pos,US,78,279,0,0
4328,2024-06-29 08:00:00,64.63,restaurant,pos,GB,37,406,0,0
4329,2024-06-29 09:00:00,91.18,restaurant,web,GB,64,88,0,0
4330,2024-06-29 10:00:00,43.52,grocery,pos,CA,80,327,0,0
4331,2024-06-29 11:00:00,49.38,restaurant,mobile,CA,81,189,0,0
4332,2024-06-29 12:00:00,105.85,grocery,mobile,CA,62,297,0,0
4333,2024-06-29 13:00:00,23.33,fuel,pos,CA,81,14,0,0
4334,2024-06-29 14:00:00,29.43,restaurant,pos,CA,70,317,0,0
4335,2024-06-29 15:00:00,50.77,grocery,web,US,52,21,0,0
4336,2024-06-29 16:00:00,22.27,grocery,pos,CA,26,512,0,0
4337,2024-06-29 17:00:00,151.16,grocery,web,CA,76,428,0,0
4338,2024-06-29 18:00:00,18.41,fuel,mobile,US,37,553,0,0
4339,2024-06-29 19:00:00,103.85,electronics,web,CA,68,393,0,0
4340,2024-06-29 20:00:00,183.81,grocery,web,CA,61,588,0,0
4341,2024-06-29 21:00:00,6.13,grocery,atm,GB,42,125,0,0
4342,2024-06-29 22:00:00,33.16,fuel,pos,FR,70,3,0,0
4343,2024-06-29 23:00:00,33.14,ecommerce,mobile,CA,62,541,0,0
4344,2024-06-30 00:00:00,98.29,electronics,mobile,FR,68,396,1,0
4345,2024-06-30 01:00:00,9.22,restaurant,web,FR,82,413,1,0
4346,2024-06-30 02:00:00,70.39,electronics,pos,US,36,174,1,0
4347,2024-06-30 03:00:00,27.91,restaurant,pos,IN,69,202,1,0
4348,2024-06-30 04:00:00,33.83,fuel,atm,CA,20,408,1,0
4349,2024-06-30 05:00:00,220.05,electronics,pos,CA,66,244,1,1
4350,2024-06-30 06:00:00,5.0,grocery,mobile,FR,28,45,0,0
4351,2024-06-30 07:00:00,29.25,grocery,web,CA,33,175,0,0
4352,2024-06-30 08:00:00,116.64,travel,web,CA,31,230,0,0
4353,2024-06-30 09:00:00,30.92,grocery,web,CA,74,499,0,0
4354,2024-06-30 10:00:00,28.1,restaurant,pos,CA,43,206,0,0
4355,2024-06-30 11:00:00,46.56,electronics,web,CA,44,296,0,0
4356,2024-06-30 12:00:00,6.78,restaurant,atm,CA,42,359,0,0
4357,2024-06-30 13:00:00,73.02,ecommerce,pos,IN,60,81,0,0
4358,2024-06-30 14:00:00,11.16,fuel,atm,CA,80,349,0,0
4359,2024-06-30 15:00:00,141.21,electronics,atm,GB,64,121,0,0
4360,2024-06-30 16:00:00,25.84,ecommerce,pos,CA,24,527,0,0
4361,2024-06-30 17:00:00,50.92,fuel,web,CA,53,178,0,0
4362,2024-06-30 18:00:00,129.97,travel,pos,FR,25,182,0,0
4363,2024-06-30 19:00:00,27.67,restaurant,web,CA,29,242,0,0
4364,2024-06-30 20:00:00,78.73,electronics,atm,CA,31,216,0,0
4365,2024-06-30 21:00:00,22.72,grocery,mobile,GB,65,356,0,0
4366,2024-06-30 22:00:00,22.14,fuel,atm,CA,77,434,0,0
4367,2024-06-30 23:00:00,395.35,travel,pos,CA,34,579,0,1
4368,2024-07-01 00:00:00,8.23,grocery,web,IN,82,533,1,0
4369,2024-07-01 01:00:00,33.51,ecommerce,pos,CA,36,157,1,0
4370,2024-07-01 02:00:00,155.45,ecommerce,mobile,US,38,362,1,0
4371,2024-07-01 03:00:00,68.51,grocery,pos,CA,26,197,1,0
4372,2024-07-01 04:00:00,91.47,fuel,pos,CA,21,484,1,0
4373,2024-07-01 05:00:00,31.06,grocery,pos,CA,60,14,1,0
4374,2024-07-01 06:00:00,41.67,travel,pos,MX,45,597,0,0
4375,2024-07-01 07:00:00,12.09,grocery,pos,CA,25,223,0,0
4376,2024-07-01 08:00:00,75.11,electronics,pos,FR,56,447,0,0
4377,2024-07-01 09:00:00,64.96,grocery,mobile,GB,41,405,0,0
4378,2024-07-01 10:00:00,21.71,restaurant,mobile,US,44,220,0,0
4379,2024-07-01 11:00:00,24.3,grocery,pos,CA,78,578,0,0
4380,2024-07-01 12:00:00,39.02,fuel,mobile,US,45,160,0,0
4381,2024-07-01 13:00:00,61.58,ecommerce,web,MX,48,444,0,0
4382,2024-07-01 14:00:00,40.4,ecommerce,mobile,CA,64,558,0,0
4383,2024-07-01 15:00:00,11.08,fuel,pos,FR,78,70,0,0
4384,2024-07-01 16:00:00,64.01,restaurant,web,CA,68,551,0,0
4385,2024-07-01 17:00:00,70.1,restaurant,web,IN,51,534,0,0
4386,2024-07-01 18:00:00,23.18,ecommerce,pos,IN,38,228,0,0
4387,2024-07-01 19:00:00,22.8,grocery,web,CA,30,504,0,0
4388,2024-07-01 20:00:00,179.12,electronics,mobile,CA,26,3,0,1
4389,2024-07-01 21:00:00,49.03,travel,mobile,CA,69,113,0,0
4390,2024-07-01 22:00:00,45.51,grocery,web,CA,68,452,0,0
4391,2024-07-01 23:00:00,73.25,electronics,web,GB,42,561,0,0
4392,2024-07-02 00:00:00,9.13,fuel,mobile,CA,81,75,1,0
4393,2024-07-02 01:00:00,675.8,travel,pos,US,83,429,1,1
4394,2024-07-02 02:00:00,44.17,ecommerce,pos,IN,60,61,1,0
4395,2024-07-02 03:00:00,96.27,ecommerce,web,IN,35,470,1,0
4396,2024-07-02 04:00:00,11.94,grocery,pos,CA,52,538,1,0
4397,2024-07-02 05:00:00,397.38,electronics,web,IN,73,275,1,1
4398,2024-07-02 06:00:00,189.01,grocery,pos,CA,52,60,0,0
4399,2024-07-02 07:00:00,25.43,electronics,web,CA,51,120,0,0
4400,2024-07-02 08:00:00,84.75,electronics,mobile,CA,54,304,0,0
4401,2024-07-02 09:00:00,324.7,electronics,mobile,US,75,480,0,1
4402,2024-07-02 10:00:00,21.49,grocery,mobile,CA,45,312,0,0
4403,2024-07-02 11:00:00,86.81,ecommerce,web,CA,30,286,0,0
4404,2024-07-02 12:00:00,6.02,fuel,atm,CA,52,360,0,0
4405,2024-07-02 13:00:00,67.14,travel,mobile,IN,61,581,0,0
4406,2024-07-02 14:00:00,35.92,restaurant,web,US,81,474,0,0
4407,2024-07-02 15:00:00,35.33,ecommerce,pos,MX,25,92,0,0
4408,2024-07-02 16:00:00,19.73,restaurant,mobile,MX,82,118,0,0
4409,2024-07-02 17:00:00,8.37,grocery,web,CA,72,213,0,0
4410,2024-07-02 18:00:00,108.2,ecommerce,mobile,CA,66,162,0,0
4411,2024-07-02 19:00:00,9.81,grocery,mobile,CA,34,442,0,0
4412,2024-07-02 20:00:00,393.24,electronics,atm,CA,32,596,0,0
4413,2024-07-02 21:00:00,17.72,grocery,atm,IN,47,343,0,0
4414,2024-07-02 22:00:00,123.46,ecommerce,mobile,CA,30,535,0,0
4415,2024-07-02 23:00:00,184.89,electronics,atm,MX,62,260,0,0
4416,2024-07-03 00:00:00,11.25,fuel,atm,GB,69,413,1,0
4417,2024-07-03 01:00:00,19.51,grocery,pos,FR,50,421,1,0
4418,2024-07-03 02:00:00,21.7,grocery,mobile,CA,65,176,1,0
4419,2024-07-03 03:00:00,19.22,fuel,pos,IN,70,440,1,0
4420,2024-07-03 04:00:00,18.68,ecommerce,pos,US,80,321,1,0
4421,2024-07-03 05:00:00,52.97,grocery,pos,CA,64,346,1,0
4422,2024-07-03 06:00:00,73.44,travel,web,GB,33,151,0,0
4423,2024-07-03 07:00:00,54.19,ecommerce,pos,CA,26,191,0,0
4424,2024-07-03 08:00:00,337.65,travel,pos,GB,81,515,0,0
4425,2024-07-03 09:00:00,100.48,ecommerce,pos,US,70,371,0,1
4426,2024-07-03 10:00:00,18.73,grocery,mobile,GB,75,78,0,0
4427,2024-07-03 11:00:00,83.6,grocery,mobile,FR,46,327,0,0
4428,2024-07-03 12:00:00,109.32,ecommerce,atm,US,28,371,0,0
4429,2024-07-03 13:00:00,17.36,grocery,web,CA,58,479,0,0
4430,2024-07-03 14:00:00,37.81,ecommerce,pos,CA,61,512,0,0
4431,2024-07-03 15:00:00,67.18,restaurant,mobile,FR,32,392,0,0
4432,2024-07-03 16:00:00,198.06,electronics,pos,US,49,7,0,0
4433,2024-07-03 17:00:00,15.53,ecommerce,atm,FR,46,298,0,0
4434,2024-07-03 18:00:00,11.04,fuel,mobile,CA,35,124,0,0
4435,2024-07-03 19:00:00,51.04,fuel,web,CA,73,11,0,0
4436,2024-07-03 20:00:00,34.15,electronics,pos,FR,51,555,0,0
4437,2024-07-03 21:00:00,123.93,ecommerce,pos,GB,80,100,0,0
4438,2024-07-03 22:00:00,342.93,ecommerce,web,CA,18,147,0,0
4439,2024-07-03 23:00:00,84.04,ecommerce,web,CA,81,202,0,0
4440,2024-07-04 00:00:00,14.27,grocery,mobile,FR,62,279,1,0
4441,2024-07-04 01:00:00,70.4,ecommerce,mobile,GB,65,361,1,1
4442,2024-07-04 02:00:00,69.27,restaurant,web,CA,37,186,1,0
4443,2024-07-04 03:00:00,29.84,restaurant,pos,CA,23,476,1,0
4444,2024-07-04 04:00:00,50.63,grocery,web,CA,33,94,1,0
4445,2024-07-04 05:00:00,13.29,fuel,pos,CA,48,576,1,0
4446,2024-07-04 06:00:00,31.31,ecommerce,mobile,CA,40,514,0,0
4447,2024-07-04 07:00:00,61.7,fuel,web,CA,31,360,0,0
4448,2024-07-04 08:00:00,14.38,fuel,mobile,FR,18,29,0,0
4449,2024-07-04 09:00:00,5.0,grocery,web,CA,65,438,0,0
4450,2024-07-04 10:00:00,20.72,restaurant,pos,GB,63,423,0,0
4451,2024-07-04 11:00:00,36.22,restaurant,mobile,CA,28,373,0,0
4452,2024-07-04 12:00:00,353.88,travel,mobile,CA,71,168,0,0
4453,2024-07-04 13:00:00,600.34,travel,mobile,CA,84,258,0,0
4454,2024-07-04 14:00:00,29.46,fuel,web,CA,85,249,0,0
4455,2024-07-04 15:00:00,108.64,ecommerce,mobile,MX,31,366,0,1
4456,2024-07-04 16:00:00,36.52,grocery,pos,IN,47,198,0,0
4457,2024-07-04 17:00:00,187.72,travel,web,GB,21,240,0,0
4458,2024-07-04 18:00:00,27.69,grocery,mobile,GB,18,545,0,0
4459,2024-07-04 19:00:00,139.15,electronics,pos,FR,75,272,0,0
4460,2024-07-04 20:00:00,31.14,ecommerce,mobile,GB,83,357,0,0
4461,2024-07-04 21:00:00,356.88,ecommerce,web,US,31,547,0,1
4462,2024-07-04 22:00:00,6.98,ecommerce,pos,MX,49,567,0,0
4463,2024-07-04 23:00:00,45.63,restaurant,pos,CA,19,338,0,0
4464,2024-07-05 00:00:00,43.67,grocery,mobile,CA,73,159,1,0
4465,2024-07-05 01:00:00,45.76,grocery,mobile,MX,55,60,1,0
4466,2024-07-05 02:00:00,11.3,grocery,pos,MX,37,516,1,0
4467,2024-07-05 03:00:00,30.14,travel,pos,CA,83,314,1,0
4468,2024-07-05 04:00:00,47.09,restaurant,pos,IN,27,340,1,0
4469,2024-07-05 05:00:00,200.78,ecommerce,pos,CA,36,572,1,1
4470,2024-07-05 06:00:00,33.28,restaurant,mobile,MX,68,223,0,0
4471,2024-07-05 07:00:00,123.97,ecommerce,pos,IN,45,60,0,0
4472,2024-07-05 08:00:00,90.37,travel,pos,CA,65,404,0,0
4473,2024-07-05 09:00:00,44.15,grocery,pos,IN,34,583,0,0
4474,2024-07-05 10:00:00,82.27,fuel,web,GB,62,102,0,0
4475,2024-07-05 11:00:00,102.94,travel,mobile,MX,55,593,0,0
4476,2024-07-05 12:00:00,79.36,fuel,mobile,IN,21,325,0,0
4477,2024-07-05 13:00:00,13.79,ecommerce,web,US,39,336,0,0
4478,2024-07-05 14:00:00,56.6,electronics,atm,CA,38,576,0,0
4479,2024-07-05 15:00:00,44.62,restaurant,web,MX,58,199,0,0
4480,2024-07-05 16:00:00,151.32,fuel,mobile,CA,47,447,0,0
4481,2024-07-05 17:00:00,138.26,travel,mobile,CA,50,5,0,1
4482,2024-07-05 18:00:00,38.76,electronics,pos,CA,29,403,0,0
4483,2024-07-05 19:00:00,326.16,ecommerce,mobile,CA,81,9,0,1
4484,2024-07-05 20:00:00,24.37,restaurant,web,GB,68,2,0,0
4485,2024-07-05 21:00:00,109.25,ecommerce,mobile,IN,63,233,0,0
4486,2024-07-05 22:00:00,72.73,electronics,pos,IN,36,223,0,0
4487,2024-07-05 23:00:00,37.23,grocery,web,CA,64,470,0,0
4488,2024-07-06 00:00:00,36.21,ecommerce,mobile,US,33,535,1,0
4489,2024-07-06 01:00:00,208.25,fuel,pos,US,51,566,1,1
4490,2024-07-06 02:00:00,79.76,fuel,pos,CA,36,374,1,0
4491,2024-07-06 03:00:00,134.04,restaurant,pos,US,38,93,1,1
4492,2024-07-06 04:00:00,13.43,restaurant,web,CA,62,403,1,0
4493,2024-07-06 05:00:00,6.34,grocery,mobile,IN,39,293,1,0
4494,2024-07-06 06:00:00,46.14,ecommerce,mobile,CA,67,318,0,0
4495,2024-07-06 07:00:00,578.32,ecommerce,atm,FR,52,301,0,0
4496,2024-07-06 08:00:00,20.43,fuel,web,FR,84,530,0,0
4497,2024-07-06 09:00:00,70.35,fuel,web,MX,31,228,0,0
4498,2024-07-06 10:00:00,10.85,restaurant,pos,CA,82,579,0,0
4499,2024-07-06 11:00:00,46.6,electronics,pos,CA,27,324,0,0
4500,2024-07-06 12:00:00,30.49,grocery,mobile,IN,55,413,0,0
4501,2024-07-06 13:00:00,182.29,fuel,pos,CA,43,555,0,0
4502,2024-07-06 14:00:00,367.42,travel,pos,CA,69,489,0,0
4503,2024-07-06 15:00:00,5.0,fuel,mobile,IN,26,263,0,0
4504,2024-07-06 16:00:00,59.69,grocery,web,GB,35,122,0,0
4505,2024-07-06 17:00:00,21.36,ecommerce,pos,MX,33,82,0,0
4506,2024-07-06 18:00:00,32.52,ecommerce,mobile,CA,80,218,0,0
4507,2024-07-06 19:00:00,51.86,grocery,web,CA,54,399,0,0
4508,2024-07-06 20:00:00,345.98,electronics,mobile,FR,29,479,0,0
4509,2024-07-06 21:00:00,202.28,ecommerce,mobile,CA,71,18,0,0
4510,2024-07-06 22:00:00,183.96,travel,pos,CA,37,277,0,0
4511,2024-07-06 23:00:00,37.26,fuel,pos,CA,33,565,0,0
4512,2024-07-07 00:00:00,91.69,restaurant,pos,US,51,494,1,0
4513,2024-07-07 01:00:00,7.93,grocery,mobile,CA,71,564,1,0
4514,2024-07-07 02:00:00,169.66,grocery,web,FR,75,575,1,0
4515,2024-07-07 03:00:00,30.97,ecommerce,mobile,CA,19,55,1,0
4516,2024-07-07 04:00:00,75.93,ecommerce,web,CA,79,409,1,0
4517,2024-07-07 05:00:00,38.42,ecommerce,pos,IN,85,331,1,0
4518,2024-07-07 06:00:00,34.72,electronics,pos,IN,39,286,0,0
4519,2024-07-07 07:00:00,90.99,ecommerce,pos,MX,53,479,0,0
4520,2024-07-07 08:00:00,40.53,grocery,web,IN,43,561,0,0
4521,2024-07-07 09:00:00,54.62,ecommerce,web,CA,50,279,0,0
4522,2024-07-07 10:00:00,85.66,electronics,atm,CA,62,389,0,0
4523,2024-07-07 11:00:00,107.79,restaurant,pos,CA,62,287,0,0
4524,2024-07-07 12:00:00,707.2,electronics,mobile,CA,50,382,0,0
4525,2024-07-07 13:00:00,84.31,fuel,pos,GB,50,583,0,0
4526,2024-07-07 14:00:00,126.15,electronics,mobile,FR,51,487,0,0
4527,2024-07-07 15:00:00,22.52,electronics,pos,CA,45,138,0,0
4528,2024-07-07 16:00:00,105.61,ecommerce,mobile,CA,26,520,0,0
4529,2024-07-07 17:00:00,49.95,fuel,pos,IN,43,316,0,0
4530,2024-07-07 18:00:00,196.76,electronics,pos,US,66,351,0,1
4531,2024-07-07 19:00:00,21.51,ecommerce,web,CA,84,69,0,0
4532,2024-07-07 20:00:00,293.34,travel,web,CA,73,267,0,0
4533,2024-07-07 21:00:00,111.31,fuel,web,CA,76,181,0,0
4534,2024-07-07 22:00:00,11.27,fuel,pos,CA,71,52,0,0
4535,2024-07-07 23:00:00,60.66,grocery,atm,CA,52,511,0,0
4536,2024-07-08 00:00:00,65.74,travel,pos,CA,64,77,1,0
4537,2024-07-08 01:00:00,24.85,restaurant,web,CA,74,430,1,0
4538,2024-07-08 02:00:00,13.95,grocery,mobile,CA,33,447,1,0
4539,2024-07-08 03:00:00,43.8,ecommerce,mobile,CA,28,367,1,0
4540,2024-07-08 04:00:00,24.06,grocery,pos,CA,36,505,1,0
4541,2024-07-08 05:00:00,47.48,grocery,web,CA,54,68,1,0
4542,2024-07-08 06:00:00,60.84,restaurant,pos,FR,71,9,0,0
4543,2024-07-08 07:00:00,81.57,fuel,web,GB,48,511,0,0
4544,2024-07-08 08:00:00,33.4,ecommerce,web,CA,84,110,0,0
4545,2024-07-08 09:00:00,83.03,ecommerce,mobile,CA,40,179,0,0
4546,2024-07-08 10:00:00,10.16,restaurant,mobile,US,49,414,0,0
4547,2024-07-08 11:00:00,54.36,ecommerce,pos,CA,80,321,0,0
4548,2024-07-08 12:00:00,102.13,electronics,pos,MX,29,120,0,0
4549,2024-07-08 13:00:00,26.18,ecommerce,web,IN,74,140,0,0
4550,2024-07-08 14:00:00,54.18,grocery,web,CA,28,502,0,0
4551,2024-07-08 15:00:00,85.42,electronics,web,CA,79,312,0,0
4552,2024-07-08 16:00:00,37.64,grocery,web,CA,39,554,0,0
4553,2024-07-08 17:00:00,410.9,travel,web,US,61,337,0,1
4554,2024-07-08 18:00:00,40.87,ecommerce,atm,CA,66,398,0,0
4555,2024-07-08 19:00:00,211.23,electronics,web,US,43,204,0,0
4556,2024-07-08 20:00:00,360.1,electronics,pos,CA,55,17,0,0
4557,2024-07-08 21:00:00,340.78,electronics,pos,MX,69,304,0,0
4558,2024-07-08 22:00:00,27.66,grocery,web,US,77,438,0,0
4559,2024-07-08 23:00:00,40.95,electronics,pos,CA,25,244,0,0
4560,2024-07-09 00:00:00,14.41,restaurant,pos,IN,51,516,1,0
4561,2024-07-09 01:00:00,14.4,ecommerce,pos,GB,76,419,1,0
4562,2024-07-09 02:00:00,111.36,ecommerce,mobile,CA,55,304,1,1
4563,2024-07-09 03:00:00,192.69,electronics,atm,IN,19,326,1,0
4564,2024-07-09 04:00:00,36.41,grocery,web,FR,26,136,1,0
4565,2024-07-09 05:00:00,39.56,travel,pos,CA,73,527,1,0
4566,2024-07-09 06:00:00,70.74,electronics,web,US,46,35,0,0
4567,2024-07-09 07:00:00,113.46,grocery,web,US,65,29,0,0
4568,2024-07-09 08:00:00,47.25,fuel,atm,US,78,471,0,0
4569,2024-07-09 09:00:00,55.23,fuel,web,IN,24,16,0,0
4570,2024-07-09 10:00:00,1179.17,ecommerce,mobile,CA,48,306,0,0
4571,2024-07-09 11:00:00,36.68,restaurant,atm,CA,27,113,0,0
4572,2024-07-09 12:00:00,5.0,grocery,web,CA,75,409,0,0
4573,2024-07-09 13:00:00,22.29,ecommerce,pos,GB,48,71,0,0
4574,2024-07-09 14:00:00,35.94,restaurant,web,CA,77,159,0,0
4575,2024-07-09 15:00:00,33.32,grocery,web,CA,38,316,0,0
4576,2024-07-09 16:00:00,84.18,electronics,web,CA,27,227,0,0
4577,2024-07-09 17:00:00,28.51,grocery,atm,MX,76,120,0,0
4578,2024-07-09 18:00:00,13.48,fuel,pos,CA,59,37,0,0
4579,2024-07-09 19:00:00,45.86,grocery,web,CA,31,9,0,0
4580,2024-07-09 20:00:00,478.77,travel,pos,CA,65,115,0,0
4581,2024-07-09 21:00:00,467.26,electronics,pos,CA,46,169,0,0
4582,2024-07-09 22:00:00,126.52,restaurant,web,CA,21,72,0,0
4583,2024-07-09 23:00:00,11.55,restaurant,mobile,CA,35,306,0,0
4584,2024-07-10 00:00:00,134.04,travel,mobile,MX,69,532,1,0
4585,2024-07-10 01:00:00,74.09,electronics,pos,CA,26,429,1,0
4586,2024-07-10 02:00:00,46.51,fuel,pos,CA,40,184,1,0
4587,2024-07-10 03:00:00,25.34,restaurant,web,US,35,263,1,0
4588,2024-07-10 04:00:00,111.41,travel,web,CA,67,462,1,0
4589,2024-07-10 05:00:00,101.09,restaurant,mobile,CA,76,578,1,1
4590,2024-07-10 06:00:00,65.62,ecommerce,mobile,CA,71,331,0,0
4591,2024-07-10 07:00:00,30.53,fuel,mobile,CA,66,119,0,0
4592,2024-07-10 08:00:00,142.55,electronics,mobile,CA,24,521,0,0
4593,2024-07-10 09:00:00,60.2,grocery,web,IN,80,308,0,0
4594,2024-07-10 10:00:00,60.52,grocery,mobile,CA,29,17,0,0
4595,2024-07-10 11:00:00,110.36,restaurant,mobile,US,45,152,0,0
4596,2024-07-10 12:00:00,18.88,ecommerce,atm,IN,74,320,0,0
4597,2024-07-10 13:00:00,43.87,grocery,web,CA,34,484,0,0
4598,2024-07-10 14:00:00,54.77,ecommerce,mobile,GB,32,512,0,0
4599,2024-07-10 15:00:00,45.81,ecommerce,web,CA,19,112,0,0
4600,2024-07-10 16:00:00,269.97,travel,mobile,US,42,434,0,1
4601,2024-07-10 17:00:00,87.68,restaurant,atm,IN,51,577,0,1
4602,2024-07-10 18:00:00,16.03,restaurant,atm,CA,49,480,0,0
4603,2024-07-10 19:00:00,622.99,travel,pos,FR,20,430,0,1
4604,2024-07-10 20:00:00,27.09,electronics,pos,CA,31,478,0,0
4605,2024-07-10 21:00:00,102.16,ecommerce,mobile,US,18,334,0,0
4606,2024-07-10 22:00:00,12.25,restaurant,mobile,CA,33,364,0,0
4607,2024-07-10 23:00:00,18.39,grocery,atm,CA,59,319,0,0
4608,2024-07-11 00:00:00,34.58,grocery,pos,CA,18,574,1,0
4609,2024-07-11 01:00:00,19.07,restaurant,mobile,IN,29,217,1,0
4610,2024-07-11 02:00:00,5.0,restaurant,mobile,US,54,466,1,0
4611,2024-07-11 03:00:00,104.13,ecommerce,pos,FR,56,12,1,1
4612,2024-07-11 04:00:00,275.36,travel,pos,CA,78,251,1,0
4613,2024-07-11 05:00:00,23.62,fuel,mobile,CA,56,549,1,0
4614,2024-07-11 06:00:00,48.41,ecommerce,pos,CA,80,146,0,0
4615,2024-07-11 07:00:00,42.94,ecommerce,mobile,CA,67,477,0,0
4616,2024-07-11 08:00:00,7.02,grocery,web,CA,55,301,0,0
4617,2024-07-11 09:00:00,5.32,fuel,web,IN,44,81,0,0
4618,2024-07-11 10:00:00,56.27,fuel,pos,FR,25,63,0,0
4619,2024-07-11 11:00:00,71.17,fuel,atm,CA,65,73,0,0
4620,2024-07-11 12:00:00,56.05,grocery,mobile,CA,81,279,0,0
4621,2024-07-11 13:00:00,38.4,restaurant,mobile,US,42,185,0,0
4622,2024-07-11 14:00:00,276.09,travel,mobile,US,42,537,0,1
4623,2024-07-11 15:00:00,52.01,restaurant,web,MX,24,458,0,0
4624,2024-07-11 16:00:00,16.16,grocery,atm,CA,58,85,0,0
4625,2024-07-11 17:00:00,166.75,travel,web,CA,39,302,0,0
4626,2024-07-11 18:00:00,20.91,restaurant,web,CA,18,460,0,0
4627,2024-07-11 19:00:00,46.56,ecommerce,pos,IN,18,393,0,0
4628,2024-07-11 20:00:00,91.41,grocery,pos,MX,40,5,0,0
4629,2024-07-11 21:00:00,247.77,ecommerce,mobile,IN,49,3,0,1
4630,2024-07-11 22:00:00,7.27,ecommerce,pos,CA,49,350,0,0
4631,2024-07-11 23:00:00,21.7,fuel,mobile,CA,68,555,0,0
4632,2024-07-12 00:00:00,45.54,ecommerce,atm,CA,53,30,1,0
4633,2024-07-12 01:00:00,170.82,ecommerce,web,FR,71,99,1,0
4634,2024-07-12 02:00:00,37.0,travel,pos,CA,38,113,1,0
4635,2024-07-12 03:00:00,5.0,grocery,mobile,MX,33,191,1,0
4636,2024-07-12 04:00:00,125.73,ecommerce,pos,CA,54,535,1,0
4637,2024-07-12 05:00:00,233.79,electronics,mobile,CA,25,569,1,0
4638,2024-07-12 06:00:00,6.58,grocery,web,CA,69,184,0,0
4639,2024-07-12 07:00:00,53.7,ecommerce,web,CA,30,440,0,0
4640,2024-07-12 08:00:00,129.84,grocery,web,FR,80,6,0,0
4641,2024-07-12 09:00:00,12.42,grocery,web,IN,84,307,0,0
4642,2024-07-12 10:00:00,29.9,fuel,pos,US,54,377,0,0
4643,2024-07-12 11:00:00,51.75,grocery,pos,CA,39,518,0,0
4644,2024-07-12 12:00:00,16.62,ecommerce,web,GB,41,493,0,0
4645,2024-07-12 13:00:00,16.43,restaurant,mobile,CA,47,36,0,0
4646,2024-07-12 14:00:00,5.96,restaurant,pos,GB,50,248,0,0
4647,2024-07-12 15:00:00,28.25,grocery,pos,GB,23,45,0,0
4648,2024-07-12 16:00:00,29.47,ecommerce,pos,CA,31,5,0,0
4649,2024-07-12 17:00:00,32.91,fuel,web,CA,71,93,0,0
4650,2024-07-12 18:00:00,48.34,restaurant,pos,CA,21,560,0,0
4651,2024-07-12 19:00:00,342.94,electronics,mobile,CA,48,159,0,0
4652,2024-07-12 20:00:00,267.26,grocery,pos,IN,77,444,0,0
4653,2024-07-12 21:00:00,39.49,grocery,mobile,US,23,426,0,0
4654,2024-07-12 22:00:00,45.17,ecommerce,pos,CA,80,521,0,0
4655,2024-07-12 23:00:00,19.49,restaurant,web,CA,50,319,0,0
4656,2024-07-13 00:00:00,11.46,restaurant,pos,GB,46,586,1,0
4657,2024-07-13 01:00:00,49.03,grocery,mobile,CA,66,256,1,0
4658,2024-07-13 02:00:00,17.49,fuel,atm,CA,70,473,1,0
4659,2024-07-13 03:00:00,52.22,grocery,pos,MX,50,470,1,0
4660,2024-07-13 04:00:00,42.44,electronics,atm,CA,23,326,1,0
4661,2024-07-13 05:00:00,17.95,restaurant,pos,CA,83,190,1,0
4662,2024-07-13 06:00:00,40.28,fuel,web,CA,18,95,0,0
4663,2024-07-13 07:00:00,29.28,grocery,mobile,CA,77,51,0,0
4664,2024-07-13 08:00:00,5.0,fuel,pos,IN,47,300,0,0
4665,2024-07-13 09:00:00,59.24,ecommerce,web,FR,53,238,0,0
4666,2024-07-13 10:00:00,47.76,electronics,pos,IN,70,125,0,0
4667,2024-07-13 11:00:00,173.92,ecommerce,mobile,IN,81,460,0,1
4668,2024-07-13 12:00:00,65.42,restaurant,web,CA,28,97,0,0
4669,2024-07-13 13:00:00,7.7,ecommerce,mobile,CA,73,284,0,0
4670,2024-07-13 14:00:00,67.39,grocery,pos,MX,62,257,0,0
4671,2024-07-13 15:00:00,85.26,ecommerce,atm,CA,43,587,0,0
4672,2024-07-13 16:00:00,8.62,grocery,pos,IN,46,62,0,0
4673,2024-07-13 17:00:00,132.4,ecommerce,web,CA,70,514,0,0
4674,2024-07-13 18:00:00,43.14,travel,pos,CA,27,411,0,0
4675,2024-07-13 19:00:00,91.84,grocery,pos,US,52,475,0,0
4676,2024-07-13 20:00:00,18.31,grocery,pos,IN,67,467,0,0
4677,2024-07-13 21:00:00,8.36,grocery,mobile,US,54,464,0,0
4678,2024-07-13 22:00:00,220.93,grocery,pos,US,48,261,0,0
4679,2024-07-13 23:00:00,6.79,restaurant,web,CA,53,349,0,0
4680,2024-07-14 00:00:00,13.22,restaurant,atm,US,52,219,1,0
4681,2024-07-14 01:00:00,18.92,grocery,pos,MX,72,541,1,0
4682,2024-07-14 02:00:00,65.21,electronics,pos,CA,73,135,1,0
4683,2024-07-14 03:00:00,184.32,electronics,pos,GB,80,354,1,1
4684,2024-07-14 04:00:00,28.76,restaurant,pos,CA,22,126,1,0
4685,2024-07-14 05:00:00,148.29,ecommerce,web,CA,39,223,1,1
4686,2024-07-14 06:00:00,83.93,ecommerce,mobile,IN,77,578,0,0
4687,2024-07-14 07:00:00,6.06,fuel,pos,CA,61,117,0,0
4688,2024-07-14 08:00:00,44.78,restaurant,pos,US,43,532,0,0
4689,2024-07-14 09:00:00,121.29,electronics,mobile,CA,60,488,0,0
4690,2024-07-14 10:00:00,15.56,fuel,pos,IN,49,220,0,0
4691,2024-07-14 11:00:00,388.26,ecommerce,web,CA,78,223,0,1
4692,2024-07-14 12:00:00,169.92,electronics,atm,CA,55,3,0,0
4693,2024-07-14 13:00:00,63.71,restaurant,pos,FR,48,475,0,0
4694,2024-07-14 14:00:00,144.64,ecommerce,web,US,60,400,0,0
4695,2024-07-14 15:00:00,93.53,travel,mobile,CA,30,590,0,0
4696,2024-07-14 16:00:00,106.2,ecommerce,mobile,CA,70,175,0,0
4697,2024-07-14 17:00:00,36.28,fuel,mobile,CA,31,239,0,0
4698,2024-07-14 18:00:00,16.54,fuel,mobile,IN,19,412,0,0
4699,2024-07-14 19:00:00,32.73,electronics,web,MX,21,204,0,0
4700,2024-07-14 20:00:00,27.9,restaurant,web,IN,22,191,0,0
4701,2024-07-14 21:00:00,46.3,fuel,mobile,IN,24,102,0,0
4702,2024-07-14 22:00:00,60.94,ecommerce,mobile,CA,21,593,0,0
4703,2024-07-14 23:00:00,50.97,ecommerce,mobile,US,38,285,0,0
4704,2024-07-15 00:00:00,33.58,grocery,web,US,83,462,1,0
4705,2024-07-15 01:00:00,46.39,ecommerce,mobile,FR,24,393,1,1
4706,2024-07-15 02:00:00,132.1,grocery,pos,US,63,360,1,0
4707,2024-07-15 03:00:00,76.59,ecommerce,pos,CA,77,187,1,0
4708,2024-07-15 04:00:00,21.14,grocery,pos,IN,73,189,1,0
4709,2024-07-15 05:00:00,11.8,ecommerce,pos,US,42,291,1,0
4710,2024-07-15 06:00:00,82.29,electronics,mobile,FR,21,81,0,0
4711,2024-07-15 07:00:00,35.74,ecommerce,pos,CA,43,322,0,0
4712,2024-07-15 08:00:00,78.55,travel,mobile,CA,58,54,0,0
4713,2024-07-15 09:00:00,63.76,restaurant,web,MX,69,165,0,0
4714,2024-07-15 10:00:00,29.33,fuel,pos,GB,27,380,0,0
4715,2024-07-15 11:00:00,7.21,grocery,pos,CA,38,14,0,0
4716,2024-07-15 12:00:00,104.82,ecommerce,web,CA,58,27,0,0
4717,2024-07-15 13:00:00,32.87,travel,mobile,GB,66,129,0,0
4718,2024-07-15 14:00:00,50.95,fuel,web,IN,39,454,0,0
4719,2024-07-15 15:00:00,21.36,grocery,pos,CA,73,482,0,0
4720,2024-07-15 16:00:00,29.52,fuel,pos,CA,72,0,0,0
4721,2024-07-15 17:00:00,26.69,fuel,pos,CA,42,167,0,0
4722,2024-07-15 18:00:00,52.56,ecommerce,pos,CA,54,34,0,0
4723,2024-07-15 19:00:00,164.82,travel,atm,CA,50,8,0,0
4724,2024-07-15 20:00:00,35.26,grocery,pos,CA,63,566,0,0
4725,2024-07-15 21:00:00,323.13,ecommerce,pos,US,39,255,0,0
4726,2024-07-15 22:00:00,120.22,electronics,mobile,CA,40,477,0,0
4727,2024-07-15 23:00:00,75.02,ecommerce,mobile,CA,46,410,0,0
4728,2024-07-16 00:00:00,72.08,travel,web,IN,32,270,1,1
4729,2024-07-16 01:00:00,84.62,ecommerce,mobile,CA,57,452,1,0
4730,2024-07-16 02:00:00,23.9,ecommerce,atm,GB,83,149,1,0
4731,2024-07-16 03:00:00,76.86,restaurant,pos,CA,41,248,1,0
4732,2024-07-16 04:00:00,15.79,ecommerce,pos,FR,76,227,1,0
4733,2024-07-16 05:00:00,28.11,ecommerce,mobile,GB,49,343,1,0
4734,2024-07-16 06:00:00,6.3,restaurant,mobile,CA,29,126,0,0
4735,2024-07-16 07:00:00,143.38,electronics,atm,US,51,448,0,0
4736,2024-07-16 08:00:00,67.11,electronics,pos,MX,51,506,0,0
4737,2024-07-16 09:00:00,60.73,grocery,atm,CA,19,534,0,0
4738,2024-07-16 10:00:00,13.61,grocery,pos,GB,50,537,0,0
4739,2024-07-16 11:00:00,220.22,travel,mobile,CA,29,384,0,0
4740,2024-07-16 12:00:00,55.2,grocery,mobile,CA,72,479,0,0
4741,2024-07-16 13:00:00,72.67,ecommerce,pos,IN,54,415,0,0
4742,2024-07-16 14:00:00,101.05,electronics,pos,CA,38,572,0,0
4743,2024-07-16 15:00:00,67.95,ecommerce,web,CA,18,59,0,0
4744,2024-07-16 16:00:00,14.43,grocery,mobile,CA,56,119,0,0
4745,2024-07-16 17:00:00,12.45,grocery,pos,IN,65,252,0,0
4746,2024-07-16 18:00:00,44.54,fuel,mobile,CA,46,373,0,0
4747,2024-07-16 19:00:00,97.95,travel,pos,CA,79,534,0,0
4748,2024-07-16 20:00:00,41.05,restaurant,web,MX,31,56,0,0
4749,2024-07-16 21:00:00,132.3,grocery,pos,GB,69,96,0,0
4750,2024-07-16 22:00:00,21.71,grocery,atm,CA,51,517,0,0
4751,2024-07-16 23:00:00,15.91,fuel,pos,IN,39,186,0,0
4752,2024-07-17 00:00:00,44.86,ecommerce,web,CA,37,10,1,0
4753,2024-07-17 01:00:00,28.27,fuel,pos,US,48,407,1,0
4754,2024-07-17 02:00:00,47.45,restaurant,atm,US,23,527,1,0
4755,2024-07-17 03:00:00,26.61,fuel,mobile,CA,62,542,1,0
4756,2024-07-17 04:00:00,389.94,ecommerce,pos,FR,45,513,1,0
4757,2024-07-17 05:00:00,39.87,restaurant,pos,US,64,35,1,0
4758,2024-07-17 06:00:00,66.15,grocery,web,CA,53,81,0,0
4759,2024-07-17 07:00:00,26.41,restaurant,web,CA,84,523,0,0
4760,2024-07-17 08:00:00,67.86,fuel,mobile,CA,23,416,0,0
4761,2024-07-17 09:00:00,22.69,fuel,web,FR,51,132,0,0
4762,2024-07-17 10:00:00,15.29,restaurant,web,CA,54,232,0,0
4763,2024-07-17 11:00:00,61.66,fuel,mobile,FR,34,517,0,0
4764,2024-07-17 12:00:00,57.04,ecommerce,web,CA,63,558,0,0
4765,2024-07-17 13:00:00,74.89,ecommerce,pos,IN,42,534,0,0
4766,2024-07-17 14:00:00,330.29,travel,pos,FR,69,276,0,1
4767,2024-07-17 15:00:00,30.94,fuel,pos,CA,80,466,0,0
4768,2024-07-17 16:00:00,28.64,grocery,web,CA,76,27,0,0
4769,2024-07-17 17:00:00,60.7,electronics,pos,GB,61,555,0,0
4770,2024-07-17 18:00:00,354.89,travel,web,CA,66,133,0,0
4771,2024-07-17 19:00:00,44.16,ecommerce,pos,CA,76,577,0,0
4772,2024-07-17 20:00:00,31.29,grocery,mobile,GB,84,9,0,0
4773,2024-07-17 21:00:00,35.34,fuel,pos,FR,67,556,0,0
4774,2024-07-17 22:00:00,42.25,grocery,web,GB,80,316,0,0
4775,2024-07-17 23:00:00,81.57,grocery,pos,FR,83,308,0,0
4776,2024-07-18 00:00:00,56.4,ecommerce,pos,US,29,406,1,0
4777,2024-07-18 01:00:00,113.06,grocery,pos,GB,52,278,1,0
4778,2024-07-18 02:00:00,48.01,ecommerce,web,CA,42,571,1,0
4779,2024-07-18 03:00:00,190.56,travel,mobile,GB,82,63,1,1
4780,2024-07-18 04:00:00,50.9,ecommerce,pos,MX,68,394,1,1
4781,2024-07-18 05:00:00,179.59,restaurant,mobile,US,78,129,1,1
4782,2024-07-18 06:00:00,19.91,restaurant,web,IN,41,22,0,0
4783,2024-07-18 07:00:00,108.0,travel,web,CA,75,392,0,0
4784,2024-07-18 08:00:00,30.27,restaurant,web,US,23,407,0,0
4785,2024-07-18 09:00:00,21.47,restaurant,pos,CA,81,76,0,0
4786,2024-07-18 10:00:00,79.71,ecommerce,mobile,CA,33,436,0,0
4787,2024-07-18 11:00:00,297.07,electronics,mobile,CA,53,566,0,0
4788,2024-07-18 12:00:00,37.4,grocery,mobile,IN,66,417,0,0
4789,2024-07-18 13:00:00,116.0,electronics,pos,CA,68,136,0,0
4790,2024-07-18 14:00:00,22.21,fuel,mobile,MX,32,50,0,0
4791,2024-07-18 15:00:00,20.79,grocery,pos,US,55,52,0,0
4792,2024-07-18 16:00:00,65.51,ecommerce,web,FR,54,371,0,0
4793,2024-07-18 17:00:00,27.49,restaurant,pos,GB,70,141,0,0
4794,2024-07-18 18:00:00,172.65,ecommerce,pos,CA,39,223,0,0
4795,2024-07-18 19:00:00,13.82,grocery,mobile,CA,69,29,0,0
4796,2024-07-18 20:00:00,121.3,grocery,mobile,MX,59,264,0,0
4797,2024-07-18 21:00:00,23.92,fuel,pos,CA,69,99,0,0
4798,2024-07-18 22:00:00,31.2,restaurant,web,CA,77,257,0,0
4799,2024-07-18 23:00:00,37.69,electronics,mobile,CA,47,353,0,0
4800,2024-07-19 00:00:00,99.59,ecommerce,atm,CA,47,577,1,0
4801,2024-07-19 01:00:00,13.8,grocery,mobile,IN,72,173,1,0
4802,2024-07-19 02:00:00,45.84,grocery,pos,IN,71,192,1,0
4803,2024-07-19 03:00:00,34.99,fuel,pos,MX,77,481,1,0
4804,2024-07-19 04:00:00,73.31,electronics,mobile,CA,55,572,1,1
4805,2024-07-19 05:00:00,15.32,electronics,pos,IN,61,243,1,0
4806,2024-07-19 06:00:00,419.84,ecommerce,atm,US,22,207,0,1
4807,2024-07-19 07:00:00,52.85,travel,atm,IN,48,429,0,0
4808,2024-07-19 08:00:00,76.77,ecommerce,atm,CA,34,451,0,0
4809,2024-07-19 09:00:00,14.15,fuel,pos,CA,76,425,0,0
4810,2024-07-19 10:00:00,70.11,fuel,mobile,MX,26,384,0,0
4811,2024-07-19 11:00:00,69.84,electronics,mobile,FR,70,81,0,0
4812,2024-07-19 12:00:00,13.87,fuel,pos,CA,74,157,0,0
4813,2024-07-19 13:00:00,46.64,restaurant,pos,CA,49,34,0,0
4814,2024-07-19 14:00:00,19.12,ecommerce,pos,US,63,234,0,0
4815,2024-07-19 15:00:00,22.58,grocery,web,IN,57,506,0,0
4816,2024-07-19 16:00:00,111.78,ecommerce,atm,GB,64,134,0,0
4817,2024-07-19 17:00:00,105.95,fuel,mobile,IN,64,421,0,0
4818,2024-07-19 18:00:00,11.48,fuel,pos,MX,35,252,0,0
4819,2024-07-19 19:00:00,15.74,fuel,web,FR,64,105,0,0
4820,2024-07-19 20:00:00,134.92,electronics,pos,CA,79,134,0,0
4821,2024-07-19 21:00:00,9.95,ecommerce,pos,CA,39,408,0,0
4822,2024-07-19 22:00:00,463.2,travel,pos,MX,38,475,0,0
4823,2024-07-19 23:00:00,39.97,electronics,mobile,US,37,198,0,0
4824,2024-07-20 00:00:00,40.51,ecommerce,mobile,CA,79,551,1,0
4825,2024-07-20 01:00:00,75.95,ecommerce,mobile,CA,78,34,1,0
4826,2024-07-20 02:00:00,34.3,grocery,mobile,GB,41,345,1,0
4827,2024-07-20 03:00:00,25.23,ecommerce,pos,GB,81,137,1,0
4828,2024-07-20 04:00:00,462.71,electronics,mobile,CA,69,536,1,1
4829,2024-07-20 05:00:00,5.0,restaurant,pos,IN,45,454,1,0
4830,2024-07-20 06:00:00,49.72,travel,web,CA,74,35,0,0
4831,2024-07-20 07:00:00,33.86,ecommerce,web,CA,80,234,0,0
4832,2024-07-20 08:00:00,41.81,electronics,pos,CA,77,448,0,0
4833,2024-07-20 09:00:00,294.53,electronics,pos,CA,50,327,0,0
4834,2024-07-20 10:00:00,13.5,ecommerce,pos,CA,32,294,0,0
4835,2024-07-20 11:00:00,399.22,electronics,pos,MX,29,82,0,0
4836,2024-07-20 12:00:00,25.5,grocery,atm,GB,74,342,0,0
4837,2024-07-20 13:00:00,9.62,grocery,pos,CA,67,55,0,0
4838,2024-07-20 14:00:00,5.0,grocery,web,FR,66,191,0,0
4839,2024-07-20 15:00:00,26.99,grocery,atm,IN,21,143,0,0
4840,2024-07-20 16:00:00,14.51,restaurant,web,CA,83,394,0,0
4841,2024-07-20 17:00:00,74.3,ecommerce,web,CA,25,283,0,0
4842,2024-07-20 18:00:00,40.04,ecommerce,atm,CA,57,255,0,0
4843,2024-07-20 19:00:00,141.96,ecommerce,pos,US,81,509,0,0
4844,2024-07-20 20:00:00,52.83,ecommerce,pos,CA,34,234,0,0
4845,2024-07-20 21:00:00,41.01,ecommerce,web,MX,53,458,0,0
4846,2024-07-20 22:00:00,78.66,grocery,web,US,75,533,0,0
4847,2024-07-20 23:00:00,167.61,travel,mobile,US,36,96,0,0
4848,2024-07-21 00:00:00,65.78,grocery,pos,CA,24,447,1,0
4849,2024-07-21 01:00:00,276.33,electronics,web,CA,50,42,1,1
4850,2024-07-21 02:00:00,25.15,grocery,mobile,CA,72,385,1,0
4851,2024-07-21 03:00:00,101.72,electronics,atm,GB,57,135,1,1
4852,2024-07-21 04:00:00,210.02,electronics,pos,MX,48,153,1,1
4853,2024-07-21 05:00:00,5.0,grocery,pos,US,61,512,1,0
4854,2024-07-21 06:00:00,29.89,grocery,atm,MX,21,112,0,0
4855,2024-07-21 07:00:00,22.3,restaurant,mobile,CA,41,310,0,0
4856,2024-07-21 08:00:00,38.23,fuel,pos,CA,77,469,0,0
4857,2024-07-21 09:00:00,66.37,travel,pos,CA,44,484,0,0
4858,2024-07-21 10:00:00,87.8,grocery,mobile,CA,83,122,0,0
4859,2024-07-21 11:00:00,30.92,ecommerce,web,CA,55,222,0,0
4860,2024-07-21 12:00:00,18.06,fuel,web,CA,81,337,0,0
4861,2024-07-21 13:00:00,15.01,restaurant,mobile,GB,60,354,0,0
4862,2024-07-21 14:00:00,181.67,ecommerce,pos,CA,46,98,0,0
4863,2024-07-21 15:00:00,15.04,electronics,pos,CA,80,357,0,0
4864,2024-07-21 16:00:00,681.63,travel,web,CA,36,0,0,1
4865,2024-07-21 17:00:00,123.37,grocery,mobile,CA,44,376,0,0
4866,2024-07-21 18:00:00,36.12,ecommerce,pos,CA,67,442,0,0
4867,2024-07-21 19:00:00,151.34,ecommerce,mobile,CA,77,282,0,0
4868,2024-07-21 20:00:00,30.69,fuel,pos,CA,31,147,0,0
4869,2024-07-21 21:00:00,604.2,travel,pos,IN,85,143,0,1
4870,2024-07-21 22:00:00,141.3,ecommerce,atm,CA,47,414,0,0
4871,2024-07-21 23:00:00,432.31,ecommerce,pos,CA,41,257,0,0
4872,2024-07-22 00:00:00,24.09,electronics,pos,CA,26,558,1,0
4873,2024-07-22 01:00:00,162.15,travel,mobile,CA,19,585,1,0
4874,2024-07-22 02:00:00,5.78,fuel,web,US,55,260,1,0
4875,2024-07-22 03:00:00,17.12,fuel,web,CA,59,163,1,0
4876,2024-07-22 04:00:00,454.86,ecommerce,mobile,FR,24,488,1,1
4877,2024-07-22 05:00:00,149.78,electronics,pos,IN,79,435,1,0
4878,2024-07-22 06:00:00,145.68,ecommerce,mobile,MX,54,98,0,0
4879,2024-07-22 07:00:00,95.38,ecommerce,pos,CA,21,567,0,0
4880,2024-07-22 08:00:00,49.14,grocery,pos,CA,75,120,0,0
4881,2024-07-22 09:00:00,85.3,travel,mobile,CA,31,340,0,0
4882,2024-07-22 10:00:00,72.13,travel,pos,GB,63,112,0,0
4883,2024-07-22 11:00:00,36.64,ecommerce,mobile,CA,63,294,0,1
4884,2024-07-22 12:00:00,5.0,restaurant,atm,US,73,375,0,0
4885,2024-07-22 13:00:00,25.36,restaurant,mobile,CA,73,72,0,0
4886,2024-07-22 14:00:00,40.65,grocery,pos,CA,85,155,0,0
4887,2024-07-22 15:00:00,56.29,electronics,pos,CA,23,452,0,0
4888,2024-07-22 16:00:00,53.39,ecommerce,mobile,CA,42,574,0,0
4889,2024-07-22 17:00:00,43.79,restaurant,web,MX,42,547,0,0
4890,2024-07-22 18:00:00,133.17,ecommerce,mobile,US,43,451,0,0
4891,2024-07-22 19:00:00,20.44,ecommerce,mobile,CA,34,589,0,0
4892,2024-07-22 20:00:00,13.35,fuel,pos,CA,33,99,0,0
4893,2024-07-22 21:00:00,118.27,ecommerce,pos,FR,83,121,0,0
4894,2024-07-22 22:00:00,166.98,electronics,web,CA,79,243,0,0
4895,2024-07-22 23:00:00,91.54,fuel,web,US,64,552,0,1
4896,2024-07-23 00:00:00,194.02,ecommerce,pos,CA,55,480,1,0
4897,2024-07-23 01:00:00,239.9,fuel,web,US,50,222,1,1
4898,2024-07-23 02:00:00,20.98,restaurant,mobile,US,64,9,1,0
4899,2024-07-23 03:00:00,406.87,electronics,web,CA,76,372,1,0
4900,2024-07-23 04:00:00,11.93,fuel,pos,CA,46,185,1,0
4901,2024-07-23 05:00:00,517.99,ecommerce,mobile,CA,54,134,1,1
4902,2024-07-23 06:00:00,49.32,grocery,mobile,CA,80,128,0,0
4903,2024-07-23 07:00:00,44.46,restaurant,atm,MX,79,149,0,0
4904,2024-07-23 08:00:00,239.54,electronics,pos,CA,33,191,0,0
4905,2024-07-23 09:00:00,8.06,fuel,mobile,CA,34,371,0,0
4906,2024-07-23 10:00:00,10.38,restaurant,mobile,GB,31,98,0,0
4907,2024-07-23 11:00:00,36.35,grocery,mobile,FR,19,291,0,0
4908,2024-07-23 12:00:00,134.15,electronics,pos,CA,65,553,0,0
4909,2024-07-23 13:00:00,213.47,grocery,pos,MX,47,579,0,0
4910,2024-07-23 14:00:00,13.94,grocery,web,CA,20,498,0,0
4911,2024-07-23 15:00:00,109.18,fuel,pos,MX,31,158,0,0
4912,2024-07-23 16:00:00,47.29,ecommerce,pos,CA,54,87,0,0
4913,2024-07-23 17:00:00,21.23,restaurant,atm,GB,74,527,0,0
4914,2024-07-23 18:00:00,51.82,ecommerce,pos,CA,63,242,0,0
4915,2024-07-23 19:00:00,74.67,electronics,atm,CA,54,276,0,0
4916,2024-07-23 20:00:00,152.27,electronics,web,FR,30,256,0,0
4917,2024-07-23 21:00:00,95.66,travel,mobile,CA,37,80,0,0
4918,2024-07-23 22:00:00,7.67,restaurant,pos,CA,71,433,0,0
4919,2024-07-23 23:00:00,47.19,ecommerce,mobile,CA,70,143,0,0
4920,2024-07-24 00:00:00,90.58,ecommerce,web,US,77,140,1,1
4921,2024-07-24 01:00:00,9.27,grocery,atm,CA,53,454,1,0
4922,2024-07-24 02:00:00,101.39,ecommerce,pos,US,36,428,1,0
4923,2024-07-24 03:00:00,78.99,restaurant,pos,CA,52,496,1,0
4924,2024-07-24 04:00:00,103.42,fuel,atm,US,78,424,1,0
4925,2024-07-24 05:00:00,81.39,ecommerce,pos,FR,30,23,1,1
4926,2024-07-24 06:00:00,6.46,grocery,mobile,CA,75,250,0,0
4927,2024-07-24 07:00:00,48.9,fuel,pos,US,85,246,0,0
4928,2024-07-24 08:00:00,234.68,electronics,pos,CA,73,193,0,0
4929,2024-07-24 09:00:00,32.09,ecommerce,web,CA,62,296,0,0
4930,2024-07-24 10:00:00,92.05,electronics,web,GB,45,298,0,0
4931,2024-07-24 11:00:00,210.93,travel,web,FR,76,369,0,0
4932,2024-07-24 12:00:00,490.94,electronics,web,GB,28,576,0,1
4933,2024-07-24 13:00:00,47.71,ecommerce,mobile,IN,69,391,0,0
4934,2024-07-24 14:00:00,304.42,travel,atm,CA,45,560,0,0
4935,2024-07-24 15:00:00,43.55,grocery,pos,US,52,499,0,0
4936,2024-07-24 16:00:00,71.87,ecommerce,pos,CA,49,441,0,0
4937,2024-07-24 17:00:00,325.45,electronics,pos,IN,18,164,0,0
4938,2024-07-24 18:00:00,64.59,travel,mobile,US,85,347,0,0
4939,2024-07-24 19:00:00,40.31,grocery,pos,CA,63,67,0,0
4940,2024-07-24 20:00:00,27.98,restaurant,mobile,GB,58,555,0,1
4941,2024-07-24 21:00:00,8.44,grocery,web,US,24,112,0,0
4942,2024-07-24 22:00:00,413.9,travel,web,IN,70,143,0,0
4943,2024-07-24 23:00:00,57.57,restaurant,mobile,GB,83,563,0,0
4944,2024-07-25 00:00:00,28.14,fuel,web,FR,73,73,1,0
4945,2024-07-25 01:00:00,77.68,electronics,web,CA,34,328,1,0
4946,2024-07-25 02:00:00,136.52,travel,pos,CA,30,345,1,1
4947,2024-07-25 03:00:00,185.75,electronics,web,GB,42,131,1,0
4948,2024-07-25 04:00:00,143.15,travel,pos,CA,19,234,1,0
4949,2024-07-25 05:00:00,53.89,electronics,mobile,CA,55,472,1,0
4950,2024-07-25 06:00:00,37.71,ecommerce,web,IN,49,427,0,0
4951,2024-07-25 07:00:00,97.21,electronics,pos,IN,52,352,0,0
4952,2024-07-25 08:00:00,25.94,ecommerce,pos,IN,85,326,0,0
4953,2024-07-25 09:00:00,36.85,restaurant,web,CA,62,220,0,0
4954,2024-07-25 10:00:00,29.42,ecommerce,atm,CA,46,374,0,0
4955,2024-07-25 11:00:00,25.44,ecommerce,pos,FR,71,10,0,0
4956,2024-07-25 12:00:00,483.32,restaurant,pos,CA,43,42,0,0
4957,2024-07-25 13:00:00,344.18,ecommerce,web,CA,69,470,0,1
4958,2024-07-25 14:00:00,68.36,ecommerce,atm,CA,81,104,0,0
4959,2024-07-25 15:00:00,211.39,electronics,mobile,FR,79,431,0,0
4960,2024-07-25 16:00:00,82.11,grocery,pos,CA,53,9,0,0
4961,2024-07-25 17:00:00,30.61,grocery,web,CA,49,157,0,0
4962,2024-07-25 18:00:00,35.21,fuel,mobile,CA,45,563,0,0
4963,2024-07-25 19:00:00,47.43,ecommerce,mobile,CA,54,159,0,0
4964,2024-07-25 20:00:00,185.94,ecommerce,web,MX,81,590,0,0
4965,2024-07-25 21:00:00,102.68,grocery,mobile,US,77,163,0,0
4966,2024-07-25 22:00:00,244.95,ecommerce,web,US,59,382,0,0
4967,2024-07-25 23:00:00,76.3,ecommerce,pos,CA,37,402,0,0
4968,2024-07-26 00:00:00,230.49,grocery,pos,CA,43,380,1,0
4969,2024-07-26 01:00:00,127.43,travel,web,CA,34,176,1,0
4970,2024-07-26 02:00:00,861.37,travel,pos,IN,30,456,1,1
4971,2024-07-26 03:00:00,21.59,grocery,web,CA,18,186,1,0
4972,2024-07-26 04:00:00,18.68,ecommerce,mobile,CA,70,489,1,0
4973,2024-07-26 05:00:00,169.34,restaurant,mobile,CA,68,226,1,0
4974,2024-07-26 06:00:00,247.31,travel,pos,IN,30,503,0,0
4975,2024-07-26 07:00:00,95.82,ecommerce,pos,GB,64,589,0,1
4976,2024-07-26 08:00:00,19.74,fuel,mobile,CA,29,453,0,0
4977,2024-07-26 09:00:00,15.31,grocery,web,US,36,276,0,0
4978,2024-07-26 10:00:00,50.03,electronics,pos,CA,35,254,0,0
4979,2024-07-26 11:00:00,30.92,restaurant,mobile,GB,26,226,0,0
4980,2024-07-26 12:00:00,23.85,restaurant,pos,IN,67,211,0,0
4981,2024-07-26 13:00:00,10.47,ecommerce,pos,MX,20,282,0,0
4982,2024-07-26 14:00:00,275.8,ecommerce,mobile,FR,45,291,0,1
4983,2024-07-26 15:00:00,22.45,grocery,web,CA,51,432,0,0
4984,2024-07-26 16:00:00,183.07,ecommerce,web,CA,57,534,0,0
4985,2024-07-26 17:00:00,31.82,ecommerce,mobile,US,31,531,0,0
4986,2024-07-26 18:00:00,156.91,travel,atm,MX,50,363,0,0
4987,2024-07-26 19:00:00,78.59,grocery,pos,CA,71,595,0,0
4988,2024-07-26 20:00:00,57.84,restaurant,web,CA,43,537,0,0
4989,2024-07-26 21:00:00,25.74,grocery,pos,CA,82,292,0,0
4990,2024-07-26 22:00:00,51.81,grocery,web,CA,47,247,0,0
4991,2024-07-26 23:00:00,50.16,restaurant,web,FR,70,276,0,0
4992,2024-07-27 00:00:00,86.03,electronics,web,CA,25,14,1,0
4993,2024-07-27 01:00:00,22.04,ecommerce,pos,GB,75,198,1,0
4994,2024-07-27 02:00:00,77.8,travel,mobile,CA,50,230,1,0
4995,2024-07-27 03:00:00,42.69,ecommerce,web,US,85,468,1,0
4996,2024-07-27 04:00:00,33.54,grocery,mobile,IN,65,157,1,0
4997,2024-07-27 05:00:00,114.43,fuel,web,GB,68,394,1,1
4998,2024-07-27 06:00:00,135.92,ecommerce,mobile,GB,28,193,0,0
4999,2024-07-27 07:00:00,65.49,travel,web,CA,56,218,0,0
5000,2024-07-27 08:00:00,171.07,grocery,web,CA,68,41,0,0
5001,2024-07-27 09:00:00,127.15,travel,mobile,MX,73,311,0,0
5002,2024-07-27 10:00:00,179.98,electronics,mobile,GB,43,58,0,0
5003,2024-07-27 11:00:00,14.07,grocery,web,GB,56,123,0,0
5004,2024-07-27 12:00:00,21.81,grocery,web,MX,29,301,0,0
5005,2024-07-27 13:00:00,152.85,ecommerce,web,CA,47,417,0,0
5006,2024-07-27 14:00:00,44.56,electronics,web,CA,50,242,0,0
5007,2024-07-27 15:00:00,143.44,travel,web,IN,20,151,0,0
5008,2024-07-27 16:00:00,150.15,electronics,mobile,US,80,539,0,0
5009,2024-07-27 17:00:00,23.92,ecommerce,web,GB,61,210,0,0
5010,2024-07-27 18:00:00,12.13,ecommerce,web,US,30,192,0,0
5011,2024-07-27 19:00:00,61.78,fuel,web,IN,79,40,0,0
5012,2024-07-27 20:00:00,431.05,grocery,atm,FR,65,211,0,1
5013,2024-07-27 21:00:00,148.53,electronics,pos,CA,65,132,0,1
5014,2024-07-27 22:00:00,58.84,grocery,pos,FR,81,212,0,0
5015,2024-07-27 23:00:00,27.1,ecommerce,pos,CA,45,117,0,0
5016,2024-07-28 00:00:00,102.47,fuel,mobile,CA,42,118,1,0
5017,2024-07-28 01:00:00,19.45,fuel,web,FR,59,441,1,0
5018,2024-07-28 02:00:00,389.02,travel,web,CA,78,285,1,1
5019,2024-07-28 03:00:00,103.74,ecommerce,pos,CA,73,417,1,0
5020,2024-07-28 04:00:00,48.2,restaurant,mobile,US,71,346,1,0
5021,2024-07-28 05:00:00,167.63,electronics,web,IN,69,323,1,1
5022,2024-07-28 06:00:00,45.25,restaurant,web,CA,20,280,0,0
5023,2024-07-28 07:00:00,176.15,travel,pos,MX,51,232,0,0
5024,2024-07-28 08:00:00,326.56,travel,pos,CA,42,157,0,1
5025,2024-07-28 09:00:00,71.01,travel,pos,CA,42,534,0,0
5026,2024-07-28 10:00:00,48.44,ecommerce,web,MX,76,245,0,0
5027,2024-07-28 11:00:00,225.11,ecommerce,web,US,44,531,0,0
5028,2024-07-28 12:00:00,159.48,travel,pos,GB,74,461,0,0
5029,2024-07-28 13:00:00,24.43,grocery,pos,MX,79,362,0,0
5030,2024-07-28 14:00:00,83.14,grocery,pos,IN,48,506,0,0
5031,2024-07-28 15:00:00,58.01,restaurant,web,GB,29,395,0,1
5032,2024-07-28 16:00:00,10.17,grocery,pos,CA,65,490,0,0
5033,2024-07-28 17:00:00,52.66,fuel,pos,GB,76,478,0,0
5034,2024-07-28 18:00:00,154.45,travel,pos,US,45,388,0,0
5035,2024-07-28 19:00:00,62.17,grocery,mobile,CA,31,434,0,0
5036,2024-07-28 20:00:00,27.56,restaurant,atm,US,53,491,0,0
5037,2024-07-28 21:00:00,49.75,grocery,web,GB,84,135,0,0
5038,2024-07-28 22:00:00,5.25,restaurant,pos,CA,53,526,0,0
5039,2024-07-28 23:00:00,43.92,electronics,atm,CA,48,302,0,0
5040,2024-07-29 00:00:00,116.91,ecommerce,atm,CA,47,73,1,0
5041,2024-07-29 01:00:00,346.7,grocery,web,CA,67,91,1,0
5042,2024-07-29 02:00:00,83.58,ecommerce,pos,FR,41,450,1,1
5043,2024-07-29 03:00:00,32.19,ecommerce,mobile,CA,67,486,1,1
5044,2024-07-29 04:00:00,67.84,ecommerce,atm,GB,85,393,1,0
5045,2024-07-29 05:00:00,12.22,restaurant,mobile,GB,70,392,1,0
5046,2024-07-29 06:00:00,184.96,ecommerce,web,CA,81,520,0,0
5047,2024-07-29 07:00:00,102.62,electronics,web,CA,71,588,0,0
5048,2024-07-29 08:00:00,84.53,grocery,atm,CA,75,499,0,0
5049,2024-07-29 09:00:00,23.78,restaurant,pos,CA,20,82,0,0
5050,2024-07-29 10:00:00,167.85,ecommerce,pos,CA,42,482,0,0
5051,2024-07-29 11:00:00,13.93,ecommerce,mobile,CA,36,306,0,0
5052,2024-07-29 12:00:00,27.91,fuel,pos,GB,76,479,0,0
5053,2024-07-29 13:00:00,53.24,grocery,web,US,33,435,0,0
5054,2024-07-29 14:00:00,77.19,electronics,pos,CA,83,407,0,0
5055,2024-07-29 15:00:00,83.0,ecommerce,pos,CA,65,521,0,0
5056,2024-07-29 16:00:00,37.16,fuel,pos,FR,26,90,0,0
5057,2024-07-29 17:00:00,70.16,fuel,web,CA,64,512,0,0
5058,2024-07-29 18:00:00,238.81,travel,web,MX,41,208,0,0
5059,2024-07-29 19:00:00,46.66,grocery,web,CA,38,121,0,0
5060,2024-07-29 20:00:00,72.29,grocery,pos,IN,85,432,0,0
5061,2024-07-29 21:00:00,9.69,grocery,atm,CA,71,590,0,0
5062,2024-07-29 22:00:00,30.51,ecommerce,web,CA,69,52,0,0
5063,2024-07-29 23:00:00,9.42,grocery,atm,US,39,589,0,0
5064,2024-07-30 00:00:00,44.73,restaurant,web,CA,63,205,1,1
5065,2024-07-30 01:00:00,39.62,fuel,pos,MX,41,582,1,0
5066,2024-07-30 02:00:00,474.88,travel,mobile,CA,59,29,1,1
5067,2024-07-30 03:00:00,82.42,ecommerce,mobile,CA,45,368,1,1
5068,2024-07-30 04:00:00,34.01,ecommerce,pos,CA,59,321,1,0
5069,2024-07-30 05:00:00,30.8,fuel,web,US,68,499,1,0
5070,2024-07-30 06:00:00,11.11,ecommerce,mobile,FR,39,283,0,0
5071,2024-07-30 07:00:00,41.59,ecommerce,pos,CA,18,45,0,0
5072,2024-07-30 08:00:00,5.0,fuel,web,FR,24,110,0,0
5073,2024-07-30 09:00:00,36.69,fuel,pos,GB,79,153,0,0
5074,2024-07-30 10:00:00,21.23,restaurant,pos,CA,83,523,0,0
5075,2024-07-30 11:00:00,53.32,ecommerce,mobile,CA,65,55,0,0
5076,2024-07-30 12:00:00,11.8,fuel,web,CA,25,504,0,0
5077,2024-07-30 13:00:00,17.94,grocery,mobile,CA,57,303,0,0
5078,2024-07-30 14:00:00,112.02,ecommerce,mobile,GB,47,339,0,0
5079,2024-07-30 15:00:00,26.99,electronics,atm,CA,34,579,0,0
5080,2024-07-30 16:00:00,51.64,grocery,web,CA,43,461,0,0
5081,2024-07-30 17:00:00,65.77,travel,web,MX,71,390,0,0
5082,2024-07-30 18:00:00,13.23,ecommerce,pos,CA,85,495,0,0
5083,2024-07-30 19:00:00,98.78,grocery,web,FR,77,277,0,0
5084,2024-07-30 20:00:00,90.3,restaurant,web,US,31,559,0,0
5085,2024-07-30 21:00:00,36.96,ecommerce,mobile,CA,52,476,0,0
5086,2024-07-30 22:00:00,59.95,electronics,web,CA,53,587,0,0
5087,2024-07-30 23:00:00,47.92,ecommerce,pos,CA,37,330,0,0
5088,2024-07-31 00:00:00,13.17,restaurant,mobile,IN,47,386,1,0
5089,2024-07-31 01:00:00,33.95,ecommerce,mobile,CA,43,275,1,0
5090,2024-07-31 02:00:00,90.05,ecommerce,web,FR,22,555,1,0
5091,2024-07-31 03:00:00,635.42,electronics,mobile,IN,46,378,1,1
5092,2024-07-31 04:00:00,43.64,ecommerce,web,CA,42,95,1,0
5093,2024-07-31 05:00:00,150.82,ecommerce,mobile,MX,38,307,1,1
5094,2024-07-31 06:00:00,37.5,restaurant,web,US,59,80,0,0
5095,2024-07-31 07:00:00,6.06,fuel,web,CA,66,385,0,0
5096,2024-07-31 08:00:00,96.14,electronics,pos,IN,21,420,0,1
5097,2024-07-31 09:00:00,119.25,travel,pos,CA,41,482,0,0
5098,2024-07-31 10:00:00,367.19,electronics,mobile,FR,20,92,0,0
5099,2024-07-31 11:00:00,105.79,restaurant,web,US,73,277,0,0
5100,2024-07-31 12:00:00,38.32,fuel,pos,CA,81,212,0,0
5101,2024-07-31 13:00:00,179.14,ecommerce,pos,CA,49,249,0,0
5102,2024-07-31 14:00:00,28.72,grocery,web,CA,82,564,0,0
5103,2024-07-31 15:00:00,373.8,travel,mobile,CA,60,335,0,1
5104,2024-07-31 16:00:00,107.56,electronics,web,MX,77,266,0,0
5105,2024-07-31 17:00:00,73.31,fuel,mobile,CA,82,543,0,0
5106,2024-07-31 18:00:00,96.41,grocery,mobile,IN,57,319,0,0
5107,2024-07-31 19:00:00,114.45,ecommerce,pos,CA,48,254,0,0
5108,2024-07-31 20:00:00,14.01,fuel,mobile,CA,68,324,0,0
5109,2024-07-31 21:00:00,67.31,electronics,pos,CA,29,509,0,0
5110,2024-07-31 22:00:00,64.47,grocery,web,CA,38,272,0,0
5111,2024-07-31 23:00:00,305.03,travel,pos,US,55,370,0,0
5112,2024-08-01 00:00:00,113.33,electronics,pos,CA,31,107,1,1
5113,2024-08-01 01:00:00,20.61,restaurant,pos,US,51,7,1,0
5114,2024-08-01 02:00:00,38.92,grocery,pos,US,76,40,1,0
5115,2024-08-01 03:00:00,21.25,restaurant,mobile,CA,71,286,1,0
5116,2024-08-01 04:00:00,106.77,travel,web,CA,78,431,1,0
5117,2024-08-01 05:00:00,573.53,electronics,atm,CA,76,126,1,1
5118,2024-08-01 06:00:00,21.35,grocery,web,CA,40,566,0,0
5119,2024-08-01 07:00:00,43.11,fuel,web,GB,66,90,0,0
5120,2024-08-01 08:00:00,156.64,travel,pos,CA,43,418,0,0
5121,2024-08-01 09:00:00,19.91,ecommerce,web,CA,84,140,0,0
5122,2024-08-01 10:00:00,19.31,ecommerce,web,CA,30,35,0,0
5123,2024-08-01 11:00:00,25.38,fuel,atm,CA,36,428,0,0
5124,2024-08-01 12:00:00,5.0,fuel,atm,IN,82,311,0,0
5125,2024-08-01 13:00:00,170.13,grocery,pos,FR,34,377,0,0
5126,2024-08-01 14:00:00,43.37,ecommerce,web,GB,60,565,0,0
5127,2024-08-01 15:00:00,21.98,grocery,mobile,CA,37,322,0,0
5128,2024-08-01 16:00:00,82.07,restaurant,web,CA,37,505,0,0
5129,2024-08-01 17:00:00,24.05,restaurant,pos,CA,63,297,0,0
5130,2024-08-01 18:00:00,107.9,ecommerce,mobile,GB,72,209,0,0
5131,2024-08-01 19:00:00,19.57,grocery,mobile,CA,33,233,0,0
5132,2024-08-01 20:00:00,34.13,grocery,pos,CA,84,207,0,0
5133,2024-08-01 21:00:00,65.27,fuel,web,US,24,532,0,0
5134,2024-08-01 22:00:00,12.57,restaurant,pos,GB,24,307,0,0
5135,2024-08-01 23:00:00,43.9,fuel,atm,CA,84,560,0,0
5136,2024-08-02 00:00:00,5.0,grocery,pos,CA,21,151,1,0
5137,2024-08-02 01:00:00,102.32,grocery,pos,IN,39,459,1,0
5138,2024-08-02 02:00:00,36.4,ecommerce,pos,CA,26,69,1,0
5139,2024-08-02 03:00:00,25.27,restaurant,mobile,IN,33,173,1,0
5140,2024-08-02 04:00:00,124.98,travel,mobile,CA,23,20,1,0
5141,2024-08-02 05:00:00,11.35,fuel,pos,IN,42,549,1,0
5142,2024-08-02 06:00:00,23.31,ecommerce,pos,IN,38,179,0,0
5143,2024-08-02 07:00:00,43.64,restaurant,mobile,CA,28,492,0,0
5144,2024-08-02 08:00:00,100.16,ecommerce,web,GB,66,255,0,0
5145,2024-08-02 09:00:00,44.3,electronics,pos,CA,20,74,0,0
5146,2024-08-02 10:00:00,44.43,restaurant,atm,CA,50,206,0,0
5147,2024-08-02 11:00:00,45.1,fuel,pos,CA,38,205,0,0
5148,2024-08-02 12:00:00,19.42,restaurant,web,US,62,305,0,0
5149,2024-08-02 13:00:00,18.75,ecommerce,pos,CA,40,196,0,0
5150,2024-08-02 14:00:00,131.96,travel,mobile,CA,50,406,0,0
5151,2024-08-02 15:00:00,45.5,grocery,mobile,IN,73,438,0,0
5152,2024-08-02 16:00:00,25.89,fuel,web,FR,27,93,0,0
5153,2024-08-02 17:00:00,19.22,grocery,mobile,CA,47,314,0,0
5154,2024-08-02 18:00:00,49.87,grocery,atm,CA,56,347,0,0
5155,2024-08-02 19:00:00,102.31,grocery,mobile,CA,68,160,0,0
5156,2024-08-02 20:00:00,30.03,ecommerce,web,CA,54,463,0,0
5157,2024-08-02 21:00:00,104.38,travel,web,IN,68,138,0,0
5158,2024-08-02 22:00:00,322.36,fuel,mobile,IN,72,523,0,0
5159,2024-08-02 23:00:00,78.03,ecommerce,pos,CA,71,274,0,0
5160,2024-08-03 00:00:00,8.73,restaurant,pos,CA,59,219,1,0
5161,2024-08-03 01:00:00,17.76,restaurant,pos,CA,80,400,1,0
5162,2024-08-03 02:00:00,16.58,grocery,mobile,CA,19,372,1,0
5163,2024-08-03 03:00:00,84.58,ecommerce,pos,CA,51,305,1,0
5164,2024-08-03 04:00:00,180.05,travel,pos,CA,72,412,1,0
5165,2024-08-03 05:00:00,55.42,electronics,web,CA,25,156,1,0
5166,2024-08-03 06:00:00,319.25,ecommerce,pos,CA,73,486,0,0
5167,2024-08-03 07:00:00,106.1,electronics,pos,FR,20,372,0,0
5168,2024-08-03 08:00:00,21.74,grocery,web,GB,71,128,0,0
5169,2024-08-03 09:00:00,20.01,ecommerce,pos,CA,30,600,0,0
5170,2024-08-03 10:00:00,43.93,electronics,atm,CA,63,520,0,0
5171,2024-08-03 11:00:00,44.47,travel,pos,FR,74,106,0,0
5172,2024-08-03 12:00:00,82.79,electronics,mobile,CA,73,471,0,0
5173,2024-08-03 13:00:00,14.77,grocery,web,FR,57,317,0,0
5174,2024-08-03 14:00:00,66.34,grocery,pos,CA,79,462,0,0
5175,2024-08-03 15:00:00,19.36,grocery,pos,IN,27,225,0,0
5176,2024-08-03 16:00:00,69.78,grocery,web,CA,34,146,0,0
5177,2024-08-03 17:00:00,50.98,grocery,web,GB,27,131,0,0
5178,2024-08-03 18:00:00,48.8,fuel,pos,CA,66,39,0,0
5179,2024-08-03 19:00:00,61.19,fuel,atm,GB,78,526,0,0
5180,2024-08-03 20:00:00,820.8,travel,web,US,81,187,0,0
5181,2024-08-03 21:00:00,27.97,ecommerce,atm,CA,53,575,0,0
5182,2024-08-03 22:00:00,70.15,grocery,pos,GB,26,135,0,0
5183,2024-08-03 23:00:00,195.31,travel,pos,CA,29,210,0,1
5184,2024-08-04 00:00:00,85.3,grocery,web,CA,60,528,1,0
5185,2024-08-04 01:00:00,30.16,restaurant,pos,CA,78,208,1,0
5186,2024-08-04 02:00:00,94.4,grocery,pos,GB,85,455,1,0
5187,2024-08-04 03:00:00,8.54,fuel,pos,FR,67,55,1,0
5188,2024-08-04 04:00:00,11.06,restaurant,pos,CA,77,573,1,0
5189,2024-08-04 05:00:00,16.36,fuel,mobile,GB,50,371,1,0
5190,2024-08-04 06:00:00,127.61,travel,pos,IN,31,450,0,0
5191,2024-08-04 07:00:00,102.46,electronics,atm,MX,49,15,0,0
5192,2024-08-04 08:00:00,16.83,grocery,pos,CA,24,579,0,0
5193,2024-08-04 09:00:00,55.95,travel,web,CA,63,298,0,0
5194,2024-08-04 10:00:00,15.14,restaurant,web,CA,40,127,0,0
5195,2024-08-04 11:00:00,5.86,restaurant,web,CA,41,91,0,0
5196,2024-08-04 12:00:00,21.06,fuel,mobile,CA,18,52,0,0
5197,2024-08-04 13:00:00,56.98,ecommerce,mobile,GB,85,404,0,0
5198,2024-08-04 14:00:00,146.16,electronics,pos,US,47,127,0,0
5199,2024-08-04 15:00:00,31.72,fuel,web,US,71,558,0,0
5200,2024-08-04 16:00:00,301.68,ecommerce,mobile,CA,53,136,0,0
5201,2024-08-04 17:00:00,68.05,grocery,pos,CA,61,53,0,0
5202,2024-08-04 18:00:00,63.61,grocery,web,GB,49,512,0,0
5203,2024-08-04 19:00:00,37.91,fuel,pos,CA,64,467,0,0
5204,2024-08-04 20:00:00,53.05,grocery,web,IN,31,311,0,0
5205,2024-08-04 21:00:00,26.86,grocery,web,CA,85,499,0,0
5206,2024-08-04 22:00:00,35.83,grocery,web,CA,47,436,0,0
5207,2024-08-04 23:00:00,153.89,restaurant,mobile,MX,18,105,0,0
5208,2024-08-05 00:00:00,30.76,grocery,web,MX,82,249,1,0
5209,2024-08-05 01:00:00,9.88,grocery,atm,CA,19,554,1,0
5210,2024-08-05 02:00:00,51.11,fuel,mobile,MX,50,407,1,0
5211,2024-08-05 03:00:00,132.03,ecommerce,web,CA,71,373,1,0
5212,2024-08-05 04:00:00,31.37,restaurant,web,CA,43,106,1,0
5213,2024-08-05 05:00:00,5.03,restaurant,web,CA,32,321,1,0
5214,2024-08-05 06:00:00,191.19,ecommerce,mobile,US,34,99,0,0
5215,2024-08-05 07:00:00,33.57,fuel,pos,MX,64,403,0,0
5216,2024-08-05 08:00:00,45.43,ecommerce,atm,CA,57,133,0,0
5217,2024-08-05 09:00:00,95.43,grocery,web,GB,52,173,0,0
5218,2024-08-05 10:00:00,9.71,ecommerce,web,GB,52,344,0,0
5219,2024-08-05 11:00:00,36.23,grocery,web,CA,39,15,0,0
5220,2024-08-05 12:00:00,20.14,grocery,web,CA,81,420,0,0
5221,2024-08-05 13:00:00,104.56,fuel,mobile,CA,33,265,0,0
5222,2024-08-05 14:00:00,40.76,grocery,mobile,CA,74,307,0,0
5223,2024-08-05 15:00:00,15.04,grocery,pos,IN,70,446,0,0
5224,2024-08-05 16:00:00,76.04,fuel,web,GB,18,463,0,0
5225,2024-08-05 17:00:00,5.0,fuel,web,CA,29,552,0,0
5226,2024-08-05 18:00:00,51.74,grocery,mobile,CA,55,108,0,0
5227,2024-08-05 19:00:00,10.51,grocery,web,CA,28,258,0,0
5228,2024-08-05 20:00:00,21.61,grocery,pos,CA,75,57,0,0
5229,2024-08-05 21:00:00,48.36,ecommerce,mobile,CA,48,158,0,0
5230,2024-08-05 22:00:00,222.94,electronics,web,CA,74,331,0,1
5231,2024-08-05 23:00:00,198.33,restaurant,web,CA,26,78,0,0
5232,2024-08-06 00:00:00,12.11,ecommerce,mobile,CA,19,267,1,0
5233,2024-08-06 01:00:00,89.75,ecommerce,mobile,CA,61,562,1,1
5234,2024-08-06 02:00:00,713.37,electronics,mobile,CA,72,42,1,1
5235,2024-08-06 03:00:00,81.5,travel,pos,CA,85,138,1,0
5236,2024-08-06 04:00:00,18.5,grocery,pos,CA,71,169,1,0
5237,2024-08-06 05:00:00,40.51,grocery,mobile,CA,68,547,1,0
5238,2024-08-06 06:00:00,126.63,ecommerce,pos,CA,21,441,0,0
5239,2024-08-06 07:00:00,49.34,fuel,pos,IN,59,110,0,0
5240,2024-08-06 08:00:00,23.72,grocery,pos,CA,66,421,0,0
5241,2024-08-06 09:00:00,29.17,ecommerce,pos,US,44,10,0,0
5242,2024-08-06 10:00:00,196.34,ecommerce,atm,CA,85,479,0,0
5243,2024-08-06 11:00:00,29.91,ecommerce,pos,CA,85,134,0,0
5244,2024-08-06 12:00:00,5.0,fuel,pos,CA,76,427,0,0
5245,2024-08-06 13:00:00,36.9,travel,atm,GB,77,296,0,0
5246,2024-08-06 14:00:00,16.25,fuel,atm,IN,56,440,0,0
5247,2024-08-06 15:00:00,125.52,grocery,pos,CA,73,209,0,0
5248,2024-08-06 16:00:00,11.24,grocery,mobile,CA,22,319,0,0
5249,2024-08-06 17:00:00,386.65,electronics,pos,GB,33,545,0,0
5250,2024-08-06 18:00:00,88.5,fuel,mobile,CA,63,482,0,0
5251,2024-08-06 19:00:00,40.12,grocery,pos,CA,26,327,0,0
5252,2024-08-06 20:00:00,6.06,ecommerce,web,FR,73,554,0,0
5253,2024-08-06 21:00:00,33.86,electronics,pos,CA,30,70,0,0
5254,2024-08-06 22:00:00,55.57,electronics,mobile,US,41,420,0,0
5255,2024-08-06 23:00:00,129.6,restaurant,pos,CA,35,375,0,0
5256,2024-08-07 00:00:00,81.78,travel,web,CA,54,154,1,0
5257,2024-08-07 01:00:00,29.95,ecommerce,mobile,IN,23,233,1,0
5258,2024-08-07 02:00:00,71.15,ecommerce,pos,CA,73,243,1,0
5259,2024-08-07 03:00:00,9.21,grocery,mobile,CA,78,408,1,0
5260,2024-08-07 04:00:00,133.5,travel,web,CA,68,375,1,0
5261,2024-08-07 05:00:00,66.53,travel,pos,CA,30,472,1,0
5262,2024-08-07 06:00:00,368.02,grocery,pos,CA,37,394,0,0
5263,2024-08-07 07:00:00,11.95,restaurant,pos,CA,33,592,0,0
5264,2024-08-07 08:00:00,341.13,ecommerce,pos,CA,58,498,0,0
5265,2024-08-07 09:00:00,11.74,grocery,web,CA,78,346,0,0
5266,2024-08-07 10:00:00,76.08,ecommerce,mobile,GB,77,11,0,0
5267,2024-08-07 11:00:00,42.83,restaurant,web,CA,83,220,0,0
5268,2024-08-07 12:00:00,31.01,restaurant,web,IN,64,76,0,0
5269,2024-08-07 13:00:00,29.35,fuel,mobile,CA,33,260,0,0
5270,2024-08-07 14:00:00,59.27,restaurant,pos,CA,45,596,0,0
5271,2024-08-07 15:00:00,39.74,restaurant,web,IN,38,241,0,0
5272,2024-08-07 16:00:00,84.11,electronics,mobile,FR,22,491,0,0
5273,2024-08-07 17:00:00,14.88,restaurant,pos,CA,72,270,0,0
5274,2024-08-07 18:00:00,51.74,ecommerce,web,CA,57,346,0,0
5275,2024-08-07 19:00:00,83.72,electronics,atm,FR,83,18,0,0
5276,2024-08-07 20:00:00,22.85,fuel,web,CA,75,413,0,0
5277,2024-08-07 21:00:00,105.25,electronics,atm,CA,62,148,0,0
5278,2024-08-07 22:00:00,9.21,grocery,pos,CA,20,276,0,0
5279,2024-08-07 23:00:00,38.98,electronics,web,GB,48,593,0,0
5280,2024-08-08 00:00:00,57.71,restaurant,pos,US,50,134,1,0
5281,2024-08-08 01:00:00,7.92,ecommerce,pos,CA,63,557,1,0
5282,2024-08-08 02:00:00,80.17,restaurant,atm,IN,56,498,1,0
5283,2024-08-08 03:00:00,36.32,ecommerce,pos,CA,71,29,1,0
5284,2024-08-08 04:00:00,147.19,grocery,atm,GB,19,221,1,0
5285,2024-08-08 05:00:00,98.77,grocery,mobile,CA,25,588,1,0
5286,2024-08-08 06:00:00,73.19,electronics,atm,MX,82,272,0,0
5287,2024-08-08 07:00:00,22.32,fuel,atm,CA,47,475,0,0
5288,2024-08-08 08:00:00,251.95,ecommerce,web,CA,73,552,0,0
5289,2024-08-08 09:00:00,429.32,travel,atm,CA,76,1,0,1
5290,2024-08-08 10:00:00,144.14,ecommerce,mobile,FR,26,439,0,1
5291,2024-08-08 11:00:00,76.45,fuel,web,CA,65,548,0,0
5292,2024-08-08 12:00:00,10.26,restaurant,mobile,CA,29,347,0,0
5293,2024-08-08 13:00:00,164.2,travel,pos,CA,28,577,0,0
5294,2024-08-08 14:00:00,49.13,electronics,pos,US,34,420,0,0
5295,2024-08-08 15:00:00,50.12,travel,pos,MX,69,377,0,0
5296,2024-08-08 16:00:00,31.64,restaurant,web,CA,24,74,0,0
5297,2024-08-08 17:00:00,41.38,ecommerce,pos,CA,63,473,0,0
5298,2024-08-08 18:00:00,51.71,ecommerce,web,MX,43,514,0,0
5299,2024-08-08 19:00:00,20.89,grocery,mobile,CA,35,199,0,0
5300,2024-08-08 20:00:00,8.83,fuel,mobile,CA,34,94,0,0
5301,2024-08-08 21:00:00,628.54,travel,mobile,CA,41,343,0,0
5302,2024-08-08 22:00:00,113.07,electronics,atm,CA,41,564,0,0
5303,2024-08-08 23:00:00,16.4,ecommerce,mobile,IN,39,439,0,1
5304,2024-08-09 00:00:00,38.59,grocery,web,US,53,487,1,0
5305,2024-08-09 01:00:00,536.75,travel,pos,CA,85,337,1,0
5306,2024-08-09 02:00:00,64.7,restaurant,atm,FR,48,251,1,0
5307,2024-08-09 03:00:00,37.65,ecommerce,pos,CA,30,183,1,0
5308,2024-08-09 04:00:00,20.99,grocery,pos,IN,59,485,1,0
5309,2024-08-09 05:00:00,25.38,ecommerce,pos,CA,74,390,1,0
5310,2024-08-09 06:00:00,30.79,ecommerce,web,FR,58,449,0,0
5311,2024-08-09 07:00:00,33.13,ecommerce,mobile,FR,54,503,0,0
5312,2024-08-09 08:00:00,16.02,ecommerce,pos,FR,63,588,0,0
5313,2024-08-09 09:00:00,91.53,travel,mobile,CA,77,502,0,0
5314,2024-08-09 10:00:00,81.85,ecommerce,pos,FR,23,268,0,0
5315,2024-08-09 11:00:00,41.38,ecommerce,pos,MX,84,79,0,0
5316,2024-08-09 12:00:00,39.84,grocery,pos,CA,78,336,0,0
5317,2024-08-09 13:00:00,117.52,restaurant,pos,CA,83,267,0,0
5318,2024-08-09 14:00:00,313.38,ecommerce,mobile,US,51,562,0,1
5319,2024-08-09 15:00:00,56.5,ecommerce,pos,IN,76,23,0,0
5320,2024-08-09 16:00:00,72.34,grocery,pos,GB,23,514,0,0
5321,2024-08-09 17:00:00,117.48,travel,pos,CA,46,380,0,0
5322,2024-08-09 18:00:00,17.6,restaurant,mobile,US,77,42,0,0
5323,2024-08-09 19:00:00,11.99,grocery,atm,CA,36,145,0,0
5324,2024-08-09 20:00:00,35.41,grocery,mobile,CA,69,37,0,0
5325,2024-08-09 21:00:00,86.93,grocery,web,GB,39,559,0,0
5326,2024-08-09 22:00:00,43.35,travel,atm,US,58,387,0,0
5327,2024-08-09 23:00:00,21.08,restaurant,pos,GB,62,371,0,0
5328,2024-08-10 00:00:00,44.41,ecommerce,pos,CA,77,312,1,0
5329,2024-08-10 01:00:00,75.0,ecommerce,web,CA,41,240,1,0
5330,2024-08-10 02:00:00,124.5,electronics,pos,MX,71,102,1,0
5331,2024-08-10 03:00:00,159.38,electronics,web,CA,47,439,1,0
5332,2024-08-10 04:00:00,331.16,ecommerce,web,IN,44,79,1,1
5333,2024-08-10 05:00:00,14.97,grocery,pos,IN,23,124,1,0
5334,2024-08-10 06:00:00,26.11,ecommerce,web,FR,23,587,0,0
5335,2024-08-10 07:00:00,122.78,electronics,web,FR,70,54,0,0
5336,2024-08-10 08:00:00,363.3,electronics,pos,CA,25,571,0,0
5337,2024-08-10 09:00:00,36.6,travel,mobile,CA,25,52,0,0
5338,2024-08-10 10:00:00,132.43,electronics,mobile,GB,30,292,0,1
5339,2024-08-10 11:00:00,50.1,ecommerce,pos,CA,40,350,0,1
5340,2024-08-10 12:00:00,129.56,ecommerce,pos,FR,29,68,0,0
5341,2024-08-10 13:00:00,57.66,grocery,pos,CA,58,534,0,0
5342,2024-08-10 14:00:00,28.52,restaurant,pos,FR,73,575,0,0
5343,2024-08-10 15:00:00,211.68,travel,pos,CA,54,133,0,0
5344,2024-08-10 16:00:00,33.21,ecommerce,pos,FR,63,133,0,0
5345,2024-08-10 17:00:00,67.31,grocery,mobile,CA,78,456,0,0
5346,2024-08-10 18:00:00,342.29,electronics,mobile,US,78,223,0,1
5347,2024-08-10 19:00:00,107.55,electronics,mobile,IN,62,22,0,1
5348,2024-08-10 20:00:00,94.55,travel,web,CA,22,450,0,0
5349,2024-08-10 21:00:00,28.75,grocery,mobile,CA,71,212,0,0
5350,2024-08-10 22:00:00,55.57,restaurant,mobile,CA,69,244,0,0
5351,2024-08-10 23:00:00,94.64,electronics,mobile,US,38,392,0,0
5352,2024-08-11 00:00:00,46.37,travel,mobile,US,29,346,1,0
5353,2024-08-11 01:00:00,321.56,travel,mobile,US,26,496,1,1
5354,2024-08-11 02:00:00,11.27,restaurant,mobile,CA,36,479,1,0
5355,2024-08-11 03:00:00,40.0,restaurant,web,CA,68,566,1,0
5356,2024-08-11 04:00:00,25.45,travel,pos,FR,82,551,1,0
5357,2024-08-11 05:00:00,66.2,ecommerce,pos,MX,28,380,1,0
5358,2024-08-11 06:00:00,56.48,ecommerce,web,CA,46,334,0,0
5359,2024-08-11 07:00:00,16.73,electronics,pos,CA,74,278,0,0
5360,2024-08-11 08:00:00,184.16,travel,pos,CA,23,399,0,0
5361,2024-08-11 09:00:00,12.16,grocery,pos,GB,82,36,0,0
5362,2024-08-11 10:00:00,35.36,grocery,pos,MX,19,241,0,0
5363,2024-08-11 11:00:00,18.85,restaurant,atm,US,37,165,0,0
5364,2024-08-11 12:00:00,7.2,restaurant,web,US,20,334,0,0
5365,2024-08-11 13:00:00,10.65,restaurant,pos,FR,69,554,0,0
5366,2024-08-11 14:00:00,25.18,ecommerce,web,CA,47,289,0,0
5367,2024-08-11 15:00:00,237.93,electronics,pos,CA,47,350,0,0
5368,2024-08-11 16:00:00,208.52,electronics,mobile,CA,55,242,0,0
5369,2024-08-11 17:00:00,432.84,ecommerce,mobile,IN,38,205,0,1
5370,2024-08-11 18:00:00,20.67,grocery,pos,US,69,409,0,0
5371,2024-08-11 19:00:00,16.73,restaurant,web,CA,47,149,0,0
5372,2024-08-11 20:00:00,36.99,grocery,pos,GB,72,528,0,0
5373,2024-08-11 21:00:00,99.14,travel,mobile,CA,61,68,0,0
5374,2024-08-11 22:00:00,80.8,travel,atm,CA,63,133,0,0
5375,2024-08-11 23:00:00,103.21,electronics,atm,US,85,451,0,0
5376,2024-08-12 00:00:00,113.13,ecommerce,pos,IN,52,49,1,1
5377,2024-08-12 01:00:00,14.69,electronics,mobile,CA,38,247,1,0
5378,2024-08-12 02:00:00,19.57,grocery,mobile,CA,67,227,1,0
5379,2024-08-12 03:00:00,27.81,electronics,mobile,FR,66,562,1,1
5380,2024-08-12 04:00:00,28.52,grocery,pos,MX,50,95,1,0
5381,2024-08-12 05:00:00,145.06,electronics,web,US,40,273,1,1
5382,2024-08-12 06:00:00,268.55,electronics,pos,CA,81,276,0,0
5383,2024-08-12 07:00:00,22.17,grocery,pos,CA,35,491,0,0
5384,2024-08-12 08:00:00,66.09,ecommerce,mobile,CA,23,325,0,0
5385,2024-08-12 09:00:00,21.63,electronics,web,CA,60,78,0,0
5386,2024-08-12 10:00:00,15.1,grocery,pos,GB,23,523,0,0
5387,2024-08-12 11:00:00,39.47,grocery,mobile,MX,69,90,0,0
5388,2024-08-12 12:00:00,8.03,fuel,web,FR,75,417,0,0
5389,2024-08-12 13:00:00,83.11,restaurant,atm,CA,66,164,0,0
5390,2024-08-12 14:00:00,43.73,fuel,mobile,CA,34,73,0,0
5391,2024-08-12 15:00:00,26.61,ecommerce,mobile,GB,82,114,0,0
5392,2024-08-12 16:00:00,7.19,restaurant,mobile,CA,24,567,0,0
5393,2024-08-12 17:00:00,14.29,fuel,pos,CA,25,587,0,0
5394,2024-08-12 18:00:00,26.73,ecommerce,pos,CA,38,360,0,0
5395,2024-08-12 19:00:00,20.09,ecommerce,atm,CA,54,485,0,0
5396,2024-08-12 20:00:00,16.93,ecommerce,pos,CA,66,542,0,0
5397,2024-08-12 21:00:00,48.81,ecommerce,web,CA,37,209,0,0
5398,2024-08-12 22:00:00,189.96,electronics,web,FR,80,455,0,0
5399,2024-08-12 23:00:00,17.27,grocery,pos,CA,73,312,0,0
5400,2024-08-13 00:00:00,146.67,electronics,pos,US,33,104,1,1
5401,2024-08-13 01:00:00,24.39,grocery,web,US,22,320,1,0
5402,2024-08-13 02:00:00,104.21,ecommerce,web,CA,65,27,1,1
5403,2024-08-13 03:00:00,16.14,grocery,mobile,CA,29,364,1,0
5404,2024-08-13 04:00:00,35.15,fuel,pos,CA,37,156,1,0
5405,2024-08-13 05:00:00,109.5,electronics,web,CA,70,62,1,0
5406,2024-08-13 06:00:00,204.67,ecommerce,pos,CA,30,423,0,0
5407,2024-08-13 07:00:00,54.17,grocery,web,IN,42,209,0,0
5408,2024-08-13 08:00:00,75.62,ecommerce,pos,CA,81,268,0,0
5409,2024-08-13 09:00:00,26.18,electronics,pos,CA,64,51,0,0
5410,2024-08-13 10:00:00,37.43,ecommerce,mobile,IN,60,48,0,0
5411,2024-08-13 11:00:00,47.82,electronics,pos,GB,85,552,0,0
5412,2024-08-13 12:00:00,28.65,ecommerce,mobile,GB,70,360,0,0
5413,2024-08-13 13:00:00,33.22,grocery,pos,CA,49,242,0,0
5414,2024-08-13 14:00:00,122.06,electronics,pos,FR,63,400,0,0
5415,2024-08-13 15:00:00,35.12,fuel,pos,US,54,436,0,0
5416,2024-08-13 16:00:00,101.95,grocery,mobile,US,42,68,0,0
5417,2024-08-13 17:00:00,42.18,restaurant,web,GB,84,553,0,0
5418,2024-08-13 18:00:00,10.85,grocery,pos,CA,58,394,0,1
5419,2024-08-13 19:00:00,72.07,ecommerce,web,IN,68,185,0,0
5420,2024-08-13 20:00:00,101.62,ecommerce,web,IN,45,161,0,1
5421,2024-08-13 21:00:00,85.01,fuel,mobile,US,31,52,0,0
5422,2024-08-13 22:00:00,85.54,electronics,atm,CA,26,154,0,0
5423,2024-08-13 23:00:00,28.76,grocery,web,GB,72,202,0,0
5424,2024-08-14 00:00:00,72.09,restaurant,web,CA,53,128,1,0
5425,2024-08-14 01:00:00,160.29,travel,pos,US,53,403,1,0
5426,2024-08-14 02:00:00,6.48,restaurant,atm,CA,26,151,1,0
5427,2024-08-14 03:00:00,19.22,electronics,web,GB,71,300,1,0
5428,2024-08-14 04:00:00,143.1,restaurant,pos,IN,35,335,1,0
5429,2024-08-14 05:00:00,29.19,travel,atm,CA,58,45,1,0
5430,2024-08-14 06:00:00,51.67,ecommerce,atm,MX,41,101,0,0
5431,2024-08-14 07:00:00,60.44,fuel,web,FR,33,42,0,1
5432,2024-08-14 08:00:00,27.89,travel,pos,CA,29,415,0,0
5433,2024-08-14 09:00:00,22.69,ecommerce,mobile,CA,73,420,0,0
5434,2024-08-14 10:00:00,32.0,electronics,mobile,CA,24,77,0,0
5435,2024-08-14 11:00:00,165.7,grocery,web,FR,18,442,0,0
5436,2024-08-14 12:00:00,604.33,electronics,pos,CA,38,487,0,1
5437,2024-08-14 13:00:00,16.92,grocery,pos,CA,78,65,0,0
5438,2024-08-14 14:00:00,45.99,restaurant,pos,CA,65,70,0,0
5439,2024-08-14 15:00:00,43.23,grocery,pos,CA,73,477,0,0
5440,2024-08-14 16:00:00,25.44,grocery,mobile,CA,31,185,0,0
5441,2024-08-14 17:00:00,22.73,electronics,pos,US,83,207,0,0
5442,2024-08-14 18:00:00,784.07,electronics,web,CA,26,353,0,1
5443,2024-08-14 19:00:00,19.17,electronics,mobile,GB,20,40,0,0
5444,2024-08-14 20:00:00,33.04,restaurant,web,MX,50,263,0,0
5445,2024-08-14 21:00:00,33.53,ecommerce,pos,FR,47,200,0,0
5446,2024-08-14 22:00:00,243.48,electronics,atm,CA,37,494,0,0
5447,2024-08-14 23:00:00,128.59,ecommerce,pos,US,29,439,0,0
5448,2024-08-15 00:00:00,11.31,fuel,mobile,GB,39,172,1,0
5449,2024-08-15 01:00:00,13.41,fuel,pos,CA,43,394,1,0
5450,2024-08-15 02:00:00,8.12,grocery,web,CA,58,242,1,0
5451,2024-08-15 03:00:00,32.53,fuel,mobile,CA,42,289,1,0
5452,2024-08-15 04:00:00,186.34,electronics,web,US,34,441,1,1
5453,2024-08-15 05:00:00,22.01,grocery,web,CA,58,168,1,0
5454,2024-08-15 06:00:00,21.9,restaurant,pos,IN,57,347,0,0
5455,2024-08-15 07:00:00,152.01,fuel,web,FR,47,251,0,0
5456,2024-08-15 08:00:00,76.08,grocery,pos,MX,25,390,0,0
5457,2024-08-15 09:00:00,459.11,travel,mobile,IN,83,229,0,0
5458,2024-08-15 10:00:00,5.0,grocery,web,MX,53,562,0,0
5459,2024-08-15 11:00:00,53.61,grocery,web,CA,36,234,0,0
5460,2024-08-15 12:00:00,123.23,electronics,pos,CA,67,65,0,0
5461,2024-08-15 13:00:00,10.62,grocery,web,GB,46,294,0,0
5462,2024-08-15 14:00:00,12.8,grocery,web,CA,29,143,0,0
5463,2024-08-15 15:00:00,80.74,electronics,pos,IN,65,273,0,0
5464,2024-08-15 16:00:00,9.79,grocery,mobile,CA,24,553,0,0
5465,2024-08-15 17:00:00,47.89,electronics,pos,CA,36,61,0,0
5466,2024-08-15 18:00:00,64.87,electronics,pos,GB,63,25,0,0
5467,2024-08-15 19:00:00,54.89,grocery,mobile,FR,67,174,0,0
5468,2024-08-15 20:00:00,14.45,fuel,pos,FR,85,261,0,0
5469,2024-08-15 21:00:00,21.9,grocery,pos,CA,66,77,0,0
5470,2024-08-15 22:00:00,343.16,travel,mobile,CA,33,418,0,0
5471,2024-08-15 23:00:00,6.69,grocery,mobile,US,66,361,0,0
5472,2024-08-16 00:00:00,33.5,restaurant,pos,IN,69,421,1,0
5473,2024-08-16 01:00:00,46.51,grocery,pos,CA,63,254,1,0
5474,2024-08-16 02:00:00,143.01,electronics,web,US,68,559,1,0
5475,2024-08-16 03:00:00,20.86,grocery,web,CA,73,403,1,0
5476,2024-08-16 04:00:00,12.56,grocery,web,MX,56,553,1,0
5477,2024-08-16 05:00:00,107.17,fuel,mobile,CA,85,52,1,0
5478,2024-08-16 06:00:00,12.63,fuel,mobile,IN,61,401,0,0
5479,2024-08-16 07:00:00,9.99,restaurant,atm,CA,21,207,0,0
5480,2024-08-16 08:00:00,33.36,grocery,pos,MX,29,115,0,0
5481,2024-08-16 09:00:00,16.84,grocery,pos,GB,51,108,0,0
5482,2024-08-16 10:00:00,154.63,ecommerce,pos,CA,47,118,0,0
5483,2024-08-16 11:00:00,47.31,ecommerce,pos,CA,73,55,0,0
5484,2024-08-16 12:00:00,78.99,restaurant,web,US,63,273,0,0
5485,2024-08-16 13:00:00,40.88,restaurant,mobile,US,18,464,0,0
5486,2024-08-16 14:00:00,19.25,restaurant,pos,MX,48,278,0,0
5487,2024-08-16 15:00:00,89.28,grocery,pos,US,55,78,0,0
5488,2024-08-16 16:00:00,33.43,ecommerce,web,CA,84,425,0,0
5489,2024-08-16 17:00:00,73.67,electronics,atm,IN,62,105,0,0
5490,2024-08-16 18:00:00,96.69,ecommerce,pos,CA,30,522,0,0
5491,2024-08-16 19:00:00,167.38,travel,mobile,US,31,220,0,1
5492,2024-08-16 20:00:00,32.75,ecommerce,mobile,IN,39,0,0,0
5493,2024-08-16 21:00:00,15.07,ecommerce,web,IN,45,175,0,0
5494,2024-08-16 22:00:00,26.84,restaurant,web,CA,25,500,0,0
5495,2024-08-16 23:00:00,31.22,ecommerce,web,CA,71,552,0,0
5496,2024-08-17 00:00:00,28.04,restaurant,pos,US,22,253,1,0
5497,2024-08-17 01:00:00,41.12,ecommerce,web,CA,22,594,1,0
5498,2024-08-17 02:00:00,17.17,grocery,pos,MX,26,139,1,0
5499,2024-08-17 03:00:00,47.18,ecommerce,mobile,CA,27,253,1,0
5500,2024-08-17 04:00:00,30.66,grocery,mobile,CA,56,275,1,0
5501,2024-08-17 05:00:00,51.03,fuel,pos,CA,73,120,1,0
5502,2024-08-17 06:00:00,47.94,grocery,web,MX,82,230,0,0
5503,2024-08-17 07:00:00,898.99,travel,pos,GB,73,299,0,1
5504,2024-08-17 08:00:00,31.0,restaurant,pos,CA,64,420,0,0
5505,2024-08-17 09:00:00,32.78,ecommerce,mobile,CA,58,297,0,0
5506,2024-08-17 10:00:00,28.21,grocery,pos,CA,39,62,0,0
5507,2024-08-17 11:00:00,100.16,ecommerce,mobile,US,46,280,0,1
5508,2024-08-17 12:00:00,242.47,electronics,pos,GB,77,509,0,1
5509,2024-08-17 13:00:00,456.51,travel,mobile,FR,25,12,0,1
5510,2024-08-17 14:00:00,13.12,grocery,web,IN,74,599,0,0
5511,2024-08-17 15:00:00,86.44,fuel,web,CA,73,77,0,0
5512,2024-08-17 16:00:00,26.19,fuel,mobile,FR,21,5,0,0
5513,2024-08-17 17:00:00,26.08,ecommerce,web,CA,34,84,0,0
5514,2024-08-17 18:00:00,27.27,grocery,pos,US,39,150,0,0
5515,2024-08-17 19:00:00,81.17,restaurant,mobile,CA,80,211,0,0
5516,2024-08-17 20:00:00,49.44,grocery,pos,GB,47,498,0,0
5517,2024-08-17 21:00:00,11.0,grocery,pos,GB,70,349,0,0
5518,2024-08-17 22:00:00,11.08,grocery,web,CA,58,383,0,0
5519,2024-08-17 23:00:00,9.01,fuel,web,FR,23,527,0,0
5520,2024-08-18 00:00:00,14.13,fuel,web,FR,63,79,1,0
5521,2024-08-18 01:00:00,64.39,ecommerce,mobile,IN,61,134,1,0
5522,2024-08-18 02:00:00,21.8,ecommerce,web,CA,77,581,1,0
5523,2024-08-18 03:00:00,92.83,travel,pos,IN,80,463,1,0
5524,2024-08-18 04:00:00,212.12,ecommerce,pos,GB,57,35,1,0
5525,2024-08-18 05:00:00,117.08,restaurant,pos,US,77,135,1,0
5526,2024-08-18 06:00:00,242.44,ecommerce,mobile,CA,27,224,0,1
5527,2024-08-18 07:00:00,6.51,grocery,pos,FR,59,19,0,0
5528,2024-08-18 08:00:00,123.13,restaurant,web,GB,57,350,0,0
5529,2024-08-18 09:00:00,106.73,electronics,web,US,29,390,0,0
5530,2024-08-18 10:00:00,64.42,ecommerce,mobile,IN,54,201,0,0
5531,2024-08-18 11:00:00,68.91,restaurant,pos,CA,64,128,0,0
5532,2024-08-18 12:00:00,51.42,fuel,pos,US,46,255,0,0
5533,2024-08-18 13:00:00,11.17,ecommerce,atm,CA,63,552,0,0
5534,2024-08-18 14:00:00,56.63,electronics,web,CA,68,431,0,0
5535,2024-08-18 15:00:00,70.69,electronics,web,CA,58,560,0,0
5536,2024-08-18 16:00:00,18.14,ecommerce,mobile,CA,45,332,0,0
5537,2024-08-18 17:00:00,334.87,travel,atm,CA,36,63,0,0
5538,2024-08-18 18:00:00,219.28,ecommerce,pos,CA,62,35,0,0
5539,2024-08-18 19:00:00,32.45,grocery,atm,CA,79,117,0,0
5540,2024-08-18 20:00:00,35.72,restaurant,pos,MX,49,313,0,0
5541,2024-08-18 21:00:00,27.02,fuel,atm,CA,52,126,0,0
5542,2024-08-18 22:00:00,149.24,travel,pos,CA,80,190,0,0
5543,2024-08-18 23:00:00,373.23,travel,pos,CA,38,547,0,0
5544,2024-08-19 00:00:00,5.57,fuel,pos,CA,72,26,1,0
5545,2024-08-19 01:00:00,93.02,ecommerce,mobile,CA,35,46,1,1
5546,2024-08-19 02:00:00,27.59,restaurant,atm,IN,35,234,1,0
5547,2024-08-19 03:00:00,71.82,travel,pos,US,37,451,1,0
5548,2024-08-19 04:00:00,86.77,travel,pos,CA,21,495,1,0
5549,2024-08-19 05:00:00,142.02,fuel,pos,CA,49,172,1,0
5550,2024-08-19 06:00:00,18.18,ecommerce,pos,CA,42,174,0,0
5551,2024-08-19 07:00:00,28.15,grocery,mobile,MX,33,350,0,0
5552,2024-08-19 08:00:00,260.3,ecommerce,pos,IN,69,520,0,1
5553,2024-08-19 09:00:00,10.44,grocery,atm,CA,53,106,0,0
5554,2024-08-19 10:00:00,90.54,travel,atm,CA,31,536,0,0
5555,2024-08-19 11:00:00,28.36,restaurant,pos,US,31,484,0,0
5556,2024-08-19 12:00:00,87.07,ecommerce,web,CA,73,160,0,0
5557,2024-08-19 13:00:00,55.87,ecommerce,atm,CA,36,403,0,0
5558,2024-08-19 14:00:00,60.97,travel,mobile,MX,44,377,0,0
5559,2024-08-19 15:00:00,49.0,grocery,mobile,US,26,12,0,0
5560,2024-08-19 16:00:00,24.94,restaurant,pos,CA,72,241,0,0
5561,2024-08-19 17:00:00,105.67,ecommerce,pos,GB,42,142,0,0
5562,2024-08-19 18:00:00,75.23,grocery,mobile,CA,65,40,0,0
5563,2024-08-19 19:00:00,8.6,grocery,web,CA,45,280,0,0
5564,2024-08-19 20:00:00,69.18,restaurant,mobile,MX,72,422,0,0
5565,2024-08-19 21:00:00,47.76,ecommerce,mobile,US,45,319,0,1
5566,2024-08-19 22:00:00,286.86,travel,web,US,78,53,0,0
5567,2024-08-19 23:00:00,51.09,grocery,pos,MX,67,497,0,0
5568,2024-08-20 00:00:00,173.79,grocery,web,US,50,42,1,0
5569,2024-08-20 01:00:00,27.45,restaurant,mobile,FR,50,232,1,0
5570,2024-08-20 02:00:00,22.79,grocery,pos,US,60,341,1,0
5571,2024-08-20 03:00:00,20.65,grocery,pos,CA,65,557,1,0
5572,2024-08-20 04:00:00,10.73,fuel,atm,GB,66,453,1,0
5573,2024-08-20 05:00:00,56.49,restaurant,mobile,CA,20,116,1,0
5574,2024-08-20 06:00:00,22.29,ecommerce,web,GB,36,257,0,0
5575,2024-08-20 07:00:00,67.26,grocery,mobile,CA,47,515,0,0
5576,2024-08-20 08:00:00,22.32,restaurant,web,CA,54,148,0,0
5577,2024-08-20 09:00:00,27.92,travel,atm,MX,24,543,0,0
5578,2024-08-20 10:00:00,104.2,restaurant,mobile,US,31,320,0,0
5579,2024-08-20 11:00:00,5.0,electronics,pos,CA,49,376,0,0
5580,2024-08-20 12:00:00,91.3,electronics,web,CA,48,398,0,0
5581,2024-08-20 13:00:00,74.13,ecommerce,pos,GB,59,581,0,0
5582,2024-08-20 14:00:00,7.54,ecommerce,mobile,IN,22,413,0,0
5583,2024-08-20 15:00:00,146.19,electronics,mobile,CA,72,246,0,0
5584,2024-08-20 16:00:00,53.78,electronics,web,CA,38,354,0,0
5585,2024-08-20 17:00:00,21.83,restaurant,atm,CA,55,420,0,0
5586,2024-08-20 18:00:00,91.43,fuel,web,CA,82,359,0,0
5587,2024-08-20 19:00:00,68.29,ecommerce,mobile,CA,43,6,0,0
5588,2024-08-20 20:00:00,19.91,fuel,mobile,FR,39,541,0,0
5589,2024-08-20 21:00:00,117.08,travel,web,CA,35,165,0,0
5590,2024-08-20 22:00:00,297.02,ecommerce,pos,CA,62,391,0,0
5591,2024-08-20 23:00:00,141.45,electronics,mobile,CA,83,340,0,0
5592,2024-08-21 00:00:00,61.61,travel,mobile,CA,56,72,1,1
5593,2024-08-21 01:00:00,21.11,grocery,pos,CA,31,526,1,0
5594,2024-08-21 02:00:00,9.35,fuel,mobile,CA,82,50,1,0
5595,2024-08-21 03:00:00,90.9,travel,web,CA,20,572,1,1
5596,2024-08-21 04:00:00,116.04,restaurant,pos,US,45,553,1,0
5597,2024-08-21 05:00:00,51.71,ecommerce,mobile,CA,26,348,1,0
5598,2024-08-21 06:00:00,8.2,fuel,pos,US,20,573,0,0
5599,2024-08-21 07:00:00,40.23,fuel,web,FR,85,514,0,0
5600,2024-08-21 08:00:00,19.17,fuel,web,CA,23,540,0,0
5601,2024-08-21 09:00:00,54.3,grocery,pos,CA,79,480,0,0
5602,2024-08-21 10:00:00,21.95,restaurant,web,FR,55,558,0,0
5603,2024-08-21 11:00:00,100.24,restaurant,pos,CA,39,464,0,0
5604,2024-08-21 12:00:00,12.03,fuel,pos,CA,76,529,0,0
5605,2024-08-21 13:00:00,9.57,fuel,mobile,GB,18,66,0,0
5606,2024-08-21 14:00:00,76.17,grocery,pos,US,64,256,0,0
5607,2024-08-21 15:00:00,22.49,travel,atm,IN,70,287,0,0
5608,2024-08-21 16:00:00,51.45,ecommerce,web,CA,42,546,0,0
5609,2024-08-21 17:00:00,202.01,electronics,pos,CA,38,292,0,0
5610,2024-08-21 18:00:00,5.0,grocery,atm,CA,18,264,0,0
5611,2024-08-21 19:00:00,104.16,electronics,web,CA,19,473,0,0
5612,2024-08-21 20:00:00,15.63,ecommerce,web,CA,20,390,0,0
5613,2024-08-21 21:00:00,25.94,travel,mobile,CA,49,352,0,0
5614,2024-08-21 22:00:00,52.3,travel,mobile,CA,54,549,0,0
5615,2024-08-21 23:00:00,50.92,ecommerce,pos,CA,46,492,0,0
5616,2024-08-22 00:00:00,14.46,fuel,pos,CA,65,427,1,0
5617,2024-08-22 01:00:00,266.17,electronics,atm,CA,42,574,1,0
5618,2024-08-22 02:00:00,147.0,travel,pos,US,71,29,1,0
5619,2024-08-22 03:00:00,21.1,grocery,mobile,CA,62,333,1,0
5620,2024-08-22 04:00:00,8.4,fuel,web,GB,81,18,1,0
5621,2024-08-22 05:00:00,73.48,ecommerce,web,CA,67,475,1,0
5622,2024-08-22 06:00:00,870.7,travel,mobile,CA,26,76,0,0
5623,2024-08-22 07:00:00,72.51,travel,atm,IN,56,336,0,0
5624,2024-08-22 08:00:00,19.34,grocery,pos,IN,62,470,0,0
5625,2024-08-22 09:00:00,52.54,travel,web,CA,18,376,0,0
5626,2024-08-22 10:00:00,285.3,electronics,mobile,CA,20,35,0,0
5627,2024-08-22 11:00:00,226.35,electronics,pos,FR,19,286,0,0
5628,2024-08-22 12:00:00,21.92,grocery,mobile,CA,29,468,0,0
5629,2024-08-22 13:00:00,35.03,ecommerce,web,CA,77,576,0,0
5630,2024-08-22 14:00:00,25.68,ecommerce,pos,CA,34,539,0,0
5631,2024-08-22 15:00:00,25.25,grocery,mobile,CA,30,491,0,0
5632,2024-08-22 16:00:00,150.39,ecommerce,atm,GB,48,184,0,0
5633,2024-08-22 17:00:00,34.01,grocery,pos,US,45,451,0,0
5634,2024-08-22 18:00:00,104.38,grocery,mobile,CA,85,100,0,0
5635,2024-08-22 19:00:00,71.39,travel,pos,CA,25,198,0,0
5636,2024-08-22 20:00:00,7.49,ecommerce,pos,CA,75,170,0,0
5637,2024-08-22 21:00:00,1025.14,electronics,pos,MX,33,291,0,1
5638,2024-08-22 22:00:00,39.74,grocery,mobile,FR,39,526,0,0
5639,2024-08-22 23:00:00,55.01,fuel,pos,CA,51,518,0,0
5640,2024-08-23 00:00:00,29.56,ecommerce,pos,GB,84,536,1,0
5641,2024-08-23 01:00:00,28.83,electronics,mobile,CA,34,562,1,0
5642,2024-08-23 02:00:00,112.96,electronics,web,US,41,16,1,0
5643,2024-08-23 03:00:00,10.0,ecommerce,pos,CA,62,599,1,0
5644,2024-08-23 04:00:00,107.33,travel,pos,CA,63,527,1,0
5645,2024-08-23 05:00:00,150.71,ecommerce,mobile,CA,42,441,1,0
5646,2024-08-23 06:00:00,204.37,travel,web,FR,26,48,0,1
5647,2024-08-23 07:00:00,41.21,grocery,mobile,CA,71,439,0,0
5648,2024-08-23 08:00:00,288.49,ecommerce,pos,CA,79,406,0,0
5649,2024-08-23 09:00:00,45.92,grocery,web,FR,58,56,0,0
5650,2024-08-23 10:00:00,5.0,restaurant,mobile,GB,77,121,0,0
5651,2024-08-23 11:00:00,23.87,fuel,pos,CA,35,451,0,0
5652,2024-08-23 12:00:00,772.07,travel,pos,CA,76,100,0,1
5653,2024-08-23 13:00:00,45.46,ecommerce,web,FR,72,208,0,0
5654,2024-08-23 14:00:00,321.5,ecommerce,pos,CA,79,365,0,1
5655,2024-08-23 15:00:00,82.31,grocery,pos,CA,81,519,0,0
5656,2024-08-23 16:00:00,18.9,restaurant,atm,CA,41,170,0,0
5657,2024-08-23 17:00:00,37.16,electronics,web,CA,26,6,0,0
5658,2024-08-23 18:00:00,44.48,grocery,web,US,68,511,0,0
5659,2024-08-23 19:00:00,308.35,electronics,pos,GB,63,561,0,0
5660,2024-08-23 20:00:00,14.51,ecommerce,web,CA,62,513,0,0
5661,2024-08-23 21:00:00,36.51,grocery,web,IN,60,290,0,0
5662,2024-08-23 22:00:00,5.0,fuel,atm,US,20,432,0,0
5663,2024-08-23 23:00:00,24.13,grocery,web,US,63,76,0,0
5664,2024-08-24 00:00:00,7.39,grocery,mobile,CA,50,383,1,0
5665,2024-08-24 01:00:00,163.01,electronics,pos,CA,20,361,1,0
5666,2024-08-24 02:00:00,32.3,ecommerce,web,US,76,381,1,0
5667,2024-08-24 03:00:00,77.41,restaurant,atm,MX,19,415,1,0
5668,2024-08-24 04:00:00,83.92,travel,web,CA,33,534,1,0
5669,2024-08-24 05:00:00,55.67,electronics,mobile,CA,38,468,1,0
5670,2024-08-24 06:00:00,31.9,travel,mobile,CA,71,22,0,0
5671,2024-08-24 07:00:00,38.81,restaurant,atm,CA,23,421,0,0
5672,2024-08-24 08:00:00,93.52,ecommerce,pos,CA,44,438,0,0
5673,2024-08-24 09:00:00,63.6,fuel,pos,CA,42,332,0,0
5674,2024-08-24 10:00:00,49.23,fuel,web,CA,46,374,0,0
5675,2024-08-24 11:00:00,39.17,restaurant,atm,FR,77,49,0,0
5676,2024-08-24 12:00:00,56.0,grocery,web,GB,40,157,0,0
5677,2024-08-24 13:00:00,51.11,fuel,pos,CA,42,518,0,0
5678,2024-08-24 14:00:00,222.44,electronics,web,CA,45,1,0,0
5679,2024-08-24 15:00:00,15.19,ecommerce,pos,CA,44,591,0,0
5680,2024-08-24 16:00:00,18.02,restaurant,pos,CA,82,133,0,0
5681,2024-08-24 17:00:00,13.94,ecommerce,pos,GB,36,467,0,0
5682,2024-08-24 18:00:00,44.17,grocery,pos,CA,25,132,0,0
5683,2024-08-24 19:00:00,591.85,travel,mobile,FR,46,20,0,1
5684,2024-08-24 20:00:00,134.56,ecommerce,pos,CA,23,363,0,0
5685,2024-08-24 21:00:00,18.97,grocery,pos,IN,72,454,0,0
5686,2024-08-24 22:00:00,51.63,grocery,web,GB,78,51,0,0
5687,2024-08-24 23:00:00,44.85,grocery,pos,MX,74,162,0,0
5688,2024-08-25 00:00:00,121.22,electronics,web,IN,72,182,1,1
5689,2024-08-25 01:00:00,8.45,restaurant,pos,CA,46,578,1,0
5690,2024-08-25 02:00:00,89.16,fuel,pos,CA,65,186,1,0
5691,2024-08-25 03:00:00,11.35,grocery,mobile,CA,44,38,1,0
5692,2024-08-25 04:00:00,19.62,fuel,pos,GB,76,592,1,1
5693,2024-08-25 05:00:00,64.72,restaurant,pos,FR,31,55,1,0
5694,2024-08-25 06:00:00,70.23,electronics,pos,CA,27,292,0,0
5695,2024-08-25 07:00:00,64.5,ecommerce,pos,MX,84,109,0,0
5696,2024-08-25 08:00:00,36.48,grocery,pos,CA,42,151,0,0
5697,2024-08-25 09:00:00,28.97,restaurant,pos,CA,39,452,0,0
5698,2024-08-25 10:00:00,30.28,restaurant,pos,US,63,81,0,0
5699,2024-08-25 11:00:00,39.71,grocery,pos,CA,41,391,0,0
5700,2024-08-25 12:00:00,105.11,electronics,mobile,CA,68,340,0,1
5701,2024-08-25 13:00:00,14.63,grocery,pos,GB,47,437,0,0
5702,2024-08-25 14:00:00,8.12,grocery,pos,CA,71,96,0,0
5703,2024-08-25 15:00:00,241.31,electronics,web,CA,23,212,0,0
5704,2024-08-25 16:00:00,69.84,fuel,pos,CA,67,2,0,0
5705,2024-08-25 17:00:00,81.37,ecommerce,mobile,CA,40,528,0,0
5706,2024-08-25 18:00:00,36.71,restaurant,pos,MX,46,594,0,0
5707,2024-08-25 19:00:00,43.13,electronics,web,FR,81,268,0,0
5708,2024-08-25 20:00:00,5.0,grocery,atm,CA,50,318,0,0
5709,2024-08-25 21:00:00,109.12,travel,pos,GB,23,80,0,0
5710,2024-08-25 22:00:00,17.82,electronics,pos,GB,49,526,0,0
5711,2024-08-25 23:00:00,32.23,fuel,web,GB,34,461,0,0
5712,2024-08-26 00:00:00,88.29,restaurant,atm,US,50,69,1,1
5713,2024-08-26 01:00:00,56.44,electronics,web,CA,32,318,1,0
5714,2024-08-26 02:00:00,19.81,grocery,mobile,GB,61,103,1,0
5715,2024-08-26 03:00:00,13.25,grocery,pos,CA,33,356,1,0
5716,2024-08-26 04:00:00,102.27,electronics,mobile,CA,49,394,1,0
5717,2024-08-26 05:00:00,26.49,restaurant,pos,CA,82,231,1,0
5718,2024-08-26 06:00:00,13.09,grocery,web,CA,61,265,0,0
5719,2024-08-26 07:00:00,74.48,grocery,pos,CA,66,427,0,0
5720,2024-08-26 08:00:00,1118.7,electronics,web,FR,70,93,0,1
5721,2024-08-26 09:00:00,95.59,grocery,pos,CA,80,21,0,0
5722,2024-08-26 10:00:00,29.65,grocery,mobile,CA,78,250,0,0
5723,2024-08-26 11:00:00,24.45,restaurant,mobile,IN,76,295,0,0
5724,2024-08-26 12:00:00,61.9,electronics,mobile,CA,41,172,0,0
5725,2024-08-26 13:00:00,16.88,restaurant,atm,CA,60,256,0,0
5726,2024-08-26 14:00:00,323.32,travel,web,FR,73,61,0,1
5727,2024-08-26 15:00:00,147.95,ecommerce,mobile,IN,56,448,0,0
5728,2024-08-26 16:00:00,9.53,restaurant,pos,MX,26,460,0,0
5729,2024-08-26 17:00:00,83.51,ecommerce,atm,CA,52,159,0,0
5730,2024-08-26 18:00:00,163.26,ecommerce,web,CA,32,391,0,0
5731,2024-08-26 19:00:00,19.92,restaurant,web,FR,64,140,0,0
5732,2024-08-26 20:00:00,81.24,electronics,web,FR,76,237,0,0
5733,2024-08-26 21:00:00,51.07,restaurant,mobile,CA,65,192,0,0
5734,2024-08-26 22:00:00,62.88,grocery,mobile,FR,55,583,0,0
5735,2024-08-26 23:00:00,40.17,restaurant,mobile,US,58,288,0,0
5736,2024-08-27 00:00:00,171.59,travel,web,CA,54,380,1,0
5737,2024-08-27 01:00:00,193.64,travel,web,CA,48,126,1,1
5738,2024-08-27 02:00:00,21.26,restaurant,atm,CA,33,557,1,0
5739,2024-08-27 03:00:00,21.96,ecommerce,mobile,IN,63,411,1,0
5740,2024-08-27 04:00:00,24.21,electronics,web,CA,41,63,1,0
5741,2024-08-27 05:00:00,233.29,travel,web,MX,28,199,1,1
5742,2024-08-27 06:00:00,108.33,electronics,web,CA,72,304,0,1
5743,2024-08-27 07:00:00,41.13,restaurant,mobile,GB,55,253,0,0
5744,2024-08-27 08:00:00,46.61,electronics,web,CA,53,481,0,0
5745,2024-08-27 09:00:00,35.93,grocery,mobile,IN,53,335,0,0
5746,2024-08-27 10:00:00,35.16,grocery,mobile,CA,23,334,0,0
5747,2024-08-27 11:00:00,86.31,restaurant,web,GB,54,226,0,0
5748,2024-08-27 12:00:00,58.76,restaurant,pos,US,54,507,0,0
5749,2024-08-27 13:00:00,14.03,restaurant,web,CA,52,421,0,0
5750,2024-08-27 14:00:00,51.59,grocery,web,IN,18,424,0,0
5751,2024-08-27 15:00:00,30.66,ecommerce,web,CA,69,394,0,0
5752,2024-08-27 16:00:00,9.36,electronics,mobile,FR,59,399,0,0
5753,2024-08-27 17:00:00,464.58,electronics,pos,CA,69,454,0,0
5754,2024-08-27 18:00:00,23.38,grocery,pos,US,52,140,0,1
5755,2024-08-27 19:00:00,347.86,travel,mobile,IN,40,314,0,1
5756,2024-08-27 20:00:00,18.06,grocery,atm,FR,74,78,0,0
5757,2024-08-27 21:00:00,13.2,fuel,web,CA,41,220,0,0
5758,2024-08-27 22:00:00,36.72,ecommerce,pos,CA,48,175,0,0
5759,2024-08-27 23:00:00,41.12,grocery,web,GB,19,120,0,0
5760,2024-08-28 00:00:00,38.39,grocery,web,CA,29,328,1,0
5761,2024-08-28 01:00:00,42.72,restaurant,web,IN,25,262,1,0
5762,2024-08-28 02:00:00,62.87,electronics,pos,CA,46,272,1,0
5763,2024-08-28 03:00:00,28.31,restaurant,pos,CA,35,524,1,0
5764,2024-08-28 04:00:00,12.78,fuel,mobile,GB,40,217,1,0
5765,2024-08-28 05:00:00,225.36,ecommerce,web,CA,70,72,1,1
5766,2024-08-28 06:00:00,18.41,ecommerce,mobile,CA,64,475,0,0
5767,2024-08-28 07:00:00,65.14,travel,web,CA,72,129,0,0
5768,2024-08-28 08:00:00,41.03,ecommerce,pos,IN,73,585,0,0
5769,2024-08-28 09:00:00,843.72,electronics,web,US,34,399,0,1
5770,2024-08-28 10:00:00,195.96,electronics,atm,IN,59,153,0,0
5771,2024-08-28 11:00:00,12.66,restaurant,web,CA,77,345,0,0
5772,2024-08-28 12:00:00,125.87,ecommerce,web,CA,38,560,0,0
5773,2024-08-28 13:00:00,43.43,fuel,web,CA,43,550,0,0
5774,2024-08-28 14:00:00,76.84,ecommerce,mobile,CA,54,238,0,0
5775,2024-08-28 15:00:00,61.28,grocery,web,CA,72,17,0,0
5776,2024-08-28 16:00:00,103.55,electronics,web,CA,28,47,0,0
5777,2024-08-28 17:00:00,31.84,fuel,mobile,CA,49,527,0,0
5778,2024-08-28 18:00:00,24.29,electronics,pos,MX,34,397,0,0
5779,2024-08-28 19:00:00,120.06,grocery,web,CA,66,436,0,0
5780,2024-08-28 20:00:00,18.25,restaurant,web,CA,34,433,0,0
5781,2024-08-28 21:00:00,8.97,restaurant,atm,CA,42,466,0,0
5782,2024-08-28 22:00:00,17.34,fuel,mobile,CA,41,305,0,0
5783,2024-08-28 23:00:00,17.98,restaurant,pos,GB,22,227,0,0
5784,2024-08-29 00:00:00,29.2,ecommerce,mobile,GB,63,141,1,0
5785,2024-08-29 01:00:00,197.88,electronics,mobile,FR,35,184,1,1
5786,2024-08-29 02:00:00,65.6,restaurant,web,CA,51,450,1,1
5787,2024-08-29 03:00:00,16.85,electronics,pos,CA,65,8,1,0
5788,2024-08-29 04:00:00,61.84,electronics,pos,FR,71,87,1,0
5789,2024-08-29 05:00:00,18.32,fuel,web,IN,80,473,1,0
5790,2024-08-29 06:00:00,84.17,electronics,web,CA,26,389,0,0
5791,2024-08-29 07:00:00,456.45,electronics,mobile,CA,60,97,0,1
5792,2024-08-29 08:00:00,15.75,grocery,pos,GB,40,21,0,0
5793,2024-08-29 09:00:00,133.67,grocery,mobile,IN,70,135,0,0
5794,2024-08-29 10:00:00,86.16,electronics,pos,CA,44,71,0,0
5795,2024-08-29 11:00:00,561.63,travel,mobile,CA,18,166,0,0
5796,2024-08-29 12:00:00,20.64,fuel,pos,FR,76,500,0,0
5797,2024-08-29 13:00:00,18.57,restaurant,web,MX,69,522,0,0
5798,2024-08-29 14:00:00,133.74,travel,pos,CA,40,172,0,0
5799,2024-08-29 15:00:00,192.16,ecommerce,web,CA,74,173,0,0
5800,2024-08-29 16:00:00,69.25,ecommerce,pos,US,45,496,0,0
5801,2024-08-29 17:00:00,164.78,travel,mobile,MX,46,255,0,1
5802,2024-08-29 18:00:00,174.31,electronics,pos,GB,38,128,0,0
5803,2024-08-29 19:00:00,12.37,fuel,web,CA,51,449,0,0
5804,2024-08-29 20:00:00,36.96,fuel,web,CA,85,294,0,0
5805,2024-08-29 21:00:00,55.84,electronics,pos,MX,21,536,0,0
5806,2024-08-29 22:00:00,369.42,electronics,pos,CA,58,527,0,0
5807,2024-08-29 23:00:00,143.25,electronics,pos,CA,29,475,0,0
5808,2024-08-30 00:00:00,61.11,grocery,web,CA,26,584,1,0
5809,2024-08-30 01:00:00,15.68,electronics,atm,CA,21,321,1,0
5810,2024-08-30 02:00:00,51.57,fuel,pos,GB,36,328,1,0
5811,2024-08-30 03:00:00,27.92,grocery,mobile,CA,67,1,1,0
5812,2024-08-30 04:00:00,37.44,travel,mobile,GB,68,101,1,1
5813,2024-08-30 05:00:00,107.05,electronics,mobile,US,72,94,1,1
5814,2024-08-30 06:00:00,6.96,fuel,web,CA,27,553,0,0
5815,2024-08-30 07:00:00,170.33,electronics,atm,FR,25,152,0,0
5816,2024-08-30 08:00:00,218.3,ecommerce,web,CA,84,373,0,1
5817,2024-08-30 09:00:00,6.54,grocery,mobile,GB,80,248,0,0
5818,2024-08-30 10:00:00,58.46,ecommerce,pos,CA,65,459,0,0
5819,2024-08-30 11:00:00,51.78,ecommerce,mobile,IN,75,217,0,0
5820,2024-08-30 12:00:00,16.4,electronics,atm,CA,72,563,0,0
5821,2024-08-30 13:00:00,62.28,restaurant,atm,US,57,309,0,0
5822,2024-08-30 14:00:00,172.59,electronics,pos,CA,50,146,0,0
5823,2024-08-30 15:00:00,202.89,grocery,mobile,CA,84,247,0,0
5824,2024-08-30 16:00:00,93.87,ecommerce,pos,CA,63,219,0,0
5825,2024-08-30 17:00:00,14.85,grocery,mobile,CA,78,436,0,0
5826,2024-08-30 18:00:00,156.13,electronics,pos,CA,32,194,0,0
5827,2024-08-30 19:00:00,190.88,ecommerce,mobile,CA,33,31,0,0
5828,2024-08-30 20:00:00,17.97,fuel,web,MX,60,471,0,0
5829,2024-08-30 21:00:00,211.66,electronics,pos,CA,82,597,0,1
5830,2024-08-30 22:00:00,16.39,travel,pos,CA,60,150,0,0
5831,2024-08-30 23:00:00,226.53,ecommerce,pos,IN,48,506,0,0
5832,2024-08-31 00:00:00,123.43,ecommerce,web,US,19,23,1,0
5833,2024-08-31 01:00:00,13.82,travel,mobile,CA,28,201,1,0
5834,2024-08-31 02:00:00,38.52,fuel,mobile,CA,33,7,1,0
5835,2024-08-31 03:00:00,5.48,grocery,mobile,CA,31,238,1,0
5836,2024-08-31 04:00:00,15.75,restaurant,mobile,US,65,366,1,0
5837,2024-08-31 05:00:00,50.29,fuel,web,FR,64,579,1,0
5838,2024-08-31 06:00:00,24.15,fuel,web,US,43,505,0,0
5839,2024-08-31 07:00:00,101.51,grocery,web,IN,85,562,0,0
5840,2024-08-31 08:00:00,63.6,ecommerce,pos,MX,44,392,0,0
5841,2024-08-31 09:00:00,58.07,ecommerce,web,IN,48,236,0,0
5842,2024-08-31 10:00:00,161.41,ecommerce,mobile,US,53,544,0,0
5843,2024-08-31 11:00:00,20.15,fuel,web,MX,56,35,0,0
5844,2024-08-31 12:00:00,26.69,fuel,mobile,MX,30,489,0,0
5845,2024-08-31 13:00:00,30.05,restaurant,pos,GB,38,593,0,0
5846,2024-08-31 14:00:00,25.69,restaurant,mobile,CA,64,13,0,0
5847,2024-08-31 15:00:00,93.07,grocery,pos,CA,75,392,0,0
5848,2024-08-31 16:00:00,17.98,grocery,mobile,CA,46,526,0,0
5849,2024-08-31 17:00:00,46.55,electronics,pos,CA,25,416,0,0
5850,2024-08-31 18:00:00,10.5,restaurant,web,FR,75,586,0,0
5851,2024-08-31 19:00:00,5.0,restaurant,web,MX,57,165,0,0
5852,2024-08-31 20:00:00,124.53,grocery,pos,CA,47,383,0,0
5853,2024-08-31 21:00:00,26.7,ecommerce,web,CA,57,492,0,0
5854,2024-08-31 22:00:00,26.43,grocery,pos,CA,73,41,0,0
5855,2024-08-31 23:00:00,399.4,electronics,web,GB,18,335,0,1
5856,2024-09-01 00:00:00,120.13,travel,atm,IN,42,577,1,1
5857,2024-09-01 01:00:00,43.37,fuel,pos,CA,81,282,1,0
5858,2024-09-01 02:00:00,7.6,fuel,web,CA,38,490,1,0
5859,2024-09-01 03:00:00,211.42,ecommerce,mobile,IN,84,445,1,1
5860,2024-09-01 04:00:00,122.35,travel,web,US,37,162,1,0
5861,2024-09-01 05:00:00,13.1,grocery,mobile,FR,49,223,1,0
5862,2024-09-01 06:00:00,54.55,travel,web,CA,22,294,0,0
5863,2024-09-01 07:00:00,449.78,electronics,web,CA,67,258,0,0
5864,2024-09-01 08:00:00,80.54,travel,pos,MX,34,357,0,0
5865,2024-09-01 09:00:00,24.49,ecommerce,pos,CA,75,392,0,0
5866,2024-09-01 10:00:00,66.55,electronics,web,FR,26,248,0,0
5867,2024-09-01 11:00:00,102.37,electronics,mobile,GB,25,384,0,0
5868,2024-09-01 12:00:00,37.56,grocery,pos,CA,49,396,0,0
5869,2024-09-01 13:00:00,48.87,grocery,atm,CA,23,583,0,0
5870,2024-09-01 14:00:00,168.61,travel,web,GB,40,490,0,1
5871,2024-09-01 15:00:00,107.53,ecommerce,web,IN,64,338,0,0
5872,2024-09-01 16:00:00,25.63,grocery,mobile,CA,52,106,0,0
5873,2024-09-01 17:00:00,211.48,grocery,mobile,GB,56,192,0,0
5874,2024-09-01 18:00:00,21.11,grocery,web,CA,24,199,0,0
5875,2024-09-01 19:00:00,92.2,fuel,pos,FR,64,172,0,0
5876,2024-09-01 20:00:00,79.61,travel,pos,MX,24,568,0,0
5877,2024-09-01 21:00:00,9.06,grocery,pos,CA,56,320,0,0
5878,2024-09-01 22:00:00,21.92,electronics,mobile,MX,71,594,0,0
5879,2024-09-01 23:00:00,78.95,ecommerce,pos,MX,67,71,0,0
5880,2024-09-02 00:00:00,170.9,ecommerce,mobile,MX,41,428,1,1
5881,2024-09-02 01:00:00,21.31,ecommerce,pos,CA,28,353,1,0
5882,2024-09-02 02:00:00,44.61,electronics,web,MX,74,458,1,0
5883,2024-09-02 03:00:00,38.64,restaurant,web,GB,32,234,1,0
5884,2024-09-02 04:00:00,27.24,fuel,web,CA,51,312,1,0
5885,2024-09-02 05:00:00,19.34,grocery,web,CA,34,211,1,0
5886,2024-09-02 06:00:00,18.99,ecommerce,atm,FR,20,418,0,0
5887,2024-09-02 07:00:00,43.26,grocery,mobile,US,46,115,0,1
5888,2024-09-02 08:00:00,49.13,restaurant,mobile,CA,55,396,0,0
5889,2024-09-02 09:00:00,51.0,grocery,pos,FR,69,297,0,0
5890,2024-09-02 10:00:00,27.96,restaurant,atm,CA,67,479,0,0
5891,2024-09-02 11:00:00,52.78,travel,mobile,GB,74,22,0,0
5892,2024-09-02 12:00:00,36.23,fuel,mobile,CA,73,109,0,0
5893,2024-09-02 13:00:00,33.88,restaurant,web,CA,45,364,0,0
5894,2024-09-02 14:00:00,10.05,grocery,pos,IN,41,224,0,0
5895,2024-09-02 15:00:00,74.86,electronics,mobile,GB,58,171,0,0
5896,2024-09-02 16:00:00,45.56,grocery,web,CA,50,560,0,0
5897,2024-09-02 17:00:00,25.44,restaurant,pos,IN,38,543,0,0
5898,2024-09-02 18:00:00,5.0,fuel,web,IN,20,55,0,0
5899,2024-09-02 19:00:00,18.41,grocery,web,GB,50,316,0,0
5900,2024-09-02 20:00:00,52.02,electronics,pos,CA,49,400,0,0
5901,2024-09-02 21:00:00,54.19,grocery,mobile,CA,81,469,0,0
5902,2024-09-02 22:00:00,339.58,grocery,mobile,GB,73,121,0,0
5903,2024-09-02 23:00:00,110.87,electronics,web,IN,36,511,0,0
5904,2024-09-03 00:00:00,9.29,fuel,pos,CA,25,393,1,0
5905,2024-09-03 01:00:00,23.63,restaurant,atm,CA,71,528,1,0
5906,2024-09-03 02:00:00,137.81,travel,web,CA,51,408,1,0
5907,2024-09-03 03:00:00,269.68,travel,web,CA,20,523,1,1
5908,2024-09-03 04:00:00,183.68,ecommerce,web,US,69,17,1,1
5909,2024-09-03 05:00:00,114.56,grocery,web,CA,41,135,1,0
5910,2024-09-03 06:00:00,44.27,restaurant,mobile,US,29,319,0,0
5911,2024-09-03 07:00:00,32.74,grocery,pos,US,62,182,0,0
5912,2024-09-03 08:00:00,103.74,fuel,mobile,CA,71,118,0,0
5913,2024-09-03 09:00:00,43.93,ecommerce,pos,FR,70,425,0,0
5914,2024-09-03 10:00:00,63.08,ecommerce,atm,CA,36,596,0,0
5915,2024-09-03 11:00:00,109.64,travel,web,CA,58,323,0,0
5916,2024-09-03 12:00:00,14.43,electronics,pos,CA,49,365,0,0
5917,2024-09-03 13:00:00,308.7,electronics,web,CA,77,366,0,1
5918,2024-09-03 14:00:00,50.14,restaurant,pos,CA,30,250,0,0
5919,2024-09-03 15:00:00,7.12,ecommerce,atm,IN,73,407,0,0
5920,2024-09-03 16:00:00,67.25,fuel,mobile,CA,41,484,0,0
5921,2024-09-03 17:00:00,24.93,grocery,web,CA,59,68,0,0
5922,2024-09-03 18:00:00,239.24,electronics,web,GB,52,165,0,1
5923,2024-09-03 19:00:00,64.3,ecommerce,atm,IN,41,101,0,0
5924,2024-09-03 20:00:00,8.05,fuel,mobile,CA,33,476,0,0
5925,2024-09-03 21:00:00,33.55,grocery,web,CA,42,383,0,0
5926,2024-09-03 22:00:00,43.78,electronics,web,CA,59,403,0,0
5927,2024-09-03 23:00:00,32.69,electronics,pos,CA,59,375,0,0
5928,2024-09-04 00:00:00,59.57,restaurant,mobile,CA,60,319,1,0
5929,2024-09-04 01:00:00,46.6,grocery,web,MX,62,491,1,0
5930,2024-09-04 02:00:00,105.07,restaurant,mobile,CA,21,94,1,0
5931,2024-09-04 03:00:00,42.11,ecommerce,web,CA,44,416,1,0
5932,2024-09-04 04:00:00,25.25,ecommerce,web,GB,39,501,1,1
5933,2024-09-04 05:00:00,106.72,ecommerce,web,CA,45,124,1,0
5934,2024-09-04 06:00:00,28.36,ecommerce,mobile,CA,43,426,0,0
5935,2024-09-04 07:00:00,20.65,fuel,web,GB,30,42,0,0
5936,2024-09-04 08:00:00,96.34,ecommerce,mobile,CA,83,98,0,0
5937,2024-09-04 09:00:00,53.62,ecommerce,pos,CA,18,235,0,0
5938,2024-09-04 10:00:00,87.92,travel,mobile,CA,58,600,0,0
5939,2024-09-04 11:00:00,27.81,electronics,mobile,US,49,223,0,0
5940,2024-09-04 12:00:00,228.37,electronics,mobile,US,65,257,0,0
5941,2024-09-04 13:00:00,97.97,travel,pos,CA,74,461,0,0
5942,2024-09-04 14:00:00,57.14,grocery,mobile,CA,62,479,0,0
5943,2024-09-04 15:00:00,152.2,electronics,pos,CA,70,403,0,0
5944,2024-09-04 16:00:00,87.47,grocery,pos,CA,36,18,0,0
5945,2024-09-04 17:00:00,48.58,ecommerce,mobile,GB,85,524,0,0
5946,2024-09-04 18:00:00,23.96,grocery,mobile,IN,23,156,0,0
5947,2024-09-04 19:00:00,50.34,travel,pos,CA,63,303,0,0
5948,2024-09-04 20:00:00,36.85,ecommerce,atm,CA,27,439,0,0
5949,2024-09-04 21:00:00,185.55,travel,web,GB,33,173,0,0
5950,2024-09-04 22:00:00,28.79,ecommerce,atm,CA,74,412,0,0
5951,2024-09-04 23:00:00,36.27,fuel,mobile,CA,64,303,0,0
5952,2024-09-05 00:00:00,102.25,fuel,atm,IN,61,93,1,0
5953,2024-09-05 01:00:00,21.94,grocery,mobile,CA,74,129,1,0
5954,2024-09-05 02:00:00,18.4,ecommerce,atm,CA,36,458,1,0
5955,2024-09-05 03:00:00,94.09,travel,web,CA,61,36,1,0
5956,2024-09-05 04:00:00,7.59,fuel,pos,US,31,229,1,0
5957,2024-09-05 05:00:00,108.85,grocery,web,US,50,300,1,0
5958,2024-09-05 06:00:00,147.33,travel,mobile,CA,45,230,0,0
5959,2024-09-05 07:00:00,31.18,ecommerce,pos,MX,60,248,0,0
5960,2024-09-05 08:00:00,19.79,grocery,atm,CA,22,584,0,0
5961,2024-09-05 09:00:00,11.31,grocery,pos,IN,19,19,0,0
5962,2024-09-05 10:00:00,67.82,fuel,mobile,CA,20,589,0,0
5963,2024-09-05 11:00:00,313.81,ecommerce,web,CA,36,433,0,0
5964,2024-09-05 12:00:00,25.61,electronics,mobile,US,57,551,0,0
5965,2024-09-05 13:00:00,153.58,ecommerce,atm,CA,28,387,0,0
5966,2024-09-05 14:00:00,78.77,electronics,web,US,85,567,0,0
5967,2024-09-05 15:00:00,187.93,ecommerce,mobile,CA,46,44,0,0
5968,2024-09-05 16:00:00,26.2,travel,pos,CA,38,431,0,0
5969,2024-09-05 17:00:00,120.38,electronics,mobile,CA,78,426,0,0
5970,2024-09-05 18:00:00,41.6,ecommerce,mobile,CA,29,560,0,0
5971,2024-09-05 19:00:00,59.28,grocery,pos,CA,30,49,0,0
5972,2024-09-05 20:00:00,28.84,fuel,pos,CA,43,305,0,0
5973,2024-09-05 21:00:00,27.85,restaurant,web,CA,22,311,0,0
5974,2024-09-05 22:00:00,24.82,restaurant,pos,GB,64,56,0,0
5975,2024-09-05 23:00:00,245.03,ecommerce,mobile,MX,70,373,0,1
5976,2024-09-06 00:00:00,83.96,electronics,pos,CA,42,288,1,0
5977,2024-09-06 01:00:00,130.73,ecommerce,atm,CA,77,299,1,0
5978,2024-09-06 02:00:00,57.68,grocery,atm,CA,18,410,1,0
5979,2024-09-06 03:00:00,303.75,travel,atm,CA,54,449,1,0
5980,2024-09-06 04:00:00,10.95,fuel,web,CA,67,398,1,0
5981,2024-09-06 05:00:00,51.59,fuel,pos,CA,43,231,1,0
5982,2024-09-06 06:00:00,133.08,electronics,mobile,IN,82,579,0,0
5983,2024-09-06 07:00:00,20.59,ecommerce,mobile,GB,47,127,0,0
5984,2024-09-06 08:00:00,112.75,travel,atm,CA,80,204,0,0
5985,2024-09-06 09:00:00,473.5,ecommerce,web,CA,62,292,0,1
5986,2024-09-06 10:00:00,23.02,grocery,pos,CA,33,187,0,0
5987,2024-09-06 11:00:00,43.14,ecommerce,atm,CA,74,205,0,0
5988,2024-09-06 12:00:00,40.96,restaurant,mobile,CA,20,557,0,0
5989,2024-09-06 13:00:00,16.78,fuel,pos,CA,30,90,0,0
5990,2024-09-06 14:00:00,37.17,grocery,mobile,CA,71,307,0,0
5991,2024-09-06 15:00:00,65.61,electronics,pos,CA,79,283,0,0
5992,2024-09-06 16:00:00,39.21,restaurant,web,US,44,52,0,0
5993,2024-09-06 17:00:00,25.82,restaurant,web,CA,62,121,0,0
5994,2024-09-06 18:00:00,158.17,fuel,web,IN,65,163,0,0
5995,2024-09-06 19:00:00,62.6,ecommerce,pos,CA,68,282,0,0
5996,2024-09-06 20:00:00,111.71,travel,pos,CA,79,250,0,0
5997,2024-09-06 21:00:00,248.21,electronics,web,CA,23,356,0,0
5998,2024-09-06 22:00:00,7.81,restaurant,pos,CA,31,226,0,0
5999,2024-09-06 23:00:00,450.49,electronics,web,CA,80,470,0,1
6000,2024-09-07 00:00:00,11.21,fuel,web,CA,55,220,1,0
6001,2024-09-07 01:00:00,95.81,grocery,mobile,CA,53,512,1,0
6002,2024-09-07 02:00:00,101.27,fuel,mobile,CA,45,600,1,0
6003,2024-09-07 03:00:00,20.41,grocery,pos,CA,42,401,1,0
6004,2024-09-07 04:00:00,22.25,grocery,pos,MX,34,61,1,0
6005,2024-09-07 05:00:00,24.74,fuel,mobile,US,45,537,1,0
6006,2024-09-07 06:00:00,238.81,travel,mobile,US,22,490,0,0
6007,2024-09-07 07:00:00,11.12,restaurant,atm,IN,37,335,0,0
6008,2024-09-07 08:00:00,89.08,electronics,atm,CA,85,204,0,0
6009,2024-09-07 09:00:00,20.59,restaurant,mobile,FR,29,426,0,0
6010,2024-09-07 10:00:00,34.87,electronics,mobile,CA,67,369,0,0
6011,2024-09-07 11:00:00,38.37,electronics,web,CA,20,462,0,0
6012,2024-09-07 12:00:00,36.77,grocery,mobile,US,67,387,0,0
6013,2024-09-07 13:00:00,150.77,travel,atm,CA,35,495,0,0
6014,2024-09-07 14:00:00,16.47,grocery,mobile,CA,65,581,0,0
6015,2024-09-07 15:00:00,35.18,grocery,web,CA,51,451,0,0
6016,2024-09-07 16:00:00,18.3,grocery,web,CA,70,191,0,0
6017,2024-09-07 17:00:00,318.67,electronics,pos,CA,63,542,0,0
6018,2024-09-07 18:00:00,89.58,electronics,web,GB,55,496,0,0
6019,2024-09-07 19:00:00,73.31,restaurant,mobile,CA,67,284,0,0
6020,2024-09-07 20:00:00,5.95,restaurant,mobile,CA,83,35,0,0
6021,2024-09-07 21:00:00,36.5,restaurant,pos,CA,58,573,0,0
6022,2024-09-07 22:00:00,56.02,grocery,mobile,IN,29,324,0,0
6023,2024-09-07 23:00:00,24.11,restaurant,web,IN,25,240,0,0
6024,2024-09-08 00:00:00,60.51,electronics,web,US,55,364,1,0
6025,2024-09-08 01:00:00,23.77,restaurant,web,CA,47,42,1,0
6026,2024-09-08 02:00:00,63.9,grocery,web,CA,59,496,1,0
6027,2024-09-08 03:00:00,11.02,grocery,mobile,CA,63,109,1,0
6028,2024-09-08 04:00:00,51.28,restaurant,mobile,GB,30,154,1,0
6029,2024-09-08 05:00:00,43.63,grocery,mobile,CA,68,335,1,0
6030,2024-09-08 06:00:00,47.49,ecommerce,web,GB,85,399,0,0
6031,2024-09-08 07:00:00,22.43,fuel,mobile,CA,40,8,0,0
6032,2024-09-08 08:00:00,34.63,grocery,pos,FR,81,349,0,0
6033,2024-09-08 09:00:00,145.76,grocery,web,CA,81,94,0,0
6034,2024-09-08 10:00:00,37.34,restaurant,web,CA,46,573,0,0
6035,2024-09-08 11:00:00,11.69,restaurant,mobile,CA,72,224,0,0
6036,2024-09-08 12:00:00,18.45,restaurant,atm,US,81,294,0,0
6037,2024-09-08 13:00:00,21.44,ecommerce,pos,FR,75,375,0,0
6038,2024-09-08 14:00:00,10.96,ecommerce,mobile,CA,44,94,0,0
6039,2024-09-08 15:00:00,21.1,ecommerce,pos,IN,63,99,0,0
6040,2024-09-08 16:00:00,30.41,fuel,web,CA,58,576,0,0
6041,2024-09-08 17:00:00,103.1,grocery,mobile,CA,46,345,0,0
6042,2024-09-08 18:00:00,240.8,electronics,mobile,CA,61,136,0,0
6043,2024-09-08 19:00:00,9.65,restaurant,mobile,CA,81,398,0,0
6044,2024-09-08 20:00:00,13.32,fuel,mobile,FR,19,536,0,0
6045,2024-09-08 21:00:00,25.8,ecommerce,pos,CA,79,458,0,0
6046,2024-09-08 22:00:00,5.88,ecommerce,atm,CA,43,240,0,0
6047,2024-09-08 23:00:00,28.17,grocery,atm,CA,74,396,0,0
6048,2024-09-09 00:00:00,123.75,ecommerce,web,MX,25,538,1,1
6049,2024-09-09 01:00:00,21.75,fuel,pos,IN,78,150,1,0
6050,2024-09-09 02:00:00,19.19,ecommerce,pos,GB,48,474,1,0
6051,2024-09-09 03:00:00,12.76,fuel,mobile,CA,80,599,1,0
6052,2024-09-09 04:00:00,20.31,restaurant,atm,CA,47,207,1,0
6053,2024-09-09 05:00:00,120.12,ecommerce,mobile,CA,68,533,1,0
6054,2024-09-09 06:00:00,27.79,grocery,web,IN,58,13,0,0
6055,2024-09-09 07:00:00,58.01,grocery,pos,CA,31,224,0,0
6056,2024-09-09 08:00:00,30.45,grocery,web,IN,34,166,0,0
6057,2024-09-09 09:00:00,33.78,fuel,web,GB,54,17,0,0
6058,2024-09-09 10:00:00,42.17,electronics,pos,MX,51,362,0,0
6059,2024-09-09 11:00:00,14.73,restaurant,pos,GB,59,317,0,0
6060,2024-09-09 12:00:00,44.08,travel,pos,CA,72,227,0,0
6061,2024-09-09 13:00:00,103.21,ecommerce,pos,CA,70,519,0,1
6062,2024-09-09 14:00:00,25.21,grocery,mobile,CA,21,149,0,0
6063,2024-09-09 15:00:00,5.0,ecommerce,web,CA,51,493,0,0
6064,2024-09-09 16:00:00,92.61,ecommerce,web,MX,28,382,0,1
6065,2024-09-09 17:00:00,65.6,restaurant,web,CA,52,539,0,0
6066,2024-09-09 18:00:00,13.15,fuel,atm,FR,54,4,0,0
6067,2024-09-09 19:00:00,92.53,ecommerce,mobile,FR,85,582,0,1
6068,2024-09-09 20:00:00,49.73,ecommerce,mobile,CA,44,1,0,0
6069,2024-09-09 21:00:00,5.0,grocery,mobile,CA,48,428,0,0
6070,2024-09-09 22:00:00,158.31,restaurant,mobile,CA,52,452,0,0
6071,2024-09-09 23:00:00,27.27,grocery,mobile,CA,26,97,0,0
6072,2024-09-10 00:00:00,39.27,grocery,web,MX,22,21,1,0
6073,2024-09-10 01:00:00,18.67,grocery,web,MX,66,21,1,0
6074,2024-09-10 02:00:00,75.32,electronics,web,MX,38,77,1,0
6075,2024-09-10 03:00:00,31.57,fuel,web,CA,42,90,1,0
6076,2024-09-10 04:00:00,53.41,travel,pos,FR,85,581,1,0
6077,2024-09-10 05:00:00,275.86,ecommerce,web,US,34,120,1,1
6078,2024-09-10 06:00:00,69.65,grocery,web,IN,79,483,0,0
6079,2024-09-10 07:00:00,43.47,restaurant,web,GB,60,36,0,0
6080,2024-09-10 08:00:00,28.83,grocery,web,MX,36,393,0,0
6081,2024-09-10 09:00:00,16.51,grocery,pos,CA,82,272,0,0
6082,2024-09-10 10:00:00,68.99,fuel,pos,FR,60,324,0,0
6083,2024-09-10 11:00:00,56.76,grocery,web,CA,39,471,0,0
6084,2024-09-10 12:00:00,22.87,grocery,mobile,CA,48,126,0,0
6085,2024-09-10 13:00:00,37.03,electronics,pos,CA,43,2,0,0
6086,2024-09-10 14:00:00,6.61,fuel,pos,CA,75,132,0,0
6087,2024-09-10 15:00:00,61.62,ecommerce,pos,CA,49,482,0,0
6088,2024-09-10 16:00:00,48.0,ecommerce,web,CA,20,355,0,0
6089,2024-09-10 17:00:00,285.67,electronics,pos,GB,64,556,0,0
6090,2024-09-10 18:00:00,80.01,grocery,web,US,69,501,0,0
6091,2024-09-10 19:00:00,33.93,grocery,web,IN,44,91,0,0
6092,2024-09-10 20:00:00,126.89,travel,atm,GB,80,34,0,0
6093,2024-09-10 21:00:00,48.4,travel,mobile,CA,46,12,0,0
6094,2024-09-10 22:00:00,70.93,restaurant,pos,GB,35,113,0,0
6095,2024-09-10 23:00:00,57.07,ecommerce,web,US,65,288,0,0
6096,2024-09-11 00:00:00,56.48,grocery,mobile,CA,26,9,1,0
6097,2024-09-11 01:00:00,78.73,fuel,pos,IN,84,521,1,0
6098,2024-09-11 02:00:00,82.04,travel,atm,IN,64,287,1,0
6099,2024-09-11 03:00:00,15.55,grocery,web,CA,39,442,1,0
6100,2024-09-11 04:00:00,251.81,fuel,pos,FR,23,524,1,0
6101,2024-09-11 05:00:00,55.94,grocery,pos,CA,57,20,1,0
6102,2024-09-11 06:00:00,21.24,restaurant,atm,IN,57,260,0,0
6103,2024-09-11 07:00:00,299.97,electronics,atm,US,72,404,0,0
6104,2024-09-11 08:00:00,45.51,ecommerce,mobile,CA,37,599,0,0
6105,2024-09-11 09:00:00,36.59,restaurant,pos,GB,32,491,0,0
6106,2024-09-11 10:00:00,16.37,restaurant,mobile,CA,46,130,0,0
6107,2024-09-11 11:00:00,32.26,grocery,pos,CA,73,162,0,0
6108,2024-09-11 12:00:00,46.93,ecommerce,web,GB,79,480,0,0
6109,2024-09-11 13:00:00,69.38,travel,mobile,GB,42,392,0,0
6110,2024-09-11 14:00:00,40.76,grocery,atm,CA,21,150,0,0
6111,2024-09-11 15:00:00,33.8,ecommerce,web,MX,25,296,0,0
6112,2024-09-11 16:00:00,100.86,ecommerce,web,CA,55,558,0,0
6113,2024-09-11 17:00:00,20.75,restaurant,pos,CA,19,123,0,0
6114,2024-09-11 18:00:00,12.77,ecommerce,web,MX,67,198,0,0
6115,2024-09-11 19:00:00,171.84,electronics,pos,CA,20,541,0,0
6116,2024-09-11 20:00:00,106.61,ecommerce,mobile,CA,46,404,0,0
6117,2024-09-11 21:00:00,248.98,grocery,pos,IN,72,134,0,0
6118,2024-09-11 22:00:00,27.74,restaurant,mobile,GB,49,172,0,0
6119,2024-09-11 23:00:00,38.64,grocery,pos,US,63,505,0,0
6120,2024-09-12 00:00:00,50.4,grocery,web,US,40,168,1,0
6121,2024-09-12 01:00:00,150.36,ecommerce,pos,FR,71,421,1,0
6122,2024-09-12 02:00:00,232.59,electronics,web,FR,47,297,1,1
6123,2024-09-12 03:00:00,80.02,ecommerce,web,CA,69,132,1,0
6124,2024-09-12 04:00:00,31.8,grocery,mobile,CA,82,221,1,0
6125,2024-09-12 05:00:00,128.21,ecommerce,atm,CA,43,427,1,0
6126,2024-09-12 06:00:00,56.16,ecommerce,pos,CA,33,482,0,0
6127,2024-09-12 07:00:00,10.27,grocery,web,CA,81,15,0,0
6128,2024-09-12 08:00:00,7.07,fuel,atm,US,64,544,0,0
6129,2024-09-12 09:00:00,25.16,grocery,pos,GB,77,141,0,0
6130,2024-09-12 10:00:00,66.91,ecommerce,mobile,IN,43,389,0,0
6131,2024-09-12 11:00:00,1262.84,travel,atm,CA,41,171,0,0
6132,2024-09-12 12:00:00,88.21,electronics,mobile,CA,26,160,0,0
6133,2024-09-12 13:00:00,62.63,ecommerce,web,CA,70,534,0,0
6134,2024-09-12 14:00:00,41.74,ecommerce,mobile,CA,75,421,0,0
6135,2024-09-12 15:00:00,104.82,ecommerce,web,CA,73,550,0,0
6136,2024-09-12 16:00:00,35.13,restaurant,web,IN,37,12,0,0
6137,2024-09-12 17:00:00,18.44,grocery,atm,CA,51,162,0,0
6138,2024-09-12 18:00:00,13.18,grocery,pos,GB,51,29,0,0
6139,2024-09-12 19:00:00,19.01,fuel,mobile,CA,26,285,0,0
6140,2024-09-12 20:00:00,15.34,grocery,web,CA,18,277,0,0
6141,2024-09-12 21:00:00,26.61,grocery,pos,FR,40,589,0,0
6142,2024-09-12 22:00:00,37.21,grocery,mobile,IN,52,138,0,0
6143,2024-09-12 23:00:00,86.94,travel,mobile,CA,85,400,0,0
6144,2024-09-13 00:00:00,505.39,travel,web,IN,77,597,1,1
6145,2024-09-13 01:00:00,387.51,travel,mobile,CA,66,41,1,0
6146,2024-09-13 02:00:00,79.93,electronics,web,GB,83,267,1,1
6147,2024-09-13 03:00:00,25.22,ecommerce,atm,CA,70,235,1,0
6148,2024-09-13 04:00:00,26.58,restaurant,mobile,CA,53,15,1,0
6149,2024-09-13 05:00:00,87.13,electronics,mobile,MX,80,253,1,1
6150,2024-09-13 06:00:00,92.88,electronics,pos,FR,80,152,0,0
6151,2024-09-13 07:00:00,68.69,electronics,web,FR,31,184,0,1
6152,2024-09-13 08:00:00,23.36,ecommerce,atm,CA,37,127,0,0
6153,2024-09-13 09:00:00,61.97,ecommerce,pos,FR,83,312,0,0
6154,2024-09-13 10:00:00,43.8,ecommerce,web,CA,18,239,0,0
6155,2024-09-13 11:00:00,25.88,grocery,mobile,CA,53,442,0,0
6156,2024-09-13 12:00:00,29.71,fuel,mobile,CA,44,212,0,0
6157,2024-09-13 13:00:00,30.78,grocery,mobile,CA,68,415,0,0
6158,2024-09-13 14:00:00,34.96,grocery,mobile,CA,83,316,0,0
6159,2024-09-13 15:00:00,19.09,restaurant,atm,MX,39,211,0,0
6160,2024-09-13 16:00:00,135.9,electronics,web,CA,32,494,0,0
6161,2024-09-13 17:00:00,14.31,fuel,web,US,40,442,0,0
6162,2024-09-13 18:00:00,22.56,ecommerce,mobile,CA,66,316,0,0
6163,2024-09-13 19:00:00,12.25,fuel,mobile,MX,42,320,0,0
6164,2024-09-13 20:00:00,14.85,restaurant,pos,CA,61,459,0,0
6165,2024-09-13 21:00:00,42.83,travel,web,CA,41,462,0,0
6166,2024-09-13 22:00:00,29.75,travel,web,US,68,428,0,0
6167,2024-09-13 23:00:00,42.95,fuel,mobile,IN,22,68,0,0
6168,2024-09-14 00:00:00,189.07,ecommerce,web,IN,41,138,1,1
6169,2024-09-14 01:00:00,162.34,electronics,mobile,CA,39,243,1,0
6170,2024-09-14 02:00:00,17.67,restaurant,mobile,IN,58,345,1,0
6171,2024-09-14 03:00:00,12.81,ecommerce,pos,US,62,237,1,0
6172,2024-09-14 04:00:00,71.38,ecommerce,web,FR,67,498,1,0
6173,2024-09-14 05:00:00,14.14,ecommerce,web,CA,79,211,1,0
6174,2024-09-14 06:00:00,55.55,ecommerce,pos,CA,72,327,0,0
6175,2024-09-14 07:00:00,13.29,restaurant,web,CA,20,419,0,0
6176,2024-09-14 08:00:00,12.62,electronics,web,GB,64,226,0,0
6177,2024-09-14 09:00:00,227.65,ecommerce,mobile,CA,19,334,0,0
6178,2024-09-14 10:00:00,19.4,ecommerce,web,CA,46,436,0,0
6179,2024-09-14 11:00:00,43.6,ecommerce,pos,US,58,231,0,0
6180,2024-09-14 12:00:00,29.17,grocery,web,IN,39,583,0,0
6181,2024-09-14 13:00:00,17.88,fuel,mobile,US,65,322,0,0
6182,2024-09-14 14:00:00,149.29,electronics,web,MX,72,472,0,1
6183,2024-09-14 15:00:00,70.06,travel,pos,CA,59,423,0,0
6184,2024-09-14 16:00:00,46.2,grocery,atm,IN,53,489,0,0
6185,2024-09-14 17:00:00,130.9,electronics,pos,CA,84,405,0,0
6186,2024-09-14 18:00:00,28.44,electronics,pos,CA,62,323,0,0
6187,2024-09-14 19:00:00,74.26,ecommerce,web,CA,33,457,0,0
6188,2024-09-14 20:00:00,52.86,travel,mobile,CA,62,280,0,0
6189,2024-09-14 21:00:00,47.81,travel,mobile,US,50,511,0,0
6190,2024-09-14 22:00:00,127.65,electronics,pos,MX,19,301,0,0
6191,2024-09-14 23:00:00,22.68,grocery,mobile,CA,80,444,0,0
6192,2024-09-15 00:00:00,45.82,grocery,mobile,CA,72,124,1,0
6193,2024-09-15 01:00:00,38.49,fuel,mobile,CA,59,108,1,0
6194,2024-09-15 02:00:00,9.06,grocery,atm,CA,63,339,1,0
6195,2024-09-15 03:00:00,116.96,ecommerce,mobile,FR,57,508,1,0
6196,2024-09-15 04:00:00,127.01,electronics,pos,US,41,441,1,0
6197,2024-09-15 05:00:00,19.32,grocery,pos,CA,81,199,1,0
6198,2024-09-15 06:00:00,24.16,fuel,atm,CA,55,514,0,0
6199,2024-09-15 07:00:00,54.55,restaurant,web,GB,41,400,0,0
6200,2024-09-15 08:00:00,20.47,fuel,web,GB,64,334,0,0
6201,2024-09-15 09:00:00,183.2,fuel,atm,IN,28,595,0,0
6202,2024-09-15 10:00:00,104.43,fuel,mobile,CA,39,468,0,0
6203,2024-09-15 11:00:00,36.39,grocery,mobile,CA,26,177,0,0
6204,2024-09-15 12:00:00,26.68,grocery,mobile,CA,23,39,0,0
6205,2024-09-15 13:00:00,115.59,travel,pos,GB,73,162,0,0
6206,2024-09-15 14:00:00,34.98,ecommerce,mobile,CA,47,106,0,0
6207,2024-09-15 15:00:00,67.22,ecommerce,atm,MX,76,109,0,0
6208,2024-09-15 16:00:00,60.82,grocery,pos,CA,61,314,0,0
6209,2024-09-15 17:00:00,8.1,restaurant,pos,GB,33,591,0,0
6210,2024-09-15 18:00:00,58.42,grocery,mobile,CA,32,390,0,0
6211,2024-09-15 19:00:00,227.69,electronics,web,FR,49,256,0,0
6212,2024-09-15 20:00:00,100.51,ecommerce,pos,CA,24,149,0,0
6213,2024-09-15 21:00:00,121.43,travel,pos,GB,57,471,0,0
6214,2024-09-15 22:00:00,96.82,ecommerce,pos,CA,49,329,0,0
6215,2024-09-15 23:00:00,105.48,grocery,pos,US,27,29,0,0
6216,2024-09-16 00:00:00,25.91,fuel,mobile,GB,53,280,1,0
6217,2024-09-16 01:00:00,100.39,electronics,mobile,CA,75,108,1,0
6218,2024-09-16 02:00:00,223.29,grocery,mobile,CA,79,299,1,0
6219,2024-09-16 03:00:00,79.19,ecommerce,pos,CA,46,37,1,0
6220,2024-09-16 04:00:00,11.03,fuel,web,CA,22,128,1,0
6221,2024-09-16 05:00:00,71.87,grocery,pos,US,76,490,1,0
6222,2024-09-16 06:00:00,39.2,fuel,mobile,CA,55,101,0,0
6223,2024-09-16 07:00:00,18.16,grocery,atm,CA,69,64,0,0
6224,2024-09-16 08:00:00,10.11,fuel,web,CA,21,132,0,0
6225,2024-09-16 09:00:00,40.61,grocery,atm,CA,38,554,0,0
6226,2024-09-16 10:00:00,25.86,fuel,pos,CA,37,569,0,0
6227,2024-09-16 11:00:00,19.6,ecommerce,pos,MX,66,398,0,0
6228,2024-09-16 12:00:00,25.21,fuel,mobile,CA,64,469,0,0
6229,2024-09-16 13:00:00,52.41,ecommerce,web,IN,68,546,0,0
6230,2024-09-16 14:00:00,25.81,restaurant,atm,GB,45,177,0,0
6231,2024-09-16 15:00:00,42.49,fuel,pos,CA,39,245,0,0
6232,2024-09-16 16:00:00,20.13,electronics,mobile,FR,30,16,0,0
6233,2024-09-16 17:00:00,22.07,ecommerce,pos,US,35,315,0,0
6234,2024-09-16 18:00:00,38.75,ecommerce,pos,US,29,556,0,0
6235,2024-09-16 19:00:00,108.07,grocery,web,CA,73,16,0,0
6236,2024-09-16 20:00:00,505.89,ecommerce,atm,US,64,427,0,0
6237,2024-09-16 21:00:00,137.09,travel,web,CA,64,280,0,0
6238,2024-09-16 22:00:00,102.39,electronics,mobile,CA,78,579,0,0
6239,2024-09-16 23:00:00,5.0,fuel,pos,CA,68,355,0,0
6240,2024-09-17 00:00:00,308.06,travel,pos,CA,39,243,1,1
6241,2024-09-17 01:00:00,49.1,grocery,pos,US,39,60,1,0
6242,2024-09-17 02:00:00,42.27,grocery,mobile,CA,26,337,1,0
6243,2024-09-17 03:00:00,32.01,electronics,pos,CA,67,589,1,0
6244,2024-09-17 04:00:00,194.62,grocery,pos,GB,77,7,1,0
6245,2024-09-17 05:00:00,128.72,grocery,web,CA,66,2,1,1
6246,2024-09-17 06:00:00,35.58,restaurant,web,CA,50,535,0,0
6247,2024-09-17 07:00:00,66.66,restaurant,web,CA,40,160,0,0
6248,2024-09-17 08:00:00,142.92,travel,pos,IN,47,365,0,0
6249,2024-09-17 09:00:00,125.75,ecommerce,web,MX,36,369,0,0
6250,2024-09-17 10:00:00,30.3,electronics,mobile,US,29,288,0,0
6251,2024-09-17 11:00:00,5.0,grocery,pos,FR,47,299,0,0
6252,2024-09-17 12:00:00,19.16,ecommerce,mobile,US,34,413,0,0
6253,2024-09-17 13:00:00,29.06,ecommerce,pos,GB,68,143,0,0
6254,2024-09-17 14:00:00,15.3,restaurant,atm,US,79,108,0,0
6255,2024-09-17 15:00:00,40.86,restaurant,atm,FR,31,593,0,0
6256,2024-09-17 16:00:00,108.28,travel,pos,US,18,5,0,0
6257,2024-09-17 17:00:00,31.92,grocery,web,CA,77,113,0,0
6258,2024-09-17 18:00:00,9.4,fuel,web,CA,37,438,0,0
6259,2024-09-17 19:00:00,19.13,ecommerce,mobile,CA,35,341,0,0
6260,2024-09-17 20:00:00,28.33,restaurant,web,CA,76,193,0,0
6261,2024-09-17 21:00:00,20.11,grocery,web,IN,75,69,0,0
6262,2024-09-17 22:00:00,32.89,grocery,pos,GB,57,220,0,0
6263,2024-09-17 23:00:00,160.41,electronics,pos,GB,28,33,0,0
6264,2024-09-18 00:00:00,119.39,fuel,mobile,US,65,332,1,1
6265,2024-09-18 01:00:00,96.48,electronics,web,FR,68,293,1,0
6266,2024-09-18 02:00:00,167.53,grocery,mobile,MX,48,552,1,0
6267,2024-09-18 03:00:00,141.66,electronics,mobile,CA,56,483,1,0
6268,2024-09-18 04:00:00,60.93,grocery,mobile,CA,54,282,1,0
6269,2024-09-18 05:00:00,84.52,grocery,web,CA,62,319,1,0
6270,2024-09-18 06:00:00,52.18,fuel,atm,CA,53,414,0,0
6271,2024-09-18 07:00:00,29.19,ecommerce,mobile,CA,84,176,0,0
6272,2024-09-18 08:00:00,361.78,travel,mobile,CA,20,361,0,0
6273,2024-09-18 09:00:00,23.39,grocery,atm,CA,21,10,0,0
6274,2024-09-18 10:00:00,42.98,grocery,web,CA,28,564,0,0
6275,2024-09-18 11:00:00,110.76,electronics,mobile,IN,28,565,0,1
6276,2024-09-18 12:00:00,91.73,grocery,mobile,CA,51,534,0,0
6277,2024-09-18 13:00:00,194.43,travel,pos,GB,23,127,0,0
6278,2024-09-18 14:00:00,28.23,electronics,mobile,CA,31,473,0,0
6279,2024-09-18 15:00:00,215.22,grocery,web,IN,53,345,0,0
6280,2024-09-18 16:00:00,208.35,electronics,web,GB,79,591,0,1
6281,2024-09-18 17:00:00,36.59,ecommerce,pos,FR,72,9,0,0
6282,2024-09-18 18:00:00,21.58,ecommerce,mobile,CA,32,238,0,0
6283,2024-09-18 19:00:00,76.98,grocery,mobile,US,21,58,0,0
6284,2024-09-18 20:00:00,39.28,electronics,web,CA,68,568,0,0
6285,2024-09-18 21:00:00,56.12,fuel,pos,CA,70,102,0,0
6286,2024-09-18 22:00:00,71.45,fuel,web,GB,81,23,0,0
6287,2024-09-18 23:00:00,15.21,restaurant,pos,CA,47,67,0,0
6288,2024-09-19 00:00:00,30.88,ecommerce,pos,CA,21,580,1,0
6289,2024-09-19 01:00:00,17.88,restaurant,web,FR,82,318,1,0
6290,2024-09-19 02:00:00,40.36,electronics,mobile,CA,37,64,1,0
6291,2024-09-19 03:00:00,33.56,restaurant,web,MX,44,238,1,0
6292,2024-09-19 04:00:00,38.16,restaurant,web,CA,46,255,1,0
6293,2024-09-19 05:00:00,52.54,restaurant,mobile,CA,84,481,1,0
6294,2024-09-19 06:00:00,15.47,grocery,web,CA,42,131,0,0
6295,2024-09-19 07:00:00,209.3,electronics,mobile,CA,55,69,0,0
6296,2024-09-19 08:00:00,40.4,electronics,pos,GB,52,450,0,0
6297,2024-09-19 09:00:00,290.54,travel,web,FR,85,259,0,1
6298,2024-09-19 10:00:00,15.76,ecommerce,pos,CA,82,74,0,0
6299,2024-09-19 11:00:00,111.92,restaurant,web,CA,60,257,0,0
6300,2024-09-19 12:00:00,20.49,grocery,atm,FR,25,256,0,0
6301,2024-09-19 13:00:00,46.81,fuel,mobile,CA,41,138,0,0
6302,2024-09-19 14:00:00,50.27,fuel,web,CA,63,120,0,0
6303,2024-09-19 15:00:00,10.45,grocery,pos,CA,72,57,0,0
6304,2024-09-19 16:00:00,208.39,electronics,atm,GB,69,505,0,0
6305,2024-09-19 17:00:00,19.96,grocery,web,CA,51,6,0,0
6306,2024-09-19 18:00:00,74.61,electronics,pos,CA,63,305,0,0
6307,2024-09-19 19:00:00,14.93,restaurant,atm,IN,38,11,0,0
6308,2024-09-19 20:00:00,256.65,ecommerce,web,IN,61,483,0,1
6309,2024-09-19 21:00:00,34.29,electronics,web,US,50,239,0,0
6310,2024-09-19 22:00:00,48.25,grocery,pos,MX,64,589,0,0
6311,2024-09-19 23:00:00,15.57,restaurant,pos,IN,77,32,0,0
6312,2024-09-20 00:00:00,72.88,restaurant,mobile,US,73,199,1,0
6313,2024-09-20 01:00:00,264.65,grocery,web,GB,67,237,1,0
6314,2024-09-20 02:00:00,55.73,electronics,atm,CA,70,41,1,0
6315,2024-09-20 03:00:00,30.97,fuel,pos,CA,29,262,1,0
6316,2024-09-20 04:00:00,19.3,fuel,web,FR,30,275,1,0
6317,2024-09-20 05:00:00,250.15,electronics,mobile,MX,75,267,1,1
6318,2024-09-20 06:00:00,21.82,fuel,web,CA,54,320,0,0
6319,2024-09-20 07:00:00,308.36,travel,web,US,47,115,0,1
6320,2024-09-20 08:00:00,41.99,ecommerce,web,GB,63,143,0,0
6321,2024-09-20 09:00:00,452.45,ecommerce,mobile,CA,23,299,0,0
6322,2024-09-20 10:00:00,5.0,restaurant,mobile,GB,29,387,0,0
6323,2024-09-20 11:00:00,45.99,grocery,pos,CA,28,235,0,0
6324,2024-09-20 12:00:00,135.21,travel,web,US,56,274,0,1
6325,2024-09-20 13:00:00,31.41,grocery,mobile,IN,22,594,0,0
6326,2024-09-20 14:00:00,35.29,restaurant,pos,FR,21,388,0,0
6327,2024-09-20 15:00:00,28.77,fuel,pos,FR,64,27,0,0
6328,2024-09-20 16:00:00,73.15,ecommerce,atm,MX,67,216,0,0
6329,2024-09-20 17:00:00,86.71,ecommerce,pos,CA,35,32,0,0
6330,2024-09-20 18:00:00,289.86,ecommerce,pos,MX,64,525,0,0
6331,2024-09-20 19:00:00,5.0,restaurant,web,CA,24,495,0,0
6332,2024-09-20 20:00:00,143.92,fuel,pos,US,45,279,0,0
6333,2024-09-20 21:00:00,273.33,fuel,pos,CA,42,159,0,0
6334,2024-09-20 22:00:00,20.32,electronics,pos,CA,41,432,0,0
6335,2024-09-20 23:00:00,62.7,ecommerce,pos,CA,76,110,0,0
6336,2024-09-21 00:00:00,206.33,ecommerce,web,CA,23,462,1,1
6337,2024-09-21 01:00:00,137.28,ecommerce,mobile,CA,60,525,1,0
6338,2024-09-21 02:00:00,148.08,grocery,pos,CA,36,108,1,0
6339,2024-09-21 03:00:00,137.35,electronics,web,CA,51,320,1,0
6340,2024-09-21 04:00:00,5.0,restaurant,web,CA,31,92,1,0
6341,2024-09-21 05:00:00,88.32,restaurant,pos,FR,67,370,1,0
6342,2024-09-21 06:00:00,48.37,restaurant,web,CA,22,405,0,0
6343,2024-09-21 07:00:00,102.16,fuel,web,FR,23,4,0,0
6344,2024-09-21 08:00:00,15.1,ecommerce,pos,CA,40,567,0,0
6345,2024-09-21 09:00:00,45.69,travel,web,FR,78,156,0,0
6346,2024-09-21 10:00:00,27.71,restaurant,pos,MX,19,278,0,0
6347,2024-09-21 11:00:00,326.22,electronics,mobile,IN,30,155,0,1
6348,2024-09-21 12:00:00,116.43,fuel,atm,FR,51,544,0,0
6349,2024-09-21 13:00:00,51.14,electronics,mobile,MX,19,457,0,0
6350,2024-09-21 14:00:00,68.17,electronics,pos,CA,54,594,0,0
6351,2024-09-21 15:00:00,361.99,restaurant,mobile,CA,42,231,0,0
6352,2024-09-21 16:00:00,59.76,electronics,web,CA,61,338,0,0
6353,2024-09-21 17:00:00,110.29,ecommerce,pos,FR,21,347,0,0
6354,2024-09-21 18:00:00,39.99,ecommerce,atm,FR,30,138,0,0
6355,2024-09-21 19:00:00,41.85,fuel,mobile,CA,29,560,0,0
6356,2024-09-21 20:00:00,27.54,ecommerce,pos,MX,68,519,0,0
6357,2024-09-21 21:00:00,12.84,restaurant,atm,CA,68,591,0,0
6358,2024-09-21 22:00:00,19.55,fuel,pos,MX,25,274,0,0
6359,2024-09-21 23:00:00,16.71,fuel,web,US,45,76,0,0
6360,2024-09-22 00:00:00,45.68,ecommerce,pos,CA,65,95,1,0
6361,2024-09-22 01:00:00,219.11,travel,pos,FR,18,334,1,0
6362,2024-09-22 02:00:00,149.63,fuel,atm,CA,24,491,1,0
6363,2024-09-22 03:00:00,19.25,grocery,web,GB,61,420,1,0
6364,2024-09-22 04:00:00,11.21,restaurant,pos,MX,56,440,1,0
6365,2024-09-22 05:00:00,60.57,ecommerce,mobile,CA,66,470,1,0
6366,2024-09-22 06:00:00,27.91,ecommerce,mobile,CA,49,506,0,0
6367,2024-09-22 07:00:00,7.52,grocery,atm,CA,79,552,0,0
6368,2024-09-22 08:00:00,71.14,fuel,atm,US,26,218,0,0
6369,2024-09-22 09:00:00,105.66,electronics,atm,FR,28,437,0,0
6370,2024-09-22 10:00:00,32.06,restaurant,mobile,CA,61,167,0,0
6371,2024-09-22 11:00:00,5.78,grocery,pos,CA,76,414,0,0
6372,2024-09-22 12:00:00,16.13,restaurant,atm,CA,19,33,0,0
6373,2024-09-22 13:00:00,27.48,electronics,pos,CA,66,32,0,0
6374,2024-09-22 14:00:00,58.96,ecommerce,pos,CA,84,120,0,0
6375,2024-09-22 15:00:00,36.97,grocery,web,US,56,327,0,0
6376,2024-09-22 16:00:00,67.73,ecommerce,pos,CA,74,547,0,0
6377,2024-09-22 17:00:00,14.98,restaurant,web,FR,35,359,0,0
6378,2024-09-22 18:00:00,27.87,ecommerce,atm,CA,72,337,0,0
6379,2024-09-22 19:00:00,22.94,fuel,web,US,49,418,0,0
6380,2024-09-22 20:00:00,135.52,electronics,web,CA,38,532,0,0
6381,2024-09-22 21:00:00,16.21,restaurant,web,CA,31,350,0,0
6382,2024-09-22 22:00:00,58.71,travel,mobile,CA,75,443,0,0
6383,2024-09-22 23:00:00,43.93,electronics,pos,MX,66,246,0,0
6384,2024-09-23 00:00:00,18.11,grocery,pos,IN,71,598,1,0
6385,2024-09-23 01:00:00,18.16,restaurant,mobile,CA,65,292,1,0
6386,2024-09-23 02:00:00,22.35,ecommerce,web,CA,35,536,1,0
6387,2024-09-23 03:00:00,21.94,grocery,web,US,31,581,1,0
6388,2024-09-23 04:00:00,83.04,restaurant,pos,CA,62,530,1,0
6389,2024-09-23 05:00:00,25.13,grocery,pos,GB,35,197,1,0
6390,2024-09-23 06:00:00,10.74,grocery,mobile,CA,62,224,0,0
6391,2024-09-23 07:00:00,17.88,travel,web,FR,79,471,0,1
6392,2024-09-23 08:00:00,313.58,ecommerce,web,US,68,558,0,1
6393,2024-09-23 09:00:00,91.34,grocery,mobile,CA,50,365,0,0
6394,2024-09-23 10:00:00,176.34,travel,mobile,MX,79,467,0,1
6395,2024-09-23 11:00:00,279.84,electronics,pos,CA,55,266,0,0
6396,2024-09-23 12:00:00,158.0,electronics,mobile,MX,49,515,0,0
6397,2024-09-23 13:00:00,30.6,grocery,pos,GB,83,249,0,0
6398,2024-09-23 14:00:00,8.94,fuel,pos,US,40,373,0,0
6399,2024-09-23 15:00:00,547.61,electronics,mobile,CA,32,322,0,0
6400,2024-09-23 16:00:00,22.11,grocery,pos,CA,27,502,0,0
6401,2024-09-23 17:00:00,23.22,grocery,pos,CA,60,480,0,0
6402,2024-09-23 18:00:00,33.88,grocery,mobile,US,52,504,0,0
6403,2024-09-23 19:00:00,28.67,fuel,mobile,US,70,73,0,0
6404,2024-09-23 20:00:00,54.95,grocery,atm,CA,27,147,0,0
6405,2024-09-23 21:00:00,148.62,electronics,mobile,GB,39,547,0,1
6406,2024-09-23 22:00:00,16.24,restaurant,pos,GB,26,78,0,0
6407,2024-09-23 23:00:00,33.53,grocery,mobile,MX,38,465,0,0
6408,2024-09-24 00:00:00,222.53,travel,web,CA,83,381,1,0
6409,2024-09-24 01:00:00,18.05,grocery,mobile,CA,78,209,1,0
6410,2024-09-24 02:00:00,120.44,grocery,pos,CA,51,22,1,0
6411,2024-09-24 03:00:00,96.5,electronics,pos,GB,24,6,1,0
6412,2024-09-24 04:00:00,253.14,ecommerce,pos,GB,85,536,1,0
6413,2024-09-24 05:00:00,7.8,restaurant,mobile,FR,28,63,1,0
6414,2024-09-24 06:00:00,49.21,fuel,pos,CA,24,447,0,0
6415,2024-09-24 07:00:00,14.7,grocery,web,MX,45,86,0,0
6416,2024-09-24 08:00:00,15.42,fuel,mobile,FR,81,238,0,0
6417,2024-09-24 09:00:00,73.96,grocery,mobile,CA,72,62,0,0
6418,2024-09-24 10:00:00,22.23,restaurant,web,CA,42,382,0,0
6419,2024-09-24 11:00:00,1017.86,electronics,pos,CA,48,61,0,1
6420,2024-09-24 12:00:00,95.73,ecommerce,atm,US,22,376,0,0
6421,2024-09-24 13:00:00,14.59,fuel,web,CA,36,577,0,0
6422,2024-09-24 14:00:00,217.92,travel,web,CA,63,445,0,0
6423,2024-09-24 15:00:00,79.38,electronics,atm,CA,46,395,0,0
6424,2024-09-24 16:00:00,69.27,grocery,pos,GB,84,544,0,0
6425,2024-09-24 17:00:00,25.09,grocery,web,FR,48,493,0,0
6426,2024-09-24 18:00:00,47.24,grocery,pos,GB,75,440,0,0
6427,2024-09-24 19:00:00,71.8,ecommerce,pos,FR,67,338,0,0
6428,2024-09-24 20:00:00,29.3,fuel,web,US,52,234,0,0
6429,2024-09-24 21:00:00,83.66,grocery,mobile,FR,77,372,0,0
6430,2024-09-24 22:00:00,11.85,ecommerce,pos,CA,77,64,0,0
6431,2024-09-24 23:00:00,29.8,fuel,mobile,FR,39,529,0,0
6432,2024-09-25 00:00:00,17.43,grocery,mobile,FR,36,531,1,0
6433,2024-09-25 01:00:00,8.11,restaurant,mobile,MX,66,157,1,0
6434,2024-09-25 02:00:00,64.22,travel,pos,CA,19,454,1,0
6435,2024-09-25 03:00:00,34.38,ecommerce,mobile,CA,65,417,1,0
6436,2024-09-25 04:00:00,22.09,fuel,pos,CA,47,513,1,0
6437,2024-09-25 05:00:00,81.36,ecommerce,mobile,CA,70,540,1,0
6438,2024-09-25 06:00:00,44.47,restaurant,web,CA,26,446,0,0
6439,2024-09-25 07:00:00,18.89,fuel,mobile,CA,57,562,0,0
6440,2024-09-25 08:00:00,113.64,fuel,pos,CA,54,195,0,0
6441,2024-09-25 09:00:00,19.54,restaurant,mobile,FR,18,266,0,0
6442,2024-09-25 10:00:00,17.05,electronics,pos,US,53,89,0,0
6443,2024-09-25 11:00:00,72.07,electronics,pos,FR,62,514,0,0
6444,2024-09-25 12:00:00,62.66,ecommerce,web,CA,45,166,0,0
6445,2024-09-25 13:00:00,5.0,grocery,pos,CA,59,302,0,0
6446,2024-09-25 14:00:00,291.31,electronics,mobile,CA,40,97,0,0
6447,2024-09-25 15:00:00,24.97,fuel,mobile,FR,59,154,0,0
6448,2024-09-25 16:00:00,34.84,electronics,web,CA,34,405,0,0
6449,2024-09-25 17:00:00,41.42,electronics,mobile,MX,37,150,0,0
6450,2024-09-25 18:00:00,119.21,ecommerce,mobile,CA,22,309,0,0
6451,2024-09-25 19:00:00,133.07,ecommerce,atm,CA,24,271,0,0
6452,2024-09-25 20:00:00,15.23,fuel,pos,CA,27,369,0,0
6453,2024-09-25 21:00:00,17.74,ecommerce,web,CA,30,154,0,0
6454,2024-09-25 22:00:00,153.56,travel,mobile,CA,66,291,0,0
6455,2024-09-25 23:00:00,130.42,electronics,pos,FR,32,18,0,0
6456,2024-09-26 00:00:00,45.4,fuel,pos,CA,42,311,1,0
6457,2024-09-26 01:00:00,59.2,electronics,pos,CA,29,63,1,0
6458,2024-09-26 02:00:00,24.46,fuel,web,CA,46,437,1,0
6459,2024-09-26 03:00:00,100.07,electronics,web,IN,34,510,1,1
6460,2024-09-26 04:00:00,143.37,ecommerce,mobile,US,40,241,1,0
6461,2024-09-26 05:00:00,325.11,electronics,web,US,22,530,1,1
6462,2024-09-26 06:00:00,415.05,electronics,mobile,CA,52,235,0,1
6463,2024-09-26 07:00:00,193.94,ecommerce,pos,FR,36,524,0,0
6464,2024-09-26 08:00:00,139.63,fuel,mobile,CA,62,312,0,0
6465,2024-09-26 09:00:00,67.94,restaurant,mobile,GB,85,332,0,0
6466,2024-09-26 10:00:00,35.34,ecommerce,pos,GB,50,245,0,0
6467,2024-09-26 11:00:00,390.7,electronics,pos,CA,52,562,0,0
6468,2024-09-26 12:00:00,7.91,restaurant,pos,CA,74,424,0,0
6469,2024-09-26 13:00:00,229.26,restaurant,atm,CA,41,299,0,0
6470,2024-09-26 14:00:00,24.97,ecommerce,pos,CA,27,478,0,0
6471,2024-09-26 15:00:00,303.44,travel,pos,CA,66,277,0,0
6472,2024-09-26 16:00:00,100.15,restaurant,pos,CA,62,526,0,0
6473,2024-09-26 17:00:00,41.27,fuel,pos,CA,49,285,0,0
6474,2024-09-26 18:00:00,5.18,grocery,web,MX,44,486,0,0
6475,2024-09-26 19:00:00,13.96,grocery,mobile,CA,20,152,0,0
6476,2024-09-26 20:00:00,135.49,electronics,web,US,55,340,0,0
6477,2024-09-26 21:00:00,106.42,ecommerce,mobile,CA,55,368,0,0
6478,2024-09-26 22:00:00,51.13,ecommerce,pos,CA,53,316,0,0
6479,2024-09-26 23:00:00,64.21,ecommerce,web,CA,38,269,0,0
6480,2024-09-27 00:00:00,26.2,electronics,mobile,FR,28,0,1,1
6481,2024-09-27 01:00:00,134.8,fuel,mobile,CA,56,585,1,0
6482,2024-09-27 02:00:00,19.43,restaurant,mobile,US,60,129,1,0
6483,2024-09-27 03:00:00,199.87,electronics,pos,FR,29,103,1,1
6484,2024-09-27 04:00:00,96.55,restaurant,web,US,26,487,1,1
6485,2024-09-27 05:00:00,9.65,restaurant,mobile,CA,50,46,1,0
6486,2024-09-27 06:00:00,67.39,ecommerce,pos,CA,21,458,0,0
6487,2024-09-27 07:00:00,175.3,travel,mobile,US,31,211,0,0
6488,2024-09-27 08:00:00,25.97,grocery,pos,MX,61,432,0,0
6489,2024-09-27 09:00:00,62.9,restaurant,pos,GB,38,129,0,0
6490,2024-09-27 10:00:00,32.94,ecommerce,mobile,MX,49,422,0,0
6491,2024-09-27 11:00:00,143.42,travel,mobile,CA,64,596,0,0
6492,2024-09-27 12:00:00,19.55,restaurant,mobile,GB,30,303,0,0
6493,2024-09-27 13:00:00,265.65,grocery,mobile,US,33,335,0,0
6494,2024-09-27 14:00:00,15.03,restaurant,pos,IN,38,368,0,0
6495,2024-09-27 15:00:00,64.05,grocery,mobile,GB,46,216,0,0
6496,2024-09-27 16:00:00,137.53,fuel,atm,CA,56,331,0,0
6497,2024-09-27 17:00:00,11.95,fuel,pos,MX,22,386,0,0
6498,2024-09-27 18:00:00,65.44,ecommerce,web,US,50,14,0,0
6499,2024-09-27 19:00:00,56.18,travel,atm,CA,64,272,0,0
6500,2024-09-27 20:00:00,5.0,restaurant,pos,CA,75,316,0,0
6501,2024-09-27 21:00:00,29.63,ecommerce,atm,CA,54,125,0,0
6502,2024-09-27 22:00:00,16.34,fuel,web,CA,60,282,0,0
6503,2024-09-27 23:00:00,17.24,restaurant,mobile,MX,73,237,0,0
6504,2024-09-28 00:00:00,75.05,electronics,web,CA,67,333,1,1
6505,2024-09-28 01:00:00,32.94,grocery,mobile,GB,54,172,1,0
6506,2024-09-28 02:00:00,9.3,restaurant,mobile,CA,56,539,1,0
6507,2024-09-28 03:00:00,44.95,grocery,pos,GB,85,383,1,0
6508,2024-09-28 04:00:00,406.79,travel,web,MX,69,376,1,1
6509,2024-09-28 05:00:00,90.42,fuel,atm,GB,34,490,1,0
6510,2024-09-28 06:00:00,77.76,electronics,atm,CA,48,12,0,0
6511,2024-09-28 07:00:00,73.24,grocery,atm,IN,68,157,0,0
6512,2024-09-28 08:00:00,17.75,grocery,mobile,CA,53,108,0,0
6513,2024-09-28 09:00:00,72.15,electronics,mobile,GB,47,373,0,0
6514,2024-09-28 10:00:00,46.89,grocery,web,CA,59,205,0,0
6515,2024-09-28 11:00:00,20.2,fuel,web,CA,43,425,0,0
6516,2024-09-28 12:00:00,31.51,electronics,web,US,64,566,0,0
6517,2024-09-28 13:00:00,288.94,travel,pos,CA,67,222,0,0
6518,2024-09-28 14:00:00,15.54,grocery,pos,CA,79,198,0,0
6519,2024-09-28 15:00:00,37.61,ecommerce,web,CA,82,293,0,0
6520,2024-09-28 16:00:00,70.76,restaurant,pos,CA,66,293,0,0
6521,2024-09-28 17:00:00,44.27,fuel,pos,IN,69,215,0,1
6522,2024-09-28 18:00:00,38.39,grocery,pos,US,70,208,0,0
6523,2024-09-28 19:00:00,8.73,grocery,mobile,CA,40,224,0,0
6524,2024-09-28 20:00:00,21.08,ecommerce,atm,GB,80,292,0,0
6525,2024-09-28 21:00:00,39.03,restaurant,web,US,52,268,0,0
6526,2024-09-28 22:00:00,105.88,ecommerce,atm,MX,76,274,0,0
6527,2024-09-28 23:00:00,41.14,grocery,mobile,US,32,177,0,0
6528,2024-09-29 00:00:00,17.82,fuel,pos,CA,39,380,1,0
6529,2024-09-29 01:00:00,20.76,grocery,pos,CA,60,293,1,0
6530,2024-09-29 02:00:00,72.93,ecommerce,pos,GB,57,137,1,0
6531,2024-09-29 03:00:00,8.85,restaurant,pos,GB,45,452,1,0
6532,2024-09-29 04:00:00,106.73,electronics,web,GB,33,529,1,1
6533,2024-09-29 05:00:00,9.39,grocery,pos,CA,33,236,1,0
6534,2024-09-29 06:00:00,10.59,fuel,atm,GB,67,314,0,0
6535,2024-09-29 07:00:00,38.46,grocery,web,CA,19,568,0,0
6536,2024-09-29 08:00:00,55.37,grocery,web,MX,26,189,0,0
6537,2024-09-29 09:00:00,185.66,travel,atm,CA,80,131,0,0
6538,2024-09-29 10:00:00,10.01,fuel,atm,GB,84,208,0,0
6539,2024-09-29 11:00:00,18.24,electronics,mobile,IN,23,270,0,0
6540,2024-09-29 12:00:00,27.1,restaurant,mobile,CA,27,266,0,0
6541,2024-09-29 13:00:00,10.87,ecommerce,atm,GB,40,361,0,0
6542,2024-09-29 14:00:00,63.87,restaurant,web,US,57,166,0,0
6543,2024-09-29 15:00:00,10.32,fuel,mobile,CA,30,326,0,0
6544,2024-09-29 16:00:00,448.58,ecommerce,pos,CA,84,64,0,1
6545,2024-09-29 17:00:00,11.49,restaurant,web,MX,51,569,0,0
6546,2024-09-29 18:00:00,49.69,grocery,web,CA,54,177,0,0
6547,2024-09-29 19:00:00,14.07,fuel,pos,CA,31,194,0,0
6548,2024-09-29 20:00:00,84.47,electronics,pos,FR,38,96,0,0
6549,2024-09-29 21:00:00,70.87,ecommerce,pos,US,68,226,0,0
6550,2024-09-29 22:00:00,59.21,restaurant,pos,GB,61,585,0,0
6551,2024-09-29 23:00:00,150.34,ecommerce,pos,US,33,358,0,0
6552,2024-09-30 00:00:00,189.12,electronics,web,CA,48,400,1,0
6553,2024-09-30 01:00:00,83.35,grocery,mobile,GB,30,358,1,0
6554,2024-09-30 02:00:00,18.82,grocery,web,CA,45,200,1,0
6555,2024-09-30 03:00:00,107.69,ecommerce,mobile,CA,32,473,1,0
6556,2024-09-30 04:00:00,20.09,restaurant,pos,US,84,206,1,0
6557,2024-09-30 05:00:00,79.58,grocery,mobile,IN,38,477,1,0
6558,2024-09-30 06:00:00,30.29,restaurant,pos,CA,50,592,0,0
6559,2024-09-30 07:00:00,104.96,ecommerce,pos,IN,61,6,0,0
6560,2024-09-30 08:00:00,35.49,fuel,web,GB,20,100,0,0
6561,2024-09-30 09:00:00,119.06,ecommerce,atm,CA,32,459,0,0
6562,2024-09-30 10:00:00,15.84,grocery,atm,CA,85,72,0,0
6563,2024-09-30 11:00:00,6.63,restaurant,mobile,CA,65,431,0,0
6564,2024-09-30 12:00:00,146.26,ecommerce,mobile,US,34,147,0,1
6565,2024-09-30 13:00:00,329.73,electronics,web,CA,47,352,0,1
6566,2024-09-30 14:00:00,24.6,fuel,mobile,CA,76,392,0,0
6567,2024-09-30 15:00:00,56.65,fuel,pos,CA,31,190,0,0
6568,2024-09-30 16:00:00,31.5,travel,pos,IN,38,515,0,0
6569,2024-09-30 17:00:00,15.6,restaurant,atm,CA,34,545,0,0
6570,2024-09-30 18:00:00,105.8,electronics,atm,CA,63,131,0,0
6571,2024-09-30 19:00:00,5.73,fuel,pos,CA,53,443,0,0
6572,2024-09-30 20:00:00,34.46,travel,pos,CA,52,404,0,0
6573,2024-09-30 21:00:00,157.35,travel,pos,CA,43,154,0,0
6574,2024-09-30 22:00:00,34.82,ecommerce,web,GB,40,490,0,0
6575,2024-09-30 23:00:00,99.91,travel,pos,US,52,183,0,0
6576,2024-10-01 00:00:00,18.94,fuel,mobile,CA,72,153,1,0
6577,2024-10-01 01:00:00,30.96,electronics,pos,GB,73,426,1,0
6578,2024-10-01 02:00:00,22.45,restaurant,pos,CA,71,71,1,0
6579,2024-10-01 03:00:00,26.96,restaurant,pos,GB,21,551,1,0
6580,2024-10-01 04:00:00,58.17,electronics,mobile,CA,51,231,1,0
6581,2024-10-01 05:00:00,86.92,travel,pos,FR,44,294,1,0
6582,2024-10-01 06:00:00,81.79,electronics,web,IN,81,408,0,0
6583,2024-10-01 07:00:00,68.51,grocery,mobile,GB,46,528,0,0
6584,2024-10-01 08:00:00,25.07,fuel,mobile,CA,34,462,0,0
6585,2024-10-01 09:00:00,10.61,ecommerce,pos,CA,35,229,0,0
6586,2024-10-01 10:00:00,11.19,grocery,mobile,GB,31,450,0,0
6587,2024-10-01 11:00:00,63.15,restaurant,pos,CA,48,237,0,0
6588,2024-10-01 12:00:00,14.73,restaurant,mobile,CA,35,310,0,0
6589,2024-10-01 13:00:00,25.21,fuel,web,CA,56,412,0,0
6590,2024-10-01 14:00:00,339.58,ecommerce,atm,CA,33,330,0,0
6591,2024-10-01 15:00:00,173.54,electronics,atm,CA,57,30,0,0
6592,2024-10-01 16:00:00,8.69,ecommerce,mobile,CA,59,26,0,0
6593,2024-10-01 17:00:00,360.76,electronics,atm,US,63,83,0,0
6594,2024-10-01 18:00:00,31.23,restaurant,pos,CA,78,50,0,0
6595,2024-10-01 19:00:00,83.74,ecommerce,mobile,CA,23,437,0,0
6596,2024-10-01 20:00:00,78.97,ecommerce,pos,CA,21,115,0,0
6597,2024-10-01 21:00:00,136.64,ecommerce,pos,IN,49,145,0,0
6598,2024-10-01 22:00:00,30.49,grocery,web,US,53,188,0,0
6599,2024-10-01 23:00:00,15.83,ecommerce,mobile,US,69,105,0,0
6600,2024-10-02 00:00:00,43.83,grocery,mobile,GB,33,521,1,0
6601,2024-10-02 01:00:00,9.45,grocery,mobile,US,48,53,1,0
6602,2024-10-02 02:00:00,308.04,ecommerce,web,CA,59,115,1,0
6603,2024-10-02 03:00:00,23.65,grocery,atm,US,62,135,1,0
6604,2024-10-02 04:00:00,93.81,electronics,mobile,CA,54,50,1,0
6605,2024-10-02 05:00:00,17.83,grocery,mobile,US,58,150,1,0
6606,2024-10-02 06:00:00,37.04,restaurant,pos,CA,29,111,0,0
6607,2024-10-02 07:00:00,90.4,ecommerce,web,IN,49,205,0,1
6608,2024-10-02 08:00:00,17.78,grocery,mobile,CA,54,92,0,0
6609,2024-10-02 09:00:00,49.25,grocery,atm,CA,23,563,0,0
6610,2024-10-02 10:00:00,104.45,electronics,pos,US,83,472,0,0
6611,2024-10-02 11:00:00,55.09,ecommerce,pos,CA,61,387,0,0
6612,2024-10-02 12:00:00,13.88,fuel,pos,CA,66,356,0,0
6613,2024-10-02 13:00:00,262.99,grocery,pos,FR,54,416,0,0
6614,2024-10-02 14:00:00,79.15,restaurant,mobile,GB,81,565,0,1
6615,2024-10-02 15:00:00,63.1,grocery,pos,MX,18,79,0,0
6616,2024-10-02 16:00:00,165.53,ecommerce,web,CA,83,319,0,0
6617,2024-10-02 17:00:00,35.76,restaurant,mobile,CA,32,115,0,0
6618,2024-10-02 18:00:00,43.86,ecommerce,web,CA,78,271,0,0
6619,2024-10-02 19:00:00,5.57,ecommerce,pos,US,22,540,0,0
6620,2024-10-02 20:00:00,32.81,electronics,web,US,39,379,0,0
6621,2024-10-02 21:00:00,421.51,ecommerce,web,CA,56,381,0,0
6622,2024-10-02 22:00:00,93.07,grocery,atm,CA,62,57,0,0
6623,2024-10-02 23:00:00,72.05,ecommerce,mobile,CA,19,486,0,0
6624,2024-10-03 00:00:00,7.92,grocery,atm,CA,42,429,1,0
6625,2024-10-03 01:00:00,48.33,restaurant,pos,CA,75,214,1,0
6626,2024-10-03 02:00:00,106.28,travel,mobile,CA,30,200,1,0
6627,2024-10-03 03:00:00,255.81,travel,web,CA,82,346,1,1
6628,2024-10-03 04:00:00,12.04,grocery,mobile,CA,66,455,1,0
6629,2024-10-03 05:00:00,63.23,electronics,web,CA,84,301,1,0
6630,2024-10-03 06:00:00,302.75,travel,pos,CA,79,514,0,0
6631,2024-10-03 07:00:00,185.71,grocery,pos,GB,33,123,0,0
6632,2024-10-03 08:00:00,15.09,restaurant,mobile,CA,81,414,0,0
6633,2024-10-03 09:00:00,11.1,fuel,mobile,CA,51,495,0,0
6634,2024-10-03 10:00:00,246.75,electronics,pos,CA,35,424,0,0
6635,2024-10-03 11:00:00,19.32,ecommerce,mobile,CA,78,200,0,0
6636,2024-10-03 12:00:00,11.25,grocery,mobile,CA,49,278,0,0
6637,2024-10-03 13:00:00,124.85,electronics,web,CA,64,280,0,0
6638,2024-10-03 14:00:00,642.2,electronics,pos,CA,59,185,0,0
6639,2024-10-03 15:00:00,27.98,ecommerce,mobile,GB,38,79,0,1
6640,2024-10-03 16:00:00,23.49,grocery,mobile,FR,84,112,0,0
6641,2024-10-03 17:00:00,108.63,electronics,mobile,CA,74,383,0,0
6642,2024-10-03 18:00:00,21.41,grocery,mobile,CA,53,135,0,0
6643,2024-10-03 19:00:00,12.25,ecommerce,mobile,IN,57,475,0,0
6644,2024-10-03 20:00:00,280.92,travel,pos,CA,22,476,0,1
6645,2024-10-03 21:00:00,38.74,grocery,atm,IN,67,246,0,0
6646,2024-10-03 22:00:00,45.57,grocery,pos,GB,79,219,0,0
6647,2024-10-03 23:00:00,28.84,grocery,mobile,CA,83,587,0,0
6648,2024-10-04 00:00:00,106.56,restaurant,mobile,CA,56,7,1,1
6649,2024-10-04 01:00:00,38.14,ecommerce,mobile,CA,85,154,1,0
6650,2024-10-04 02:00:00,51.78,travel,web,GB,72,415,1,0
6651,2024-10-04 03:00:00,122.02,restaurant,pos,CA,52,524,1,0
6652,2024-10-04 04:00:00,18.87,travel,web,MX,72,275,1,0
6653,2024-10-04 05:00:00,23.77,fuel,web,CA,28,433,1,0
6654,2024-10-04 06:00:00,25.51,fuel,pos,GB,63,130,0,0
6655,2024-10-04 07:00:00,54.17,ecommerce,pos,GB,60,557,0,0
6656,2024-10-04 08:00:00,33.79,travel,atm,CA,51,350,0,0
6657,2024-10-04 09:00:00,9.4,restaurant,pos,CA,61,445,0,0
6658,2024-10-04 10:00:00,232.75,electronics,pos,CA,75,105,0,0
6659,2024-10-04 11:00:00,208.95,ecommerce,pos,GB,56,297,0,0
6660,2024-10-04 12:00:00,41.25,ecommerce,mobile,MX,43,437,0,0
6661,2024-10-04 13:00:00,11.81,restaurant,web,CA,46,248,0,0
6662,2024-10-04 14:00:00,6.57,grocery,mobile,GB,56,577,0,0
6663,2024-10-04 15:00:00,63.65,restaurant,web,CA,57,498,0,0
6664,2024-10-04 16:00:00,147.67,ecommerce,pos,CA,39,77,0,0
6665,2024-10-04 17:00:00,7.83,electronics,web,FR,54,505,0,0
6666,2024-10-04 18:00:00,11.09,electronics,pos,CA,37,230,0,0
6667,2024-10-04 19:00:00,30.88,fuel,mobile,GB,82,353,0,0
6668,2024-10-04 20:00:00,41.63,grocery,pos,CA,54,245,0,0
6669,2024-10-04 21:00:00,17.77,restaurant,pos,US,74,421,0,0
6670,2024-10-04 22:00:00,58.3,ecommerce,web,CA,43,258,0,0
6671,2024-10-04 23:00:00,48.08,ecommerce,pos,CA,44,278,0,0
6672,2024-10-05 00:00:00,27.96,fuel,web,CA,37,350,1,0
6673,2024-10-05 01:00:00,26.7,ecommerce,web,MX,56,131,1,1
6674,2024-10-05 02:00:00,97.2,electronics,atm,CA,59,256,1,0
6675,2024-10-05 03:00:00,17.85,grocery,pos,CA,56,30,1,0
6676,2024-10-05 04:00:00,30.37,ecommerce,web,CA,74,35,1,0
6677,2024-10-05 05:00:00,5.09,restaurant,mobile,CA,52,392,1,0
6678,2024-10-05 06:00:00,27.97,grocery,pos,US,73,167,0,0
6679,2024-10-05 07:00:00,56.23,fuel,mobile,MX,21,402,0,0
6680,2024-10-05 08:00:00,101.83,travel,mobile,MX,42,456,0,0
6681,2024-10-05 09:00:00,19.86,restaurant,mobile,CA,66,399,0,0
6682,2024-10-05 10:00:00,422.61,travel,atm,CA,44,252,0,0
6683,2024-10-05 11:00:00,247.22,electronics,mobile,CA,67,338,0,0
6684,2024-10-05 12:00:00,286.13,ecommerce,web,CA,58,470,0,0
6685,2024-10-05 13:00:00,457.92,ecommerce,atm,FR,50,205,0,0
6686,2024-10-05 14:00:00,28.8,restaurant,pos,CA,55,250,0,0
6687,2024-10-05 15:00:00,9.63,restaurant,web,IN,79,145,0,0
6688,2024-10-05 16:00:00,17.08,fuel,mobile,CA,64,120,0,0
6689,2024-10-05 17:00:00,45.72,fuel,mobile,MX,84,39,0,0
6690,2024-10-05 18:00:00,99.78,fuel,atm,MX,24,42,0,1
6691,2024-10-05 19:00:00,12.75,grocery,pos,MX,73,88,0,0
6692,2024-10-05 20:00:00,34.35,restaurant,mobile,US,78,462,0,0
6693,2024-10-05 21:00:00,48.14,electronics,pos,CA,81,377,0,0
6694,2024-10-05 22:00:00,23.92,fuel,mobile,MX,54,52,0,0
6695,2024-10-05 23:00:00,51.93,ecommerce,mobile,CA,51,461,0,0
6696,2024-10-06 00:00:00,84.64,ecommerce,pos,CA,57,450,1,0
6697,2024-10-06 01:00:00,204.03,grocery,mobile,CA,80,545,1,0
6698,2024-10-06 02:00:00,150.71,electronics,web,CA,76,582,1,0
6699,2024-10-06 03:00:00,18.54,fuel,web,IN,81,50,1,0
6700,2024-10-06 04:00:00,35.16,ecommerce,atm,CA,83,314,1,0
6701,2024-10-06 05:00:00,114.95,travel,mobile,CA,60,489,1,1
6702,2024-10-06 06:00:00,12.46,restaurant,web,CA,35,143,0,0
6703,2024-10-06 07:00:00,37.15,grocery,pos,US,28,359,0,0
6704,2024-10-06 08:00:00,5.0,fuel,pos,MX,79,54,0,0
6705,2024-10-06 09:00:00,22.57,fuel,pos,IN,28,181,0,0
6706,2024-10-06 10:00:00,29.09,grocery,pos,US,22,588,0,0
6707,2024-10-06 11:00:00,9.6,fuel,pos,CA,50,436,0,0
6708,2024-10-06 12:00:00,96.77,travel,web,CA,68,156,0,0
6709,2024-10-06 13:00:00,89.76,grocery,mobile,CA,68,594,0,0
6710,2024-10-06 14:00:00,95.78,grocery,pos,US,35,121,0,0
6711,2024-10-06 15:00:00,16.9,restaurant,web,IN,52,228,0,0
6712,2024-10-06 16:00:00,96.2,ecommerce,atm,CA,78,267,0,0
6713,2024-10-06 17:00:00,35.43,travel,pos,CA,72,377,0,0
6714,2024-10-06 18:00:00,104.56,travel,mobile,US,80,157,0,0
6715,2024-10-06 19:00:00,120.97,electronics,pos,US,70,156,0,0
6716,2024-10-06 20:00:00,388.39,electronics,web,US,24,403,0,1
6717,2024-10-06 21:00:00,79.87,restaurant,mobile,CA,31,123,0,0
6718,2024-10-06 22:00:00,164.73,travel,pos,CA,29,85,0,0
6719,2024-10-06 23:00:00,12.02,fuel,pos,CA,27,89,0,0
6720,2024-10-07 00:00:00,203.97,ecommerce,mobile,CA,76,197,1,1
6721,2024-10-07 01:00:00,44.21,ecommerce,pos,MX,65,19,1,0
6722,2024-10-07 02:00:00,89.92,ecommerce,mobile,CA,80,21,1,0
6723,2024-10-07 03:00:00,29.34,grocery,web,CA,39,435,1,0
6724,2024-10-07 04:00:00,360.8,ecommerce,pos,IN,84,325,1,1
6725,2024-10-07 05:00:00,34.68,ecommerce,mobile,CA,81,87,1,0
6726,2024-10-07 06:00:00,74.72,grocery,web,CA,25,153,0,0
6727,2024-10-07 07:00:00,55.56,ecommerce,pos,IN,77,406,0,0
6728,2024-10-07 08:00:00,164.02,electronics,atm,CA,25,482,0,0
6729,2024-10-07 09:00:00,117.32,fuel,web,GB,48,522,0,0
6730,2024-10-07 10:00:00,16.18,electronics,mobile,CA,30,130,0,0
6731,2024-10-07 11:00:00,25.74,fuel,pos,FR,57,508,0,0
6732,2024-10-07 12:00:00,12.21,restaurant,pos,CA,19,256,0,0
6733,2024-10-07 13:00:00,146.78,electronics,mobile,CA,75,179,0,1
6734,2024-10-07 14:00:00,61.03,grocery,mobile,IN,50,346,0,0
6735,2024-10-07 15:00:00,17.88,restaurant,pos,US,77,74,0,0
6736,2024-10-07 16:00:00,20.48,grocery,mobile,CA,47,278,0,0
6737,2024-10-07 17:00:00,163.98,travel,web,CA,55,266,0,0
6738,2024-10-07 18:00:00,31.25,electronics,pos,CA,68,358,0,0
6739,2024-10-07 19:00:00,81.06,ecommerce,mobile,CA,84,108,0,0
6740,2024-10-07 20:00:00,65.39,travel,web,CA,43,37,0,0
6741,2024-10-07 21:00:00,116.23,ecommerce,web,CA,53,224,0,0
6742,2024-10-07 22:00:00,10.0,grocery,mobile,IN,40,591,0,0
6743,2024-10-07 23:00:00,19.66,grocery,web,GB,20,341,0,0
6744,2024-10-08 00:00:00,16.66,grocery,atm,IN,77,329,1,0
6745,2024-10-08 01:00:00,25.05,grocery,mobile,CA,56,387,1,0
6746,2024-10-08 02:00:00,471.07,travel,web,CA,43,305,1,1
6747,2024-10-08 03:00:00,58.45,fuel,web,US,70,131,1,1
6748,2024-10-08 04:00:00,17.73,fuel,atm,CA,73,591,1,0
6749,2024-10-08 05:00:00,63.77,electronics,mobile,CA,84,136,1,0
6750,2024-10-08 06:00:00,72.67,grocery,pos,FR,47,384,0,0
6751,2024-10-08 07:00:00,21.07,ecommerce,pos,MX,25,520,0,0
6752,2024-10-08 08:00:00,100.28,electronics,web,CA,51,395,0,0
6753,2024-10-08 09:00:00,15.83,restaurant,mobile,CA,47,567,0,0
6754,2024-10-08 10:00:00,51.46,ecommerce,atm,CA,32,106,0,0
6755,2024-10-08 11:00:00,67.85,grocery,mobile,US,57,386,0,0
6756,2024-10-08 12:00:00,53.81,electronics,pos,CA,46,55,0,0
6757,2024-10-08 13:00:00,65.6,restaurant,mobile,FR,77,334,0,0
6758,2024-10-08 14:00:00,434.82,ecommerce,pos,CA,21,110,0,1
6759,2024-10-08 15:00:00,103.43,ecommerce,web,CA,66,395,0,0
6760,2024-10-08 16:00:00,30.37,grocery,web,MX,58,196,0,0
6761,2024-10-08 17:00:00,386.72,travel,web,FR,33,77,0,0
6762,2024-10-08 18:00:00,10.06,restaurant,web,GB,41,520,0,0
6763,2024-10-08 19:00:00,536.6,travel,pos,CA,76,539,0,1
6764,2024-10-08 20:00:00,30.49,ecommerce,pos,CA,42,102,0,0
6765,2024-10-08 21:00:00,960.62,travel,mobile,US,63,125,0,1
6766,2024-10-08 22:00:00,51.54,electronics,pos,GB,52,22,0,1
6767,2024-10-08 23:00:00,49.52,fuel,web,IN,78,402,0,0
6768,2024-10-09 00:00:00,24.15,electronics,pos,CA,62,536,1,0
6769,2024-10-09 01:00:00,49.57,ecommerce,pos,US,74,133,1,0
6770,2024-10-09 02:00:00,22.73,ecommerce,pos,CA,79,271,1,0
6771,2024-10-09 03:00:00,37.3,travel,mobile,CA,26,424,1,0
6772,2024-10-09 04:00:00,80.79,fuel,web,CA,74,265,1,0
6773,2024-10-09 05:00:00,9.04,restaurant,pos,CA,83,452,1,0
6774,2024-10-09 06:00:00,14.09,fuel,mobile,CA,20,453,0,0
6775,2024-10-09 07:00:00,27.91,ecommerce,pos,CA,48,445,0,0
6776,2024-10-09 08:00:00,167.5,ecommerce,mobile,MX,35,429,0,0
6777,2024-10-09 09:00:00,68.21,fuel,pos,US,84,257,0,0
6778,2024-10-09 10:00:00,188.4,ecommerce,atm,CA,41,236,0,0
6779,2024-10-09 11:00:00,48.42,electronics,pos,MX,30,364,0,0
6780,2024-10-09 12:00:00,202.34,ecommerce,web,CA,24,64,0,1
6781,2024-10-09 13:00:00,29.37,ecommerce,web,CA,71,359,0,0
6782,2024-10-09 14:00:00,69.2,travel,web,IN,21,19,0,0
6783,2024-10-09 15:00:00,17.47,grocery,mobile,CA,38,432,0,0
6784,2024-10-09 16:00:00,75.2,travel,pos,CA,55,363,0,0
6785,2024-10-09 17:00:00,25.16,fuel,web,US,21,299,0,0
6786,2024-10-09 18:00:00,12.83,fuel,mobile,CA,29,182,0,0
6787,2024-10-09 19:00:00,121.03,electronics,mobile,CA,85,304,0,0
6788,2024-10-09 20:00:00,9.39,electronics,web,MX,49,381,0,0
6789,2024-10-09 21:00:00,33.52,restaurant,web,US,38,411,0,0
6790,2024-10-09 22:00:00,22.52,ecommerce,mobile,CA,77,554,0,0
6791,2024-10-09 23:00:00,32.88,ecommerce,mobile,FR,23,102,0,0
6792,2024-10-10 00:00:00,54.98,electronics,mobile,CA,35,26,1,0
6793,2024-10-10 01:00:00,318.99,travel,mobile,CA,76,392,1,1
6794,2024-10-10 02:00:00,214.96,travel,web,CA,69,97,1,1
6795,2024-10-10 03:00:00,23.52,fuel,mobile,CA,47,89,1,0
6796,2024-10-10 04:00:00,51.63,electronics,web,IN,84,165,1,0
6797,2024-10-10 05:00:00,66.27,grocery,pos,MX,57,435,1,1
6798,2024-10-10 06:00:00,137.29,fuel,mobile,CA,68,37,0,0
6799,2024-10-10 07:00:00,31.94,grocery,web,CA,84,233,0,0
6800,2024-10-10 08:00:00,14.25,ecommerce,pos,CA,52,63,0,0
6801,2024-10-10 09:00:00,72.51,travel,mobile,MX,50,504,0,0
6802,2024-10-10 10:00:00,45.16,fuel,pos,CA,63,458,0,0
6803,2024-10-10 11:00:00,40.32,ecommerce,pos,IN,22,53,0,0
6804,2024-10-10 12:00:00,12.6,restaurant,web,CA,47,164,0,0
6805,2024-10-10 13:00:00,43.63,electronics,mobile,CA,65,276,0,0
6806,2024-10-10 14:00:00,29.65,fuel,web,IN,43,274,0,0
6807,2024-10-10 15:00:00,6.86,restaurant,pos,FR,66,100,0,0
6808,2024-10-10 16:00:00,58.21,ecommerce,web,CA,45,280,0,0
6809,2024-10-10 17:00:00,106.42,electronics,pos,CA,31,522,0,0
6810,2024-10-10 18:00:00,21.86,grocery,atm,FR,27,132,0,0
6811,2024-10-10 19:00:00,23.49,ecommerce,pos,MX,55,75,0,0
6812,2024-10-10 20:00:00,150.19,ecommerce,mobile,US,31,231,0,0
6813,2024-10-10 21:00:00,9.87,grocery,pos,US,43,291,0,0
6814,2024-10-10 22:00:00,31.89,fuel,pos,IN,53,171,0,0
6815,2024-10-10 23:00:00,63.06,grocery,web,CA,21,63,0,0
6816,2024-10-11 00:00:00,157.56,travel,mobile,CA,46,51,1,1
6817,2024-10-11 01:00:00,99.21,grocery,atm,CA,39,479,1,1
6818,2024-10-11 02:00:00,11.79,grocery,web,MX,39,79,1,0
6819,2024-10-11 03:00:00,13.4,restaurant,web,CA,79,169,1,0
6820,2024-10-11 04:00:00,90.12,travel,pos,CA,80,458,1,0
6821,2024-10-11 05:00:00,527.67,restaurant,web,US,38,357,1,1
6822,2024-10-11 06:00:00,43.12,fuel,web,CA,77,14,0,0
6823,2024-10-11 07:00:00,61.23,grocery,atm,IN,33,102,0,0
6824,2024-10-11 08:00:00,49.15,fuel,web,CA,41,283,0,0
6825,2024-10-11 09:00:00,29.31,fuel,mobile,MX,81,211,0,0
6826,2024-10-11 10:00:00,84.24,grocery,mobile,US,24,594,0,0
6827,2024-10-11 11:00:00,5.07,restaurant,pos,CA,43,68,0,0
6828,2024-10-11 12:00:00,175.14,travel,web,CA,72,15,0,0
6829,2024-10-11 13:00:00,144.49,electronics,mobile,CA,81,331,0,0
6830,2024-10-11 14:00:00,68.28,fuel,web,GB,82,576,0,0
6831,2024-10-11 15:00:00,48.24,travel,web,MX,77,2,0,0
6832,2024-10-11 16:00:00,22.68,ecommerce,mobile,CA,83,498,0,0
6833,2024-10-11 17:00:00,10.91,restaurant,pos,CA,49,596,0,0
6834,2024-10-11 18:00:00,96.1,ecommerce,mobile,IN,39,250,0,0
6835,2024-10-11 19:00:00,53.1,grocery,web,CA,44,250,0,0
6836,2024-10-11 20:00:00,13.93,grocery,web,FR,26,596,0,0
6837,2024-10-11 21:00:00,764.44,travel,pos,CA,27,378,0,1
6838,2024-10-11 22:00:00,35.32,restaurant,web,CA,84,328,0,0
6839,2024-10-11 23:00:00,30.53,restaurant,pos,CA,30,172,0,0
6840,2024-10-12 00:00:00,81.53,electronics,pos,CA,59,559,1,0
6841,2024-10-12 01:00:00,63.07,restaurant,web,FR,33,152,1,1
6842,2024-10-12 02:00:00,139.54,electronics,pos,MX,63,236,1,0
6843,2024-10-12 03:00:00,329.04,ecommerce,web,MX,49,508,1,1
6844,2024-10-12 04:00:00,45.78,travel,pos,MX,25,306,1,0
6845,2024-10-12 05:00:00,8.15,grocery,pos,MX,43,455,1,0
6846,2024-10-12 06:00:00,30.85,ecommerce,pos,MX,67,597,0,0
6847,2024-10-12 07:00:00,98.82,ecommerce,web,US,72,386,0,0
6848,2024-10-12 08:00:00,22.28,grocery,pos,FR,37,97,0,0
6849,2024-10-12 09:00:00,85.69,restaurant,pos,US,38,452,0,0
6850,2024-10-12 10:00:00,19.16,restaurant,web,CA,67,360,0,0
6851,2024-10-12 11:00:00,159.02,ecommerce,mobile,CA,46,105,0,0
6852,2024-10-12 12:00:00,46.53,electronics,mobile,CA,22,66,0,0
6853,2024-10-12 13:00:00,174.17,ecommerce,pos,CA,26,561,0,0
6854,2024-10-12 14:00:00,112.33,grocery,mobile,CA,43,63,0,0
6855,2024-10-12 15:00:00,36.13,ecommerce,web,CA,36,273,0,0
6856,2024-10-12 16:00:00,93.31,ecommerce,web,CA,26,592,0,0
6857,2024-10-12 17:00:00,76.42,ecommerce,pos,FR,71,522,0,0
6858,2024-10-12 18:00:00,52.15,grocery,pos,GB,49,504,0,0
6859,2024-10-12 19:00:00,104.08,grocery,web,CA,66,442,0,0
6860,2024-10-12 20:00:00,78.65,grocery,pos,IN,18,286,0,0
6861,2024-10-12 21:00:00,43.36,restaurant,mobile,IN,45,171,0,0
6862,2024-10-12 22:00:00,59.5,grocery,pos,FR,50,539,0,0
6863,2024-10-12 23:00:00,19.16,ecommerce,pos,CA,57,342,0,0
6864,2024-10-13 00:00:00,26.31,fuel,pos,CA,83,237,1,0
6865,2024-10-13 01:00:00,22.29,ecommerce,pos,CA,49,580,1,0
6866,2024-10-13 02:00:00,26.86,fuel,web,MX,51,222,1,0
6867,2024-10-13 03:00:00,89.51,grocery,pos,US,78,22,1,0
6868,2024-10-13 04:00:00,135.63,travel,web,MX,45,361,1,1
6869,2024-10-13 05:00:00,5.0,fuel,pos,GB,44,256,1,0
6870,2024-10-13 06:00:00,38.31,electronics,web,IN,28,374,0,0
6871,2024-10-13 07:00:00,46.05,fuel,atm,US,67,372,0,0
6872,2024-10-13 08:00:00,36.97,ecommerce,mobile,FR,19,378,0,0
6873,2024-10-13 09:00:00,121.6,ecommerce,web,GB,32,204,0,0
6874,2024-10-13 10:00:00,20.26,ecommerce,web,CA,46,151,0,0
6875,2024-10-13 11:00:00,38.49,fuel,mobile,GB,47,191,0,0
6876,2024-10-13 12:00:00,48.32,grocery,atm,CA,20,580,0,0
6877,2024-10-13 13:00:00,122.27,ecommerce,web,CA,53,449,0,0
6878,2024-10-13 14:00:00,75.69,travel,pos,IN,84,235,0,0
6879,2024-10-13 15:00:00,66.09,grocery,mobile,CA,25,550,0,0
6880,2024-10-13 16:00:00,127.11,grocery,pos,CA,51,459,0,0
6881,2024-10-13 17:00:00,17.65,travel,mobile,IN,57,323,0,0
6882,2024-10-13 18:00:00,62.92,ecommerce,pos,CA,40,480,0,0
6883,2024-10-13 19:00:00,19.34,electronics,pos,CA,57,569,0,0
6884,2024-10-13 20:00:00,12.59,restaurant,mobile,CA,41,341,0,0
6885,2024-10-13 21:00:00,13.55,restaurant,mobile,CA,28,60,0,0
6886,2024-10-13 22:00:00,56.57,ecommerce,web,CA,75,258,0,0
6887,2024-10-13 23:00:00,84.36,ecommerce,mobile,CA,85,136,0,0
6888,2024-10-14 00:00:00,308.21,travel,mobile,GB,44,420,1,0
6889,2024-10-14 01:00:00,173.11,travel,web,CA,24,52,1,0
6890,2024-10-14 02:00:00,250.27,travel,atm,US,29,281,1,1
6891,2024-10-14 03:00:00,22.75,ecommerce,web,CA,78,261,1,0
6892,2024-10-14 04:00:00,84.79,grocery,pos,CA,77,231,1,0
6893,2024-10-14 05:00:00,5.0,grocery,mobile,US,51,376,1,0
6894,2024-10-14 06:00:00,129.44,grocery,web,CA,77,327,0,0
6895,2024-10-14 07:00:00,110.13,grocery,mobile,CA,33,120,0,0
6896,2024-10-14 08:00:00,53.62,restaurant,pos,CA,45,480,0,0
6897,2024-10-14 09:00:00,243.53,grocery,pos,CA,25,269,0,0
6898,2024-10-14 10:00:00,26.92,travel,pos,CA,55,94,0,0
6899,2024-10-14 11:00:00,55.06,restaurant,web,CA,65,411,0,0
6900,2024-10-14 12:00:00,67.82,ecommerce,mobile,CA,83,236,0,0
6901,2024-10-14 13:00:00,34.01,fuel,web,CA,69,384,0,0
6902,2024-10-14 14:00:00,34.49,electronics,pos,CA,63,453,0,0
6903,2024-10-14 15:00:00,85.68,ecommerce,web,GB,63,378,0,0
6904,2024-10-14 16:00:00,37.33,fuel,pos,CA,60,565,0,0
6905,2024-10-14 17:00:00,52.83,electronics,mobile,US,46,364,0,0
6906,2024-10-14 18:00:00,92.38,electronics,mobile,US,52,229,0,0
6907,2024-10-14 19:00:00,30.11,electronics,pos,CA,29,592,0,0
6908,2024-10-14 20:00:00,19.12,restaurant,web,CA,19,309,0,0
6909,2024-10-14 21:00:00,142.6,ecommerce,mobile,CA,71,429,0,0
6910,2024-10-14 22:00:00,237.58,electronics,pos,CA,51,198,0,0
6911,2024-10-14 23:00:00,272.63,travel,web,CA,77,545,0,0
6912,2024-10-15 00:00:00,323.97,travel,web,CA,26,564,1,1
6913,2024-10-15 01:00:00,236.02,electronics,web,IN,44,571,1,1
6914,2024-10-15 02:00:00,55.07,electronics,pos,MX,35,233,1,0
6915,2024-10-15 03:00:00,37.06,restaurant,pos,CA,75,516,1,0
6916,2024-10-15 04:00:00,159.72,ecommerce,mobile,FR,43,403,1,1
6917,2024-10-15 05:00:00,39.44,travel,pos,CA,61,57,1,0
6918,2024-10-15 06:00:00,17.26,ecommerce,mobile,CA,23,551,0,0
6919,2024-10-15 07:00:00,37.33,travel,web,CA,53,318,0,0
6920,2024-10-15 08:00:00,19.7,electronics,web,IN,48,320,0,0
6921,2024-10-15 09:00:00,38.17,electronics,mobile,CA,59,229,0,0
6922,2024-10-15 10:00:00,37.43,ecommerce,web,GB,57,512,0,0
6923,2024-10-15 11:00:00,106.48,fuel,pos,US,25,58,0,0
6924,2024-10-15 12:00:00,40.51,ecommerce,pos,CA,21,231,0,0
6925,2024-10-15 13:00:00,8.37,grocery,mobile,CA,26,339,0,0
6926,2024-10-15 14:00:00,69.75,ecommerce,web,CA,32,117,0,0
6927,2024-10-15 15:00:00,23.03,restaurant,mobile,MX,67,127,0,0
6928,2024-10-15 16:00:00,29.71,ecommerce,web,CA,36,370,0,0
6929,2024-10-15 17:00:00,16.07,restaurant,web,CA,83,349,0,0
6930,2024-10-15 18:00:00,156.91,ecommerce,pos,CA,23,491,0,0
6931,2024-10-15 19:00:00,27.63,electronics,pos,GB,52,491,0,0
6932,2024-10-15 20:00:00,6.1,fuel,mobile,MX,66,10,0,0
6933,2024-10-15 21:00:00,149.6,electronics,pos,CA,21,236,0,0
6934,2024-10-15 22:00:00,78.55,travel,atm,CA,52,509,0,0
6935,2024-10-15 23:00:00,397.33,electronics,pos,CA,22,570,0,0
6936,2024-10-16 00:00:00,23.76,restaurant,web,CA,71,56,1,0
6937,2024-10-16 01:00:00,24.94,fuel,pos,CA,49,460,1,0
6938,2024-10-16 02:00:00,66.49,grocery,mobile,MX,76,139,1,0
6939,2024-10-16 03:00:00,13.33,ecommerce,pos,CA,62,483,1,0
6940,2024-10-16 04:00:00,133.17,electronics,web,CA,39,268,1,0
6941,2024-10-16 05:00:00,19.64,fuel,atm,CA,28,67,1,0
6942,2024-10-16 06:00:00,68.78,fuel,mobile,CA,28,122,0,0
6943,2024-10-16 07:00:00,76.26,travel,pos,US,20,566,0,0
6944,2024-10-16 08:00:00,70.42,ecommerce,mobile,MX,38,461,0,0
6945,2024-10-16 09:00:00,71.14,electronics,web,CA,67,20,0,0
6946,2024-10-16 10:00:00,142.51,electronics,pos,CA,42,569,0,0
6947,2024-10-16 11:00:00,78.39,electronics,web,US,27,507,0,0
6948,2024-10-16 12:00:00,124.45,electronics,mobile,US,23,327,0,0
6949,2024-10-16 13:00:00,132.26,restaurant,web,FR,47,17,0,0
6950,2024-10-16 14:00:00,105.52,travel,mobile,GB,32,261,0,0
6951,2024-10-16 15:00:00,39.23,restaurant,mobile,GB,67,97,0,0
6952,2024-10-16 16:00:00,256.47,grocery,web,FR,40,219,0,0
6953,2024-10-16 17:00:00,193.86,travel,pos,FR,26,189,0,0
6954,2024-10-16 18:00:00,10.99,electronics,mobile,US,36,428,0,0
6955,2024-10-16 19:00:00,14.99,fuel,web,US,48,443,0,0
6956,2024-10-16 20:00:00,20.33,ecommerce,pos,MX,20,103,0,0
6957,2024-10-16 21:00:00,62.59,fuel,pos,CA,25,540,0,0
6958,2024-10-16 22:00:00,55.2,ecommerce,mobile,CA,83,402,0,0
6959,2024-10-16 23:00:00,71.1,restaurant,pos,IN,41,400,0,0
6960,2024-10-17 00:00:00,104.14,ecommerce,pos,CA,68,466,1,0
6961,2024-10-17 01:00:00,56.58,grocery,pos,CA,80,437,1,0
6962,2024-10-17 02:00:00,9.08,fuel,pos,CA,25,474,1,0
6963,2024-10-17 03:00:00,94.61,ecommerce,atm,CA,64,174,1,0
6964,2024-10-17 04:00:00,112.07,grocery,web,CA,74,412,1,0
6965,2024-10-17 05:00:00,7.42,fuel,mobile,CA,19,586,1,0
6966,2024-10-17 06:00:00,20.52,fuel,mobile,CA,39,453,0,0
6967,2024-10-17 07:00:00,45.07,grocery,web,CA,27,245,0,0
6968,2024-10-17 08:00:00,149.08,travel,mobile,CA,20,379,0,0
6969,2024-10-17 09:00:00,99.46,fuel,atm,CA,37,548,0,0
6970,2024-10-17 10:00:00,189.32,electronics,mobile,CA,30,393,0,0
6971,2024-10-17 11:00:00,86.56,ecommerce,mobile,CA,78,468,0,0
6972,2024-10-17 12:00:00,125.36,ecommerce,web,US,34,534,0,1
6973,2024-10-17 13:00:00,54.31,restaurant,mobile,CA,68,220,0,0
6974,2024-10-17 14:00:00,28.33,fuel,pos,IN,21,201,0,0
6975,2024-10-17 15:00:00,23.8,grocery,mobile,US,59,206,0,0
6976,2024-10-17 16:00:00,239.62,electronics,web,CA,65,221,0,0
6977,2024-10-17 17:00:00,16.78,grocery,web,CA,28,408,0,0
6978,2024-10-17 18:00:00,92.09,electronics,mobile,CA,47,291,0,0
6979,2024-10-17 19:00:00,34.7,electronics,web,CA,81,565,0,0
6980,2024-10-17 20:00:00,52.74,restaurant,pos,IN,59,412,0,0
6981,2024-10-17 21:00:00,82.77,restaurant,mobile,MX,72,404,0,0
6982,2024-10-17 22:00:00,25.88,ecommerce,atm,GB,46,570,0,0
6983,2024-10-17 23:00:00,85.56,electronics,mobile,US,34,515,0,1
6984,2024-10-18 00:00:00,38.99,ecommerce,mobile,FR,49,19,1,0
6985,2024-10-18 01:00:00,359.27,travel,mobile,FR,45,580,1,1
6986,2024-10-18 02:00:00,488.61,travel,mobile,CA,84,529,1,1
6987,2024-10-18 03:00:00,21.28,grocery,pos,CA,47,198,1,0
6988,2024-10-18 04:00:00,5.0,grocery,web,CA,60,141,1,0
6989,2024-10-18 05:00:00,92.45,grocery,mobile,CA,57,323,1,0
6990,2024-10-18 06:00:00,34.12,grocery,atm,CA,43,600,0,0
6991,2024-10-18 07:00:00,62.76,ecommerce,pos,CA,43,366,0,0
6992,2024-10-18 08:00:00,64.99,restaurant,pos,GB,75,347,0,0
6993,2024-10-18 09:00:00,19.67,fuel,pos,CA,32,130,0,0
6994,2024-10-18 10:00:00,55.73,electronics,mobile,GB,46,539,0,0
6995,2024-10-18 11:00:00,71.35,electronics,mobile,CA,63,479,0,0
6996,2024-10-18 12:00:00,152.62,electronics,web,CA,21,34,0,0
6997,2024-10-18 13:00:00,132.47,ecommerce,pos,FR,64,157,0,0
6998,2024-10-18 14:00:00,118.71,restaurant,pos,CA,74,529,0,1
6999,2024-10-18 15:00:00,141.29,electronics,mobile,MX,48,424,0,0
7000,2024-10-18 16:00:00,86.28,electronics,pos,FR,57,242,0,0
7001,2024-10-18 17:00:00,60.61,restaurant,pos,CA,51,314,0,0
7002,2024-10-18 18:00:00,56.95,travel,pos,CA,63,75,0,0
7003,2024-10-18 19:00:00,97.93,fuel,mobile,CA,21,502,0,0
7004,2024-10-18 20:00:00,33.02,restaurant,web,CA,59,379,0,0
7005,2024-10-18 21:00:00,22.22,fuel,pos,IN,49,307,0,0
7006,2024-10-18 22:00:00,41.12,electronics,pos,GB,20,367,0,0
7007,2024-10-18 23:00:00,57.59,grocery,atm,CA,72,352,0,0
7008,2024-10-19 00:00:00,25.45,grocery,web,MX,28,260,1,0
7009,2024-10-19 01:00:00,25.08,fuel,web,IN,58,108,1,0
7010,2024-10-19 02:00:00,7.28,grocery,pos,CA,75,288,1,0
7011,2024-10-19 03:00:00,18.46,restaurant,pos,CA,80,485,1,0
7012,2024-10-19 04:00:00,19.64,grocery,mobile,GB,60,32,1,0
7013,2024-10-19 05:00:00,143.24,electronics,mobile,MX,66,241,1,1
7014,2024-10-19 06:00:00,47.2,ecommerce,web,CA,57,493,0,0
7015,2024-10-19 07:00:00,5.0,restaurant,mobile,CA,70,348,0,0
7016,2024-10-19 08:00:00,41.34,ecommerce,web,CA,84,14,0,0
7017,2024-10-19 09:00:00,8.85,grocery,mobile,US,49,508,0,0
7018,2024-10-19 10:00:00,12.81,grocery,pos,US,46,32,0,0
7019,2024-10-19 11:00:00,67.38,fuel,pos,CA,29,288,0,0
7020,2024-10-19 12:00:00,5.97,restaurant,mobile,GB,84,68,0,0
7021,2024-10-19 13:00:00,35.6,restaurant,atm,CA,80,164,0,0
7022,2024-10-19 14:00:00,38.05,ecommerce,mobile,MX,66,236,0,0
7023,2024-10-19 15:00:00,14.54,fuel,mobile,US,62,159,0,0
7024,2024-10-19 16:00:00,13.57,grocery,mobile,CA,31,526,0,0
7025,2024-10-19 17:00:00,36.39,fuel,mobile,CA,79,340,0,0
7026,2024-10-19 18:00:00,201.32,travel,pos,CA,21,217,0,0
7027,2024-10-19 19:00:00,12.71,ecommerce,web,MX,59,175,0,0
7028,2024-10-19 20:00:00,384.43,travel,mobile,US,35,299,0,0
7029,2024-10-19 21:00:00,9.39,restaurant,web,CA,48,203,0,0
7030,2024-10-19 22:00:00,46.48,grocery,mobile,IN,24,484,0,0
7031,2024-10-19 23:00:00,20.75,ecommerce,web,GB,27,141,0,0
7032,2024-10-20 00:00:00,21.67,grocery,pos,CA,43,414,1,0
7033,2024-10-20 01:00:00,10.36,grocery,pos,CA,45,268,1,0
7034,2024-10-20 02:00:00,20.35,grocery,mobile,CA,77,158,1,0
7035,2024-10-20 03:00:00,113.91,travel,pos,CA,58,280,1,0
7036,2024-10-20 04:00:00,11.64,grocery,mobile,IN,20,71,1,0
7037,2024-10-20 05:00:00,130.42,electronics,pos,US,81,316,1,0
7038,2024-10-20 06:00:00,40.76,restaurant,web,CA,59,431,0,0
7039,2024-10-20 07:00:00,311.77,restaurant,mobile,CA,74,356,0,1
7040,2024-10-20 08:00:00,314.86,travel,web,CA,80,9,0,1
7041,2024-10-20 09:00:00,94.44,grocery,mobile,CA,52,353,0,0
7042,2024-10-20 10:00:00,6.67,grocery,pos,CA,30,15,0,0
7043,2024-10-20 11:00:00,10.31,ecommerce,web,FR,48,220,0,0
7044,2024-10-20 12:00:00,20.9,restaurant,web,MX,64,381,0,0
7045,2024-10-20 13:00:00,136.32,restaurant,mobile,FR,20,541,0,0
7046,2024-10-20 14:00:00,556.82,ecommerce,pos,CA,82,586,0,0
7047,2024-10-20 15:00:00,32.35,ecommerce,pos,CA,41,307,0,0
7048,2024-10-20 16:00:00,16.11,fuel,mobile,GB,62,128,0,0
7049,2024-10-20 17:00:00,97.99,ecommerce,atm,CA,84,500,0,0
7050,2024-10-20 18:00:00,22.86,restaurant,mobile,CA,76,213,0,0
7051,2024-10-20 19:00:00,51.45,ecommerce,mobile,IN,68,334,0,0
7052,2024-10-20 20:00:00,106.35,ecommerce,web,GB,38,119,0,0
7053,2024-10-20 21:00:00,691.79,ecommerce,web,FR,53,222,0,0
7054,2024-10-20 22:00:00,105.98,grocery,mobile,CA,52,288,0,0
7055,2024-10-20 23:00:00,322.96,ecommerce,mobile,US,76,443,0,1
7056,2024-10-21 00:00:00,5.19,restaurant,mobile,CA,20,540,1,0
7057,2024-10-21 01:00:00,86.18,grocery,mobile,CA,19,106,1,0
7058,2024-10-21 02:00:00,58.06,travel,mobile,CA,26,336,1,0
7059,2024-10-21 03:00:00,271.54,ecommerce,pos,FR,83,582,1,0
7060,2024-10-21 04:00:00,111.14,grocery,pos,CA,54,9,1,0
7061,2024-10-21 05:00:00,56.41,grocery,atm,US,65,343,1,0
7062,2024-10-21 06:00:00,30.78,ecommerce,web,FR,24,461,0,0
7063,2024-10-21 07:00:00,21.19,grocery,pos,GB,18,62,0,0
7064,2024-10-21 08:00:00,41.79,ecommerce,web,CA,62,401,0,0
7065,2024-10-21 09:00:00,195.17,electronics,mobile,US,65,253,0,1
7066,2024-10-21 10:00:00,141.36,electronics,mobile,CA,47,361,0,0
7067,2024-10-21 11:00:00,97.99,restaurant,mobile,CA,23,428,0,0
7068,2024-10-21 12:00:00,255.97,ecommerce,pos,CA,51,86,0,0
7069,2024-10-21 13:00:00,45.92,electronics,web,US,61,40,0,0
7070,2024-10-21 14:00:00,209.34,travel,pos,GB,32,190,0,0
7071,2024-10-21 15:00:00,49.7,grocery,mobile,IN,38,157,0,0
7072,2024-10-21 16:00:00,55.14,ecommerce,pos,CA,68,173,0,0
7073,2024-10-21 17:00:00,63.72,fuel,web,CA,32,555,0,0
7074,2024-10-21 18:00:00,152.88,electronics,web,CA,24,413,0,0
7075,2024-10-21 19:00:00,16.28,fuel,web,IN,60,214,0,0
7076,2024-10-21 20:00:00,52.85,ecommerce,web,FR,19,363,0,0
7077,2024-10-21 21:00:00,19.94,restaurant,mobile,IN,47,95,0,0
7078,2024-10-21 22:00:00,17.02,grocery,web,CA,56,109,0,0
7079,2024-10-21 23:00:00,25.28,restaurant,pos,CA,22,59,0,0
7080,2024-10-22 00:00:00,30.59,electronics,web,US,62,256,1,0
7081,2024-10-22 01:00:00,150.55,electronics,web,CA,73,372,1,0
7082,2024-10-22 02:00:00,347.75,electronics,pos,CA,84,305,1,0
7083,2024-10-22 03:00:00,34.28,grocery,mobile,CA,36,335,1,0
7084,2024-10-22 04:00:00,319.92,travel,pos,CA,40,98,1,0
7085,2024-10-22 05:00:00,113.02,electronics,mobile,CA,60,389,1,0
7086,2024-10-22 06:00:00,39.17,electronics,pos,IN,58,332,0,0
7087,2024-10-22 07:00:00,365.65,ecommerce,mobile,MX,59,575,0,1
7088,2024-10-22 08:00:00,5.0,grocery,pos,GB,39,148,0,0
7089,2024-10-22 09:00:00,60.62,ecommerce,web,CA,21,36,0,0
7090,2024-10-22 10:00:00,13.67,fuel,pos,MX,19,273,0,0
7091,2024-10-22 11:00:00,113.34,fuel,mobile,CA,85,118,0,0
7092,2024-10-22 12:00:00,119.36,electronics,pos,CA,45,105,0,0
7093,2024-10-22 13:00:00,980.16,electronics,mobile,CA,48,140,0,0
7094,2024-10-22 14:00:00,140.99,travel,web,CA,60,408,0,0
7095,2024-10-22 15:00:00,30.28,ecommerce,atm,FR,31,256,0,0
7096,2024-10-22 16:00:00,5.86,fuel,mobile,FR,43,525,0,0
7097,2024-10-22 17:00:00,162.6,ecommerce,web,CA,47,72,0,0
7098,2024-10-22 18:00:00,28.33,ecommerce,mobile,US,24,560,0,0
7099,2024-10-22 19:00:00,22.45,grocery,pos,CA,59,246,0,0
7100,2024-10-22 20:00:00,181.38,ecommerce,mobile,CA,31,320,0,0
7101,2024-10-22 21:00:00,154.99,ecommerce,web,US,18,490,0,0
7102,2024-10-22 22:00:00,15.77,fuel,mobile,GB,60,295,0,0
7103,2024-10-22 23:00:00,21.77,grocery,pos,GB,38,98,0,0
7104,2024-10-23 00:00:00,12.36,ecommerce,web,CA,66,144,1,0
7105,2024-10-23 01:00:00,5.15,grocery,mobile,CA,54,550,1,0
7106,2024-10-23 02:00:00,271.41,travel,web,CA,19,41,1,1
7107,2024-10-23 03:00:00,59.95,fuel,pos,CA,65,547,1,0
7108,2024-10-23 04:00:00,82.83,ecommerce,web,CA,20,405,1,1
7109,2024-10-23 05:00:00,38.77,grocery,mobile,CA,39,308,1,0
7110,2024-10-23 06:00:00,14.46,restaurant,pos,CA,64,189,0,0
7111,2024-10-23 07:00:00,511.63,travel,web,CA,45,516,0,0
7112,2024-10-23 08:00:00,27.4,travel,atm,MX,44,19,0,0
7113,2024-10-23 09:00:00,17.91,fuel,atm,CA,33,427,0,0
7114,2024-10-23 10:00:00,113.57,electronics,pos,CA,48,126,0,0
7115,2024-10-23 11:00:00,27.29,restaurant,web,IN,37,214,0,0
7116,2024-10-23 12:00:00,59.95,ecommerce,pos,FR,82,38,0,0
7117,2024-10-23 13:00:00,61.59,electronics,atm,CA,64,337,0,0
7118,2024-10-23 14:00:00,97.72,ecommerce,web,CA,79,88,0,0
7119,2024-10-23 15:00:00,45.72,travel,web,CA,40,70,0,0
7120,2024-10-23 16:00:00,52.76,ecommerce,pos,IN,82,197,0,0
7121,2024-10-23 17:00:00,48.32,grocery,web,CA,37,297,0,1
7122,2024-10-23 18:00:00,20.24,restaurant,pos,CA,39,567,0,0
7123,2024-10-23 19:00:00,27.42,restaurant,mobile,MX,38,498,0,0
7124,2024-10-23 20:00:00,72.91,ecommerce,web,MX,58,240,0,0
7125,2024-10-23 21:00:00,5.6,restaurant,web,CA,59,351,0,0
7126,2024-10-23 22:00:00,13.39,ecommerce,mobile,CA,22,462,0,0
7127,2024-10-23 23:00:00,30.8,fuel,pos,CA,56,229,0,0
7128,2024-10-24 00:00:00,15.79,restaurant,pos,CA,82,461,1,0
7129,2024-10-24 01:00:00,36.67,ecommerce,web,CA,45,398,1,0
7130,2024-10-24 02:00:00,45.56,fuel,mobile,GB,65,422,1,0
7131,2024-10-24 03:00:00,56.06,travel,pos,GB,60,587,1,0
7132,2024-10-24 04:00:00,5.0,grocery,mobile,MX,84,226,1,0
7133,2024-10-24 05:00:00,266.84,ecommerce,web,MX,61,40,1,1
7134,2024-10-24 06:00:00,178.43,ecommerce,web,CA,50,322,0,0
7135,2024-10-24 07:00:00,400.91,travel,web,CA,18,198,0,1
7136,2024-10-24 08:00:00,11.95,grocery,pos,MX,72,35,0,0
7137,2024-10-24 09:00:00,56.02,ecommerce,pos,CA,41,93,0,0
7138,2024-10-24 10:00:00,31.38,electronics,mobile,CA,80,320,0,0
7139,2024-10-24 11:00:00,31.04,grocery,web,CA,34,575,0,0
7140,2024-10-24 12:00:00,43.91,ecommerce,web,MX,47,203,0,0
7141,2024-10-24 13:00:00,37.25,electronics,atm,US,74,328,0,0
7142,2024-10-24 14:00:00,154.59,electronics,pos,CA,28,106,0,0
7143,2024-10-24 15:00:00,25.95,grocery,web,CA,36,77,0,0
7144,2024-10-24 16:00:00,128.67,restaurant,web,GB,71,470,0,0
7145,2024-10-24 17:00:00,106.16,electronics,pos,CA,39,367,0,0
7146,2024-10-24 18:00:00,6.06,ecommerce,atm,CA,83,113,0,0
7147,2024-10-24 19:00:00,19.24,electronics,atm,GB,54,300,0,0
7148,2024-10-24 20:00:00,647.98,electronics,pos,US,74,348,0,0
7149,2024-10-24 21:00:00,98.81,travel,atm,CA,55,35,0,0
7150,2024-10-24 22:00:00,33.88,fuel,pos,CA,21,180,0,0
7151,2024-10-24 23:00:00,99.14,electronics,atm,IN,73,519,0,0
7152,2024-10-25 00:00:00,97.66,restaurant,mobile,CA,46,218,1,0
7153,2024-10-25 01:00:00,5.0,fuel,pos,FR,44,426,1,0
7154,2024-10-25 02:00:00,325.09,electronics,web,GB,68,363,1,1
7155,2024-10-25 03:00:00,305.55,electronics,mobile,FR,37,3,1,1
7156,2024-10-25 04:00:00,27.45,restaurant,pos,CA,47,569,1,0
7157,2024-10-25 05:00:00,39.6,restaurant,web,CA,59,576,1,0
7158,2024-10-25 06:00:00,23.47,grocery,web,CA,58,401,0,0
7159,2024-10-25 07:00:00,7.19,grocery,pos,CA,67,95,0,0
7160,2024-10-25 08:00:00,230.11,travel,pos,CA,23,507,0,0
7161,2024-10-25 09:00:00,34.08,fuel,pos,CA,85,0,0,0
7162,2024-10-25 10:00:00,34.73,fuel,mobile,CA,59,306,0,0
7163,2024-10-25 11:00:00,151.69,electronics,web,US,60,256,0,0
7164,2024-10-25 12:00:00,15.85,restaurant,web,CA,78,419,0,0
7165,2024-10-25 13:00:00,230.27,ecommerce,pos,CA,51,84,0,0
7166,2024-10-25 14:00:00,99.0,electronics,pos,CA,20,526,0,0
7167,2024-10-25 15:00:00,53.34,grocery,mobile,MX,27,342,0,0
7168,2024-10-25 16:00:00,21.37,fuel,pos,CA,82,156,0,0
7169,2024-10-25 17:00:00,84.3,grocery,mobile,MX,85,187,0,0
7170,2024-10-25 18:00:00,29.98,fuel,web,CA,23,412,0,0
7171,2024-10-25 19:00:00,25.29,fuel,mobile,US,64,111,0,0
7172,2024-10-25 20:00:00,291.32,electronics,web,GB,62,178,0,1
7173,2024-10-25 21:00:00,28.95,travel,mobile,CA,29,592,0,0
7174,2024-10-25 22:00:00,46.68,ecommerce,pos,US,71,528,0,0
7175,2024-10-25 23:00:00,18.87,grocery,mobile,IN,49,199,0,0
7176,2024-10-26 00:00:00,45.86,grocery,pos,CA,33,333,1,0
7177,2024-10-26 01:00:00,36.27,restaurant,pos,CA,56,249,1,0
7178,2024-10-26 02:00:00,27.01,restaurant,web,IN,79,120,1,0
7179,2024-10-26 03:00:00,31.59,ecommerce,pos,FR,32,176,1,0
7180,2024-10-26 04:00:00,58.77,ecommerce,web,US,60,64,1,0
7181,2024-10-26 05:00:00,80.35,ecommerce,mobile,CA,67,503,1,1
7182,2024-10-26 06:00:00,83.7,electronics,mobile,CA,60,147,0,0
7183,2024-10-26 07:00:00,162.73,ecommerce,web,FR,62,118,0,0
7184,2024-10-26 08:00:00,56.83,grocery,atm,MX,67,383,0,0
7185,2024-10-26 09:00:00,61.1,ecommerce,web,CA,33,76,0,0
7186,2024-10-26 10:00:00,7.27,ecommerce,pos,CA,24,574,0,0
7187,2024-10-26 11:00:00,49.34,ecommerce,mobile,GB,85,529,0,0
7188,2024-10-26 12:00:00,57.76,grocery,pos,US,39,248,0,0
7189,2024-10-26 13:00:00,106.15,travel,pos,IN,82,110,0,0
7190,2024-10-26 14:00:00,35.87,fuel,pos,CA,36,84,0,0
7191,2024-10-26 15:00:00,49.07,ecommerce,pos,CA,36,515,0,0
7192,2024-10-26 16:00:00,33.65,fuel,pos,CA,19,265,0,0
7193,2024-10-26 17:00:00,96.33,fuel,pos,CA,48,347,0,0
7194,2024-10-26 18:00:00,199.51,electronics,web,CA,82,74,0,0
7195,2024-10-26 19:00:00,8.51,restaurant,mobile,CA,78,494,0,0
7196,2024-10-26 20:00:00,7.37,grocery,atm,CA,38,311,0,0
7197,2024-10-26 21:00:00,40.66,restaurant,pos,CA,45,42,0,0
7198,2024-10-26 22:00:00,281.14,electronics,pos,GB,63,45,0,0
7199,2024-10-26 23:00:00,22.05,electronics,web,CA,82,579,0,0
7200,2024-10-27 00:00:00,49.72,ecommerce,pos,CA,59,34,1,0
7201,2024-10-27 01:00:00,508.37,ecommerce,web,MX,31,180,1,1
7202,2024-10-27 02:00:00,25.72,grocery,web,CA,42,7,1,0
7203,2024-10-27 03:00:00,265.1,restaurant,mobile,CA,67,35,1,1
7204,2024-10-27 04:00:00,65.04,travel,pos,FR,19,488,1,0
7205,2024-10-27 05:00:00,33.55,ecommerce,mobile,US,58,459,1,0
7206,2024-10-27 06:00:00,14.5,fuel,mobile,CA,70,198,0,0
7207,2024-10-27 07:00:00,10.36,grocery,mobile,FR,41,107,0,0
7208,2024-10-27 08:00:00,7.15,grocery,pos,IN,54,149,0,0
7209,2024-10-27 09:00:00,111.85,travel,mobile,GB,66,211,0,0
7210,2024-10-27 10:00:00,31.1,fuel,mobile,CA,58,466,0,0
7211,2024-10-27 11:00:00,51.56,electronics,pos,US,19,357,0,0
7212,2024-10-27 12:00:00,88.92,travel,web,CA,57,266,0,0
7213,2024-10-27 13:00:00,501.58,travel,mobile,CA,33,41,0,0
7214,2024-10-27 14:00:00,235.65,electronics,pos,CA,68,69,0,0
7215,2024-10-27 15:00:00,25.96,grocery,web,GB,35,121,0,0
7216,2024-10-27 16:00:00,144.7,electronics,web,CA,84,127,0,0
7217,2024-10-27 17:00:00,22.53,electronics,mobile,FR,25,293,0,0
7218,2024-10-27 18:00:00,76.55,ecommerce,pos,IN,78,518,0,0
7219,2024-10-27 19:00:00,30.97,grocery,web,CA,20,253,0,0
7220,2024-10-27 20:00:00,23.39,grocery,pos,CA,64,197,0,0
7221,2024-10-27 21:00:00,33.74,grocery,mobile,IN,42,335,0,0
7222,2024-10-27 22:00:00,24.31,fuel,mobile,CA,31,45,0,0
7223,2024-10-27 23:00:00,10.04,grocery,web,GB,32,437,0,0
7224,2024-10-28 00:00:00,618.99,travel,web,CA,20,33,1,0
7225,2024-10-28 01:00:00,77.09,grocery,pos,CA,27,212,1,0
7226,2024-10-28 02:00:00,23.11,grocery,pos,CA,44,572,1,0
7227,2024-10-28 03:00:00,12.31,ecommerce,mobile,CA,28,243,1,0
7228,2024-10-28 04:00:00,5.0,grocery,pos,IN,83,449,1,0
7229,2024-10-28 05:00:00,165.85,restaurant,mobile,CA,74,163,1,1
7230,2024-10-28 06:00:00,51.37,ecommerce,mobile,CA,50,512,0,0
7231,2024-10-28 07:00:00,119.34,ecommerce,mobile,MX,24,204,0,0
7232,2024-10-28 08:00:00,13.95,grocery,pos,IN,85,136,0,0
7233,2024-10-28 09:00:00,45.54,ecommerce,web,CA,67,30,0,0
7234,2024-10-28 10:00:00,108.37,travel,pos,GB,30,184,0,0
7235,2024-10-28 11:00:00,122.13,electronics,atm,CA,21,348,0,0
7236,2024-10-28 12:00:00,65.12,ecommerce,mobile,GB,60,38,0,0
7237,2024-10-28 13:00:00,59.52,travel,web,MX,20,103,0,0
7238,2024-10-28 14:00:00,11.79,fuel,mobile,FR,59,208,0,0
7239,2024-10-28 15:00:00,25.37,restaurant,pos,US,48,430,0,0
7240,2024-10-28 16:00:00,5.63,fuel,web,IN,77,358,0,0
7241,2024-10-28 17:00:00,28.63,ecommerce,mobile,CA,43,25,0,0
7242,2024-10-28 18:00:00,85.55,electronics,pos,MX,48,21,0,0
7243,2024-10-28 19:00:00,140.55,electronics,atm,MX,55,35,0,0
7244,2024-10-28 20:00:00,105.63,fuel,mobile,CA,84,198,0,0
7245,2024-10-28 21:00:00,17.78,restaurant,atm,IN,65,171,0,0
7246,2024-10-28 22:00:00,28.2,restaurant,mobile,GB,63,70,0,0
7247,2024-10-28 23:00:00,6.1,grocery,pos,FR,39,263,0,0
7248,2024-10-29 00:00:00,132.84,electronics,web,CA,50,355,1,0
7249,2024-10-29 01:00:00,60.21,travel,pos,FR,31,416,1,0
7250,2024-10-29 02:00:00,20.69,fuel,mobile,CA,44,598,1,0
7251,2024-10-29 03:00:00,41.89,fuel,pos,IN,73,416,1,0
7252,2024-10-29 04:00:00,43.5,restaurant,mobile,CA,24,592,1,1
7253,2024-10-29 05:00:00,36.89,travel,pos,US,29,585,1,0
7254,2024-10-29 06:00:00,56.18,fuel,pos,CA,57,508,0,0
7255,2024-10-29 07:00:00,31.63,grocery,pos,MX,72,211,0,0
7256,2024-10-29 08:00:00,85.4,fuel,mobile,CA,84,26,0,0
7257,2024-10-29 09:00:00,101.73,restaurant,pos,FR,57,35,0,0
7258,2024-10-29 10:00:00,417.09,electronics,pos,FR,62,523,0,1
7259,2024-10-29 11:00:00,9.09,grocery,pos,CA,37,517,0,0
7260,2024-10-29 12:00:00,39.21,restaurant,pos,GB,45,185,0,0
7261,2024-10-29 13:00:00,23.76,electronics,atm,MX,39,439,0,0
7262,2024-10-29 14:00:00,88.07,fuel,web,CA,25,273,0,0
7263,2024-10-29 15:00:00,120.13,grocery,pos,CA,43,40,0,0
7264,2024-10-29 16:00:00,65.83,fuel,pos,CA,32,393,0,0
7265,2024-10-29 17:00:00,22.35,grocery,pos,CA,58,50,0,0
7266,2024-10-29 18:00:00,98.02,ecommerce,web,CA,69,78,0,0
7267,2024-10-29 19:00:00,83.04,travel,pos,CA,84,286,0,0
7268,2024-10-29 20:00:00,27.64,restaurant,pos,CA,77,42,0,0
7269,2024-10-29 21:00:00,55.28,ecommerce,pos,IN,39,205,0,0
7270,2024-10-29 22:00:00,5.0,restaurant,pos,CA,81,452,0,0
7271,2024-10-29 23:00:00,13.17,restaurant,mobile,FR,82,358,0,0
7272,2024-10-30 00:00:00,252.89,grocery,pos,GB,52,33,1,0
7273,2024-10-30 01:00:00,55.55,ecommerce,mobile,GB,31,131,1,1
7274,2024-10-30 02:00:00,113.52,electronics,web,CA,70,597,1,0
7275,2024-10-30 03:00:00,97.51,electronics,mobile,CA,25,576,1,0
7276,2024-10-30 04:00:00,41.51,ecommerce,pos,FR,42,552,1,0
7277,2024-10-30 05:00:00,141.0,travel,mobile,MX,54,307,1,1
7278,2024-10-30 06:00:00,94.63,travel,mobile,FR,76,258,0,0
7279,2024-10-30 07:00:00,12.59,electronics,atm,CA,84,451,0,0
7280,2024-10-30 08:00:00,199.42,electronics,mobile,US,73,575,0,1
7281,2024-10-30 09:00:00,139.88,grocery,pos,CA,50,75,0,0
7282,2024-10-30 10:00:00,11.49,grocery,atm,US,23,538,0,0
7283,2024-10-30 11:00:00,22.59,grocery,mobile,GB,72,370,0,0
7284,2024-10-30 12:00:00,105.3,restaurant,pos,CA,76,84,0,0
7285,2024-10-30 13:00:00,13.63,restaurant,pos,CA,50,519,0,0
7286,2024-10-30 14:00:00,139.31,electronics,atm,CA,55,19,0,0
7287,2024-10-30 15:00:00,1609.06,grocery,pos,CA,75,13,0,1
7288,2024-10-30 16:00:00,48.23,fuel,mobile,CA,26,220,0,0
7289,2024-10-30 17:00:00,34.85,grocery,web,CA,73,324,0,0
7290,2024-10-30 18:00:00,132.8,ecommerce,mobile,CA,52,257,0,0
7291,2024-10-30 19:00:00,120.83,ecommerce,pos,MX,64,148,0,0
7292,2024-10-30 20:00:00,54.15,electronics,mobile,GB,30,395,0,0
7293,2024-10-30 21:00:00,6.86,grocery,web,CA,59,287,0,0
7294,2024-10-30 22:00:00,232.95,travel,atm,CA,36,71,0,0
7295,2024-10-30 23:00:00,53.32,restaurant,pos,GB,53,490,0,0
7296,2024-10-31 00:00:00,75.19,electronics,pos,CA,53,185,1,0
7297,2024-10-31 01:00:00,144.01,grocery,pos,CA,83,414,1,1
7298,2024-10-31 02:00:00,100.19,restaurant,pos,CA,63,210,1,0
7299,2024-10-31 03:00:00,274.06,travel,atm,IN,55,453,1,1
7300,2024-10-31 04:00:00,21.24,fuel,pos,CA,45,169,1,0
7301,2024-10-31 05:00:00,20.79,travel,pos,IN,40,127,1,0
7302,2024-10-31 06:00:00,23.33,restaurant,mobile,CA,62,44,0,0
7303,2024-10-31 07:00:00,5.23,fuel,pos,CA,77,500,0,0
7304,2024-10-31 08:00:00,5.0,fuel,pos,CA,56,433,0,0
7305,2024-10-31 09:00:00,48.88,fuel,mobile,GB,62,369,0,0
7306,2024-10-31 10:00:00,94.09,grocery,web,CA,40,365,0,0
7307,2024-10-31 11:00:00,16.98,electronics,mobile,US,55,41,0,0
7308,2024-10-31 12:00:00,26.0,grocery,mobile,IN,56,247,0,0
7309,2024-10-31 13:00:00,59.12,ecommerce,pos,CA,64,518,0,0
7310,2024-10-31 14:00:00,46.16,ecommerce,web,CA,39,173,0,0
7311,2024-10-31 15:00:00,17.37,ecommerce,mobile,MX,41,33,0,0
7312,2024-10-31 16:00:00,198.99,ecommerce,web,CA,42,504,0,0
7313,2024-10-31 17:00:00,40.47,travel,mobile,US,46,17,0,0
7314,2024-10-31 18:00:00,10.39,ecommerce,web,FR,37,413,0,0
7315,2024-10-31 19:00:00,9.51,grocery,web,CA,31,501,0,0
7316,2024-10-31 20:00:00,42.1,restaurant,mobile,CA,52,447,0,0
7317,2024-10-31 21:00:00,21.46,restaurant,pos,US,76,7,0,0
7318,2024-10-31 22:00:00,13.65,fuel,web,CA,20,538,0,0
7319,2024-10-31 23:00:00,96.56,ecommerce,pos,CA,63,53,0,0
7320,2024-11-01 00:00:00,44.19,grocery,mobile,CA,73,511,1,0
7321,2024-11-01 01:00:00,5.0,grocery,web,CA,74,10,1,0
7322,2024-11-01 02:00:00,95.69,ecommerce,pos,CA,75,295,1,0
7323,2024-11-01 03:00:00,79.04,restaurant,pos,US,39,529,1,0
7324,2024-11-01 04:00:00,87.96,electronics,atm,CA,24,158,1,0
7325,2024-11-01 05:00:00,48.61,ecommerce,pos,CA,85,26,1,0
7326,2024-11-01 06:00:00,150.11,restaurant,pos,IN,65,53,0,0
7327,2024-11-01 07:00:00,31.7,ecommerce,pos,CA,42,223,0,0
7328,2024-11-01 08:00:00,51.74,ecommerce,web,CA,75,216,0,0
7329,2024-11-01 09:00:00,80.9,ecommerce,pos,FR,42,130,0,0
7330,2024-11-01 10:00:00,34.22,grocery,mobile,CA,68,274,0,0
7331,2024-11-01 11:00:00,21.37,restaurant,mobile,IN,83,205,0,0
7332,2024-11-01 12:00:00,65.08,ecommerce,pos,MX,70,354,0,0
7333,2024-11-01 13:00:00,560.23,travel,web,CA,62,174,0,1
7334,2024-11-01 14:00:00,124.24,ecommerce,pos,CA,30,188,0,0
7335,2024-11-01 15:00:00,25.52,restaurant,pos,CA,81,533,0,0
7336,2024-11-01 16:00:00,62.72,travel,web,GB,46,471,0,0
7337,2024-11-01 17:00:00,14.14,fuel,pos,CA,60,461,0,0
7338,2024-11-01 18:00:00,77.04,grocery,mobile,GB,59,228,0,0
7339,2024-11-01 19:00:00,6.51,restaurant,web,GB,34,531,0,0
7340,2024-11-01 20:00:00,237.39,fuel,pos,MX,59,204,0,0
7341,2024-11-01 21:00:00,58.36,ecommerce,atm,CA,44,432,0,0
7342,2024-11-01 22:00:00,7.89,restaurant,web,MX,41,451,0,0
7343,2024-11-01 23:00:00,38.59,grocery,pos,MX,76,198,0,0
7344,2024-11-02 00:00:00,29.21,ecommerce,web,CA,67,369,1,0
7345,2024-11-02 01:00:00,18.72,fuel,atm,FR,51,111,1,0
7346,2024-11-02 02:00:00,15.42,ecommerce,web,CA,19,230,1,0
7347,2024-11-02 03:00:00,22.02,fuel,web,IN,66,318,1,0
7348,2024-11-02 04:00:00,8.89,ecommerce,web,CA,68,400,1,0
7349,2024-11-02 05:00:00,19.09,grocery,pos,CA,29,214,1,0
7350,2024-11-02 06:00:00,15.56,grocery,pos,MX,69,427,0,0
7351,2024-11-02 07:00:00,20.84,grocery,web,CA,45,386,0,0
7352,2024-11-02 08:00:00,13.72,restaurant,mobile,CA,67,519,0,0
7353,2024-11-02 09:00:00,28.15,fuel,mobile,CA,75,23,0,0
7354,2024-11-02 10:00:00,60.71,fuel,pos,GB,65,308,0,0
7355,2024-11-02 11:00:00,83.08,ecommerce,web,CA,81,428,0,0
7356,2024-11-02 12:00:00,316.44,electronics,pos,US,23,253,0,0
7357,2024-11-02 13:00:00,20.92,grocery,pos,US,40,180,0,0
7358,2024-11-02 14:00:00,80.44,ecommerce,mobile,CA,22,349,0,0
7359,2024-11-02 15:00:00,189.43,travel,pos,CA,29,277,0,0
7360,2024-11-02 16:00:00,76.96,fuel,mobile,CA,43,258,0,0
7361,2024-11-02 17:00:00,50.93,electronics,web,IN,19,588,0,0
7362,2024-11-02 18:00:00,55.52,restaurant,mobile,GB,44,254,0,0
7363,2024-11-02 19:00:00,45.43,electronics,mobile,IN,26,129,0,0
7364,2024-11-02 20:00:00,19.61,grocery,mobile,MX,25,10,0,0
7365,2024-11-02 21:00:00,23.72,grocery,mobile,GB,74,70,0,0
7366,2024-11-02 22:00:00,49.26,grocery,mobile,IN,68,322,0,0
7367,2024-11-02 23:00:00,36.95,electronics,web,CA,48,126,0,0
7368,2024-11-03 00:00:00,11.63,restaurant,pos,FR,56,65,1,0
7369,2024-11-03 01:00:00,15.28,restaurant,pos,CA,37,211,1,0
7370,2024-11-03 02:00:00,62.73,ecommerce,mobile,CA,51,144,1,0
7371,2024-11-03 03:00:00,11.75,restaurant,pos,CA,70,322,1,0
7372,2024-11-03 04:00:00,34.62,fuel,atm,CA,53,33,1,0
7373,2024-11-03 05:00:00,71.22,electronics,pos,CA,71,589,1,0
7374,2024-11-03 06:00:00,49.35,fuel,mobile,CA,50,547,0,0
7375,2024-11-03 07:00:00,34.67,grocery,pos,CA,42,522,0,0
7376,2024-11-03 08:00:00,158.55,grocery,atm,FR,78,103,0,1
7377,2024-11-03 09:00:00,30.44,restaurant,pos,CA,79,429,0,0
7378,2024-11-03 10:00:00,20.06,ecommerce,web,CA,33,8,0,0
7379,2024-11-03 11:00:00,49.59,ecommerce,mobile,MX,49,433,0,0
7380,2024-11-03 12:00:00,61.21,ecommerce,pos,US,70,479,0,0
7381,2024-11-03 13:00:00,26.51,ecommerce,pos,GB,35,170,0,0
7382,2024-11-03 14:00:00,106.94,restaurant,mobile,CA,68,278,0,0
7383,2024-11-03 15:00:00,24.78,grocery,mobile,CA,79,557,0,0
7384,2024-11-03 16:00:00,18.34,grocery,pos,IN,34,119,0,0
7385,2024-11-03 17:00:00,115.72,electronics,web,CA,28,324,0,0
7386,2024-11-03 18:00:00,12.08,fuel,pos,MX,82,182,0,0
7387,2024-11-03 19:00:00,78.17,grocery,pos,CA,85,97,0,0
7388,2024-11-03 20:00:00,65.23,grocery,web,CA,76,409,0,0
7389,2024-11-03 21:00:00,67.55,ecommerce,pos,FR,59,571,0,0
7390,2024-11-03 22:00:00,102.28,ecommerce,web,CA,23,339,0,0
7391,2024-11-03 23:00:00,20.89,grocery,pos,CA,80,304,0,0
7392,2024-11-04 00:00:00,8.47,grocery,mobile,GB,31,320,1,0
7393,2024-11-04 01:00:00,73.31,electronics,web,CA,30,93,1,0
7394,2024-11-04 02:00:00,17.38,restaurant,pos,CA,66,120,1,0
7395,2024-11-04 03:00:00,5.0,restaurant,atm,CA,44,441,1,0
7396,2024-11-04 04:00:00,23.18,ecommerce,mobile,CA,77,352,1,0
7397,2024-11-04 05:00:00,19.85,ecommerce,pos,US,77,140,1,0
7398,2024-11-04 06:00:00,10.57,restaurant,atm,CA,72,11,0,0
7399,2024-11-04 07:00:00,326.28,electronics,pos,CA,74,112,0,0
7400,2024-11-04 08:00:00,43.28,fuel,pos,CA,55,303,0,0
7401,2024-11-04 09:00:00,143.13,ecommerce,web,FR,77,160,0,0
7402,2024-11-04 10:00:00,95.01,ecommerce,pos,CA,80,439,0,0
7403,2024-11-04 11:00:00,72.35,fuel,mobile,IN,37,347,0,0
7404,2024-11-04 12:00:00,27.97,fuel,web,CA,46,88,0,0
7405,2024-11-04 13:00:00,128.16,grocery,mobile,CA,59,175,0,0
7406,2024-11-04 14:00:00,9.01,restaurant,pos,MX,76,21,0,0
7407,2024-11-04 15:00:00,25.68,fuel,pos,CA,44,24,0,0
7408,2024-11-04 16:00:00,54.27,travel,web,US,35,452,0,0
7409,2024-11-04 17:00:00,100.15,grocery,pos,FR,39,232,0,0
7410,2024-11-04 18:00:00,143.39,electronics,atm,FR,72,529,0,0
7411,2024-11-04 19:00:00,285.95,electronics,mobile,CA,53,140,0,0
7412,2024-11-04 20:00:00,9.26,grocery,mobile,MX,35,193,0,0
7413,2024-11-04 21:00:00,79.37,travel,mobile,CA,66,307,0,0
7414,2024-11-04 22:00:00,27.41,travel,pos,GB,62,168,0,0
7415,2024-11-04 23:00:00,136.04,electronics,pos,CA,53,276,0,0
7416,2024-11-05 00:00:00,22.28,grocery,web,CA,60,73,1,1
7417,2024-11-05 01:00:00,53.89,restaurant,mobile,CA,33,46,1,0
7418,2024-11-05 02:00:00,28.09,fuel,pos,CA,30,517,1,1
7419,2024-11-05 03:00:00,5.0,grocery,pos,MX,72,147,1,0
7420,2024-11-05 04:00:00,7.35,grocery,mobile,CA,64,61,1,0
7421,2024-11-05 05:00:00,35.28,grocery,pos,CA,84,169,1,0
7422,2024-11-05 06:00:00,91.33,ecommerce,web,MX,81,252,0,0
7423,2024-11-05 07:00:00,5.0,fuel,pos,CA,42,291,0,0
7424,2024-11-05 08:00:00,91.16,electronics,web,IN,49,460,0,0
7425,2024-11-05 09:00:00,13.11,grocery,web,CA,75,494,0,0
7426,2024-11-05 10:00:00,10.05,restaurant,mobile,CA,18,175,0,0
7427,2024-11-05 11:00:00,18.17,grocery,mobile,CA,76,131,0,0
7428,2024-11-05 12:00:00,152.54,travel,pos,CA,29,74,0,0
7429,2024-11-05 13:00:00,14.45,restaurant,mobile,CA,35,95,0,0
7430,2024-11-05 14:00:00,16.45,electronics,mobile,GB,50,17,0,1
7431,2024-11-05 15:00:00,151.47,travel,mobile,CA,65,0,0,0
7432,2024-11-05 16:00:00,71.68,electronics,atm,IN,42,251,0,0
7433,2024-11-05 17:00:00,14.08,grocery,mobile,CA,81,364,0,0
7434,2024-11-05 18:00:00,24.83,grocery,pos,MX,71,492,0,0
7435,2024-11-05 19:00:00,43.91,ecommerce,web,CA,68,195,0,0
7436,2024-11-05 20:00:00,34.08,grocery,pos,CA,70,173,0,0
7437,2024-11-05 21:00:00,48.05,ecommerce,web,CA,20,402,0,0
7438,2024-11-05 22:00:00,69.7,ecommerce,atm,CA,73,382,0,0
7439,2024-11-05 23:00:00,26.13,restaurant,web,US,59,414,0,0
7440,2024-11-06 00:00:00,57.09,restaurant,pos,CA,30,102,1,0
7441,2024-11-06 01:00:00,409.14,electronics,atm,CA,70,26,1,1
7442,2024-11-06 02:00:00,96.95,electronics,mobile,IN,25,327,1,1
7443,2024-11-06 03:00:00,18.72,grocery,pos,CA,60,251,1,0
7444,2024-11-06 04:00:00,8.99,grocery,atm,CA,56,155,1,0
7445,2024-11-06 05:00:00,244.2,travel,pos,CA,19,581,1,0
7446,2024-11-06 06:00:00,60.58,travel,web,CA,43,95,0,0
7447,2024-11-06 07:00:00,496.76,ecommerce,web,CA,26,165,0,1
7448,2024-11-06 08:00:00,332.99,fuel,atm,US,82,450,0,0
7449,2024-11-06 09:00:00,22.54,fuel,pos,US,72,318,0,0
7450,2024-11-06 10:00:00,13.42,ecommerce,pos,MX,85,139,0,0
7451,2024-11-06 11:00:00,108.17,ecommerce,mobile,CA,51,323,0,0
7452,2024-11-06 12:00:00,397.11,ecommerce,mobile,CA,40,251,0,0
7453,2024-11-06 13:00:00,41.9,travel,pos,GB,83,156,0,0
7454,2024-11-06 14:00:00,150.67,restaurant,pos,CA,38,403,0,0
7455,2024-11-06 15:00:00,5.17,fuel,atm,CA,46,468,0,0
7456,2024-11-06 16:00:00,26.55,electronics,mobile,CA,27,41,0,0
7457,2024-11-06 17:00:00,129.78,electronics,pos,MX,73,2,0,1
7458,2024-11-06 18:00:00,81.79,grocery,web,CA,26,542,0,0
7459,2024-11-06 19:00:00,128.57,travel,web,FR,20,136,0,0
7460,2024-11-06 20:00:00,40.91,fuel,mobile,CA,74,51,0,0
7461,2024-11-06 21:00:00,73.76,fuel,web,IN,75,356,0,0
7462,2024-11-06 22:00:00,98.23,grocery,mobile,CA,76,193,0,0
7463,2024-11-06 23:00:00,15.59,restaurant,pos,MX,76,551,0,0
7464,2024-11-07 00:00:00,12.55,restaurant,mobile,CA,27,577,1,0
7465,2024-11-07 01:00:00,84.55,grocery,pos,FR,42,5,1,0
7466,2024-11-07 02:00:00,49.3,grocery,mobile,CA,70,115,1,0
7467,2024-11-07 03:00:00,55.65,grocery,pos,FR,39,361,1,0
7468,2024-11-07 04:00:00,54.2,electronics,pos,GB,70,201,1,0
7469,2024-11-07 05:00:00,242.39,travel,pos,US,79,2,1,0
7470,2024-11-07 06:00:00,12.23,grocery,pos,CA,83,277,0,0
7471,2024-11-07 07:00:00,122.77,electronics,web,CA,70,374,0,0
7472,2024-11-07 08:00:00,66.41,ecommerce,mobile,IN,72,594,0,0
7473,2024-11-07 09:00:00,30.38,fuel,mobile,IN,58,247,0,0
7474,2024-11-07 10:00:00,121.31,ecommerce,web,CA,23,474,0,0
7475,2024-11-07 11:00:00,10.9,fuel,web,CA,47,261,0,0
7476,2024-11-07 12:00:00,50.2,fuel,pos,CA,82,403,0,0
7477,2024-11-07 13:00:00,61.18,ecommerce,mobile,CA,80,581,0,0
7478,2024-11-07 14:00:00,29.46,ecommerce,pos,CA,34,488,0,0
7479,2024-11-07 15:00:00,8.31,restaurant,pos,FR,68,410,0,0
7480,2024-11-07 16:00:00,149.41,fuel,pos,CA,38,497,0,0
7481,2024-11-07 17:00:00,25.64,restaurant,pos,FR,46,118,0,0
7482,2024-11-07 18:00:00,19.83,fuel,web,IN,62,478,0,0
7483,2024-11-07 19:00:00,35.11,electronics,pos,CA,51,599,0,0
7484,2024-11-07 20:00:00,159.99,ecommerce,pos,CA,59,584,0,0
7485,2024-11-07 21:00:00,244.15,electronics,mobile,CA,24,154,0,0
7486,2024-11-07 22:00:00,125.46,ecommerce,pos,CA,38,256,0,0
7487,2024-11-07 23:00:00,31.01,grocery,web,MX,73,412,0,0
7488,2024-11-08 00:00:00,64.41,grocery,web,US,60,44,1,1
7489,2024-11-08 01:00:00,15.61,grocery,mobile,CA,75,408,1,0
7490,2024-11-08 02:00:00,33.21,restaurant,mobile,FR,83,165,1,0
7491,2024-11-08 03:00:00,26.0,restaurant,pos,CA,42,510,1,0
7492,2024-11-08 04:00:00,124.98,electronics,mobile,CA,35,368,1,0
7493,2024-11-08 05:00:00,6.41,grocery,web,IN,39,239,1,0
7494,2024-11-08 06:00:00,146.87,restaurant,pos,CA,56,30,0,0
7495,2024-11-08 07:00:00,421.77,electronics,mobile,CA,35,418,0,0
7496,2024-11-08 08:00:00,21.33,ecommerce,mobile,CA,44,322,0,0
7497,2024-11-08 09:00:00,45.9,fuel,pos,CA,29,376,0,0
7498,2024-11-08 10:00:00,35.8,travel,web,CA,44,10,0,0
7499,2024-11-08 11:00:00,35.33,grocery,pos,MX,82,262,0,0
7500,2024-11-08 12:00:00,5.0,fuel,web,CA,46,454,0,0
7501,2024-11-08 13:00:00,75.55,electronics,atm,US,69,550,0,0
7502,2024-11-08 14:00:00,21.12,grocery,web,CA,47,210,0,0
7503,2024-11-08 15:00:00,77.32,fuel,atm,CA,47,151,0,0
7504,2024-11-08 16:00:00,122.55,fuel,pos,IN,62,424,0,0
7505,2024-11-08 17:00:00,450.19,electronics,mobile,GB,25,134,0,0
7506,2024-11-08 18:00:00,77.42,restaurant,atm,MX,42,533,0,0
7507,2024-11-08 19:00:00,29.4,restaurant,mobile,CA,27,378,0,0
7508,2024-11-08 20:00:00,193.59,travel,pos,CA,31,556,0,0
7509,2024-11-08 21:00:00,192.75,travel,pos,FR,66,114,0,0
7510,2024-11-08 22:00:00,47.18,travel,pos,FR,29,50,0,0
7511,2024-11-08 23:00:00,76.57,fuel,web,MX,31,498,0,0
7512,2024-11-09 00:00:00,60.96,grocery,atm,CA,56,173,1,0
7513,2024-11-09 01:00:00,190.69,electronics,web,CA,41,204,1,1
7514,2024-11-09 02:00:00,12.61,electronics,pos,CA,26,161,1,0
7515,2024-11-09 03:00:00,41.03,fuel,pos,CA,83,253,1,0
7516,2024-11-09 04:00:00,67.49,restaurant,web,CA,80,540,1,0
7517,2024-11-09 05:00:00,134.64,travel,web,CA,57,410,1,0
7518,2024-11-09 06:00:00,38.27,ecommerce,pos,CA,53,43,0,0
7519,2024-11-09 07:00:00,9.61,grocery,mobile,US,72,531,0,0
7520,2024-11-09 08:00:00,9.01,grocery,pos,US,84,265,0,0
7521,2024-11-09 09:00:00,69.01,ecommerce,web,US,25,414,0,0
7522,2024-11-09 10:00:00,22.1,fuel,web,CA,24,219,0,0
7523,2024-11-09 11:00:00,26.19,grocery,pos,CA,40,56,0,0
7524,2024-11-09 12:00:00,129.7,grocery,mobile,IN,38,252,0,0
7525,2024-11-09 13:00:00,19.39,ecommerce,mobile,CA,78,203,0,0
7526,2024-11-09 14:00:00,72.0,electronics,web,FR,52,10,0,0
7527,2024-11-09 15:00:00,451.46,electronics,mobile,CA,73,450,0,0
7528,2024-11-09 16:00:00,45.35,ecommerce,web,US,63,517,0,0
7529,2024-11-09 17:00:00,34.77,grocery,pos,CA,67,545,0,0
7530,2024-11-09 18:00:00,27.98,grocery,atm,MX,83,146,0,0
7531,2024-11-09 19:00:00,61.83,grocery,atm,FR,57,380,0,1
7532,2024-11-09 20:00:00,9.45,ecommerce,pos,CA,70,319,0,0
7533,2024-11-09 21:00:00,27.28,grocery,atm,GB,36,358,0,0
7534,2024-11-09 22:00:00,63.07,ecommerce,mobile,FR,35,479,0,0
7535,2024-11-09 23:00:00,11.12,restaurant,pos,GB,57,227,0,0
7536,2024-11-10 00:00:00,37.19,fuel,web,CA,79,165,1,0
7537,2024-11-10 01:00:00,199.44,electronics,pos,CA,21,287,1,1
7538,2024-11-10 02:00:00,49.2,grocery,web,FR,52,400,1,1
7539,2024-11-10 03:00:00,297.87,ecommerce,atm,MX,31,259,1,1
7540,2024-11-10 04:00:00,18.48,restaurant,web,IN,78,182,1,0
7541,2024-11-10 05:00:00,94.07,ecommerce,web,CA,53,33,1,0
7542,2024-11-10 06:00:00,209.5,travel,pos,GB,20,344,0,0
7543,2024-11-10 07:00:00,22.08,restaurant,web,GB,18,13,0,0
7544,2024-11-10 08:00:00,75.71,fuel,mobile,FR,61,282,0,0
7545,2024-11-10 09:00:00,77.85,ecommerce,pos,MX,33,371,0,0
7546,2024-11-10 10:00:00,9.26,fuel,web,CA,20,277,0,0
7547,2024-11-10 11:00:00,64.37,grocery,web,MX,28,306,0,0
7548,2024-11-10 12:00:00,20.9,grocery,mobile,US,28,166,0,0
7549,2024-11-10 13:00:00,24.5,grocery,mobile,CA,41,147,0,0
7550,2024-11-10 14:00:00,21.82,restaurant,mobile,CA,66,507,0,0
7551,2024-11-10 15:00:00,264.56,travel,web,FR,76,536,0,1
7552,2024-11-10 16:00:00,158.6,ecommerce,web,CA,54,96,0,0
7553,2024-11-10 17:00:00,52.03,ecommerce,mobile,CA,82,124,0,0
7554,2024-11-10 18:00:00,80.85,electronics,mobile,US,71,214,0,0
7555,2024-11-10 19:00:00,5.0,restaurant,web,IN,29,420,0,0
7556,2024-11-10 20:00:00,31.7,ecommerce,mobile,MX,68,37,0,0
7557,2024-11-10 21:00:00,25.62,ecommerce,pos,CA,33,473,0,0
7558,2024-11-10 22:00:00,36.12,restaurant,pos,CA,83,4,0,0
7559,2024-11-10 23:00:00,24.79,restaurant,atm,CA,75,504,0,0
7560,2024-11-11 00:00:00,12.05,restaurant,pos,CA,22,24,1,0
7561,2024-11-11 01:00:00,68.91,ecommerce,atm,GB,29,504,1,1
7562,2024-11-11 02:00:00,30.82,grocery,web,CA,48,567,1,0
7563,2024-11-11 03:00:00,6.1,ecommerce,atm,CA,68,477,1,0
7564,2024-11-11 04:00:00,162.79,ecommerce,web,FR,55,591,1,1
7565,2024-11-11 05:00:00,67.81,restaurant,mobile,CA,23,275,1,0
7566,2024-11-11 06:00:00,26.44,grocery,mobile,CA,60,385,0,0
7567,2024-11-11 07:00:00,187.47,travel,web,CA,62,374,0,0
7568,2024-11-11 08:00:00,20.37,restaurant,web,CA,81,7,0,0
7569,2024-11-11 09:00:00,6.44,restaurant,pos,CA,36,515,0,0
7570,2024-11-11 10:00:00,956.85,travel,pos,IN,20,423,0,0
7571,2024-11-11 11:00:00,53.6,restaurant,atm,FR,68,252,0,0
7572,2024-11-11 12:00:00,76.38,grocery,pos,GB,65,129,0,0
7573,2024-11-11 13:00:00,46.49,ecommerce,mobile,MX,53,403,0,0
7574,2024-11-11 14:00:00,90.25,grocery,web,CA,65,589,0,0
7575,2024-11-11 15:00:00,7.95,restaurant,pos,FR,30,95,0,0
7576,2024-11-11 16:00:00,21.89,restaurant,atm,CA,26,552,0,0
7577,2024-11-11 17:00:00,63.75,grocery,pos,CA,45,339,0,0
7578,2024-11-11 18:00:00,18.64,grocery,web,CA,78,474,0,0
7579,2024-11-11 19:00:00,136.31,ecommerce,web,CA,52,84,0,0
7580,2024-11-11 20:00:00,78.94,ecommerce,pos,CA,61,62,0,0
7581,2024-11-11 21:00:00,32.97,restaurant,pos,CA,85,396,0,0
7582,2024-11-11 22:00:00,17.13,grocery,mobile,CA,38,170,0,0
7583,2024-11-11 23:00:00,141.42,electronics,pos,CA,50,226,0,0
7584,2024-11-12 00:00:00,155.42,fuel,mobile,CA,64,373,1,0
7585,2024-11-12 01:00:00,70.32,ecommerce,web,US,28,136,1,0
7586,2024-11-12 02:00:00,54.03,grocery,pos,CA,45,205,1,0
7587,2024-11-12 03:00:00,51.42,restaurant,pos,US,55,216,1,0
7588,2024-11-12 04:00:00,48.73,travel,pos,CA,38,211,1,0
7589,2024-11-12 05:00:00,53.3,ecommerce,mobile,CA,32,421,1,0
7590,2024-11-12 06:00:00,51.86,ecommerce,web,US,47,91,0,0
7591,2024-11-12 07:00:00,5.0,restaurant,pos,US,77,545,0,0
7592,2024-11-12 08:00:00,199.91,electronics,web,CA,46,430,0,1
7593,2024-11-12 09:00:00,42.48,electronics,web,CA,74,6,0,0
7594,2024-11-12 10:00:00,251.63,travel,mobile,GB,64,339,0,0
7595,2024-11-12 11:00:00,13.8,restaurant,pos,CA,26,100,0,0
7596,2024-11-12 12:00:00,377.36,ecommerce,pos,CA,80,91,0,0
7597,2024-11-12 13:00:00,76.48,electronics,pos,CA,58,424,0,0
7598,2024-11-12 14:00:00,338.44,ecommerce,mobile,FR,56,149,0,1
7599,2024-11-12 15:00:00,116.85,travel,mobile,CA,65,341,0,0
7600,2024-11-12 16:00:00,26.02,restaurant,pos,IN,20,170,0,0
7601,2024-11-12 17:00:00,111.81,restaurant,pos,US,35,191,0,0
7602,2024-11-12 18:00:00,11.95,fuel,mobile,US,72,403,0,0
7603,2024-11-12 19:00:00,28.55,fuel,pos,CA,60,391,0,0
7604,2024-11-12 20:00:00,44.36,restaurant,web,US,44,12,0,0
7605,2024-11-12 21:00:00,39.26,restaurant,web,CA,49,521,0,0
7606,2024-11-12 22:00:00,102.16,electronics,pos,CA,60,352,0,0
7607,2024-11-12 23:00:00,30.09,grocery,web,CA,50,155,0,0
7608,2024-11-13 00:00:00,128.65,ecommerce,pos,MX,49,67,1,0
7609,2024-11-13 01:00:00,32.01,restaurant,web,GB,55,291,1,0
7610,2024-11-13 02:00:00,234.52,electronics,pos,IN,37,418,1,0
7611,2024-11-13 03:00:00,139.84,electronics,web,CA,56,12,1,0
7612,2024-11-13 04:00:00,245.05,travel,web,FR,65,174,1,1
7613,2024-11-13 05:00:00,166.59,ecommerce,pos,FR,66,568,1,1
7614,2024-11-13 06:00:00,45.43,ecommerce,web,FR,60,60,0,0
7615,2024-11-13 07:00:00,266.03,electronics,mobile,MX,48,481,0,0
7616,2024-11-13 08:00:00,52.15,ecommerce,atm,CA,62,143,0,0
7617,2024-11-13 09:00:00,27.86,electronics,pos,FR,67,303,0,0
7618,2024-11-13 10:00:00,73.08,electronics,pos,US,39,458,0,0
7619,2024-11-13 11:00:00,14.25,restaurant,pos,MX,51,596,0,0
7620,2024-11-13 12:00:00,84.19,ecommerce,mobile,CA,64,362,0,0
7621,2024-11-13 13:00:00,75.99,electronics,web,CA,63,132,0,0
7622,2024-11-13 14:00:00,36.75,grocery,pos,CA,51,49,0,0
7623,2024-11-13 15:00:00,81.61,grocery,mobile,CA,35,447,0,0
7624,2024-11-13 16:00:00,228.72,ecommerce,pos,CA,79,347,0,0
7625,2024-11-13 17:00:00,42.63,grocery,web,FR,54,462,0,0
7626,2024-11-13 18:00:00,72.53,restaurant,web,CA,54,593,0,0
7627,2024-11-13 19:00:00,23.28,restaurant,web,CA,49,499,0,0
7628,2024-11-13 20:00:00,8.02,grocery,mobile,CA,69,301,0,0
7629,2024-11-13 21:00:00,34.0,electronics,pos,CA,38,411,0,0
7630,2024-11-13 22:00:00,22.89,fuel,mobile,CA,81,375,0,0
7631,2024-11-13 23:00:00,201.1,electronics,web,MX,22,114,0,1
7632,2024-11-14 00:00:00,22.95,restaurant,pos,IN,18,185,1,0
7633,2024-11-14 01:00:00,79.37,fuel,mobile,CA,52,54,1,0
7634,2024-11-14 02:00:00,170.32,grocery,mobile,CA,76,221,1,0
7635,2024-11-14 03:00:00,14.73,grocery,atm,GB,18,108,1,0
7636,2024-11-14 04:00:00,184.79,fuel,mobile,CA,64,539,1,1
7637,2024-11-14 05:00:00,6.27,restaurant,pos,MX,44,515,1,0
7638,2024-11-14 06:00:00,144.14,fuel,web,US,19,437,0,0
7639,2024-11-14 07:00:00,58.27,ecommerce,web,FR,43,241,0,0
7640,2024-11-14 08:00:00,26.57,grocery,pos,CA,61,4,0,0
7641,2024-11-14 09:00:00,27.1,restaurant,web,IN,61,328,0,0
7642,2024-11-14 10:00:00,29.23,ecommerce,pos,IN,75,14,0,0
7643,2024-11-14 11:00:00,379.63,electronics,pos,CA,85,15,0,0
7644,2024-11-14 12:00:00,52.72,electronics,mobile,CA,21,93,0,0
7645,2024-11-14 13:00:00,36.13,ecommerce,pos,CA,76,295,0,0
7646,2024-11-14 14:00:00,9.47,grocery,web,CA,18,450,0,0
7647,2024-11-14 15:00:00,31.12,ecommerce,mobile,IN,84,245,0,0
7648,2024-11-14 16:00:00,31.98,ecommerce,web,CA,70,465,0,0
7649,2024-11-14 17:00:00,49.26,electronics,pos,CA,82,321,0,0
7650,2024-11-14 18:00:00,83.9,electronics,web,CA,22,537,0,0
7651,2024-11-14 19:00:00,22.02,ecommerce,mobile,US,23,225,0,0
7652,2024-11-14 20:00:00,114.65,fuel,mobile,FR,85,180,0,0
7653,2024-11-14 21:00:00,28.55,grocery,pos,US,37,45,0,0
7654,2024-11-14 22:00:00,45.87,grocery,pos,US,43,131,0,0
7655,2024-11-14 23:00:00,213.45,electronics,web,CA,38,26,0,0
7656,2024-11-15 00:00:00,608.03,electronics,pos,MX,28,104,1,1
7657,2024-11-15 01:00:00,222.89,electronics,mobile,CA,22,570,1,1
7658,2024-11-15 02:00:00,26.21,grocery,mobile,CA,27,327,1,0
7659,2024-11-15 03:00:00,10.4,fuel,mobile,US,75,362,1,0
7660,2024-11-15 04:00:00,81.42,ecommerce,atm,IN,19,231,1,0
7661,2024-11-15 05:00:00,71.02,restaurant,web,MX,78,386,1,0
7662,2024-11-15 06:00:00,155.09,travel,atm,MX,32,337,0,0
7663,2024-11-15 07:00:00,28.95,restaurant,mobile,CA,59,550,0,0
7664,2024-11-15 08:00:00,39.7,grocery,pos,CA,35,478,0,0
7665,2024-11-15 09:00:00,5.07,fuel,mobile,CA,78,331,0,0
7666,2024-11-15 10:00:00,112.12,electronics,mobile,US,20,469,0,0
7667,2024-11-15 11:00:00,116.09,ecommerce,atm,MX,66,369,0,0
7668,2024-11-15 12:00:00,131.0,travel,pos,US,81,597,0,0
7669,2024-11-15 13:00:00,75.04,fuel,pos,CA,47,314,0,0
7670,2024-11-15 14:00:00,77.33,restaurant,mobile,CA,48,511,0,0
7671,2024-11-15 15:00:00,20.81,grocery,pos,CA,28,105,0,0
7672,2024-11-15 16:00:00,40.63,restaurant,mobile,MX,77,101,0,0
7673,2024-11-15 17:00:00,62.41,ecommerce,web,IN,83,187,0,0
7674,2024-11-15 18:00:00,5.0,fuel,pos,CA,51,494,0,0
7675,2024-11-15 19:00:00,23.07,fuel,pos,MX,65,531,0,0
7676,2024-11-15 20:00:00,23.75,ecommerce,mobile,MX,69,241,0,0
7677,2024-11-15 21:00:00,30.8,restaurant,pos,CA,42,266,0,0
7678,2024-11-15 22:00:00,50.47,restaurant,mobile,CA,18,294,0,0
7679,2024-11-15 23:00:00,22.44,restaurant,mobile,CA,26,122,0,0
7680,2024-11-16 00:00:00,12.14,restaurant,mobile,IN,78,322,1,0
7681,2024-11-16 01:00:00,168.49,travel,web,CA,72,497,1,0
7682,2024-11-16 02:00:00,246.21,fuel,pos,CA,24,451,1,0
7683,2024-11-16 03:00:00,5.0,restaurant,mobile,CA,72,52,1,0
7684,2024-11-16 04:00:00,40.39,grocery,pos,US,78,212,1,0
7685,2024-11-16 05:00:00,60.24,electronics,pos,CA,54,384,1,0
7686,2024-11-16 06:00:00,18.6,fuel,atm,IN,48,356,0,0
7687,2024-11-16 07:00:00,124.22,travel,pos,CA,85,420,0,0
7688,2024-11-16 08:00:00,44.06,ecommerce,pos,IN,77,449,0,0
7689,2024-11-16 09:00:00,103.23,ecommerce,atm,US,44,182,0,0
7690,2024-11-16 10:00:00,26.35,grocery,pos,CA,50,282,0,0
7691,2024-11-16 11:00:00,8.58,ecommerce,pos,MX,82,100,0,0
7692,2024-11-16 12:00:00,190.0,ecommerce,web,US,80,430,0,1
7693,2024-11-16 13:00:00,165.95,ecommerce,mobile,CA,60,269,0,1
7694,2024-11-16 14:00:00,34.79,ecommerce,mobile,MX,62,209,0,0
7695,2024-11-16 15:00:00,142.75,travel,mobile,US,68,453,0,0
7696,2024-11-16 16:00:00,179.67,ecommerce,atm,US,37,563,0,0
7697,2024-11-16 17:00:00,249.05,electronics,pos,MX,80,532,0,0
7698,2024-11-16 18:00:00,111.14,grocery,web,US,37,81,0,0
7699,2024-11-16 19:00:00,38.24,fuel,pos,CA,74,490,0,0
7700,2024-11-16 20:00:00,65.48,grocery,atm,CA,73,340,0,0
7701,2024-11-16 21:00:00,97.0,fuel,atm,CA,37,65,0,0
7702,2024-11-16 22:00:00,20.04,fuel,pos,US,72,233,0,0
7703,2024-11-16 23:00:00,202.93,travel,mobile,CA,76,133,0,1
7704,2024-11-17 00:00:00,8.7,ecommerce,mobile,CA,51,155,1,0
7705,2024-11-17 01:00:00,6.59,fuel,pos,GB,54,370,1,0
7706,2024-11-17 02:00:00,51.38,grocery,web,CA,52,242,1,0
7707,2024-11-17 03:00:00,49.12,fuel,atm,CA,21,426,1,0
7708,2024-11-17 04:00:00,42.38,ecommerce,pos,FR,54,484,1,0
7709,2024-11-17 05:00:00,79.08,travel,pos,MX,63,5,1,1
7710,2024-11-17 06:00:00,43.61,ecommerce,atm,GB,56,495,0,0
7711,2024-11-17 07:00:00,116.8,electronics,web,CA,51,85,0,0
7712,2024-11-17 08:00:00,7.49,ecommerce,web,US,52,3,0,0
7713,2024-11-17 09:00:00,91.32,ecommerce,mobile,IN,54,56,0,0
7714,2024-11-17 10:00:00,61.84,ecommerce,web,CA,81,30,0,0
7715,2024-11-17 11:00:00,40.93,grocery,pos,CA,45,205,0,0
7716,2024-11-17 12:00:00,24.42,fuel,pos,CA,33,504,0,0
7717,2024-11-17 13:00:00,28.3,electronics,mobile,FR,22,409,0,0
7718,2024-11-17 14:00:00,36.58,electronics,web,CA,77,265,0,0
7719,2024-11-17 15:00:00,236.62,ecommerce,mobile,CA,30,566,0,0
7720,2024-11-17 16:00:00,18.37,grocery,mobile,CA,46,292,0,0
7721,2024-11-17 17:00:00,56.48,restaurant,pos,IN,69,53,0,0
7722,2024-11-17 18:00:00,12.37,grocery,mobile,CA,30,11,0,0
7723,2024-11-17 19:00:00,59.25,ecommerce,mobile,CA,33,304,0,0
7724,2024-11-17 20:00:00,18.36,restaurant,atm,IN,61,135,0,0
7725,2024-11-17 21:00:00,46.37,ecommerce,pos,CA,60,223,0,0
7726,2024-11-17 22:00:00,24.12,grocery,pos,US,34,186,0,0
7727,2024-11-17 23:00:00,220.27,ecommerce,mobile,CA,54,239,0,0
7728,2024-11-18 00:00:00,773.58,travel,atm,CA,65,578,1,1
7729,2024-11-18 01:00:00,40.57,grocery,atm,CA,33,40,1,0
7730,2024-11-18 02:00:00,94.15,travel,web,CA,48,65,1,0
7731,2024-11-18 03:00:00,18.16,ecommerce,web,CA,37,173,1,0
7732,2024-11-18 04:00:00,17.07,ecommerce,pos,GB,81,446,1,0
7733,2024-11-18 05:00:00,221.35,ecommerce,mobile,CA,44,151,1,1
7734,2024-11-18 06:00:00,26.21,electronics,mobile,CA,76,149,0,0
7735,2024-11-18 07:00:00,40.41,ecommerce,mobile,MX,77,431,0,0
7736,2024-11-18 08:00:00,113.02,electronics,pos,IN,29,361,0,0
7737,2024-11-18 09:00:00,5.0,fuel,atm,CA,82,385,0,0
7738,2024-11-18 10:00:00,10.63,grocery,pos,CA,21,396,0,0
7739,2024-11-18 11:00:00,8.18,fuel,web,CA,44,382,0,0
7740,2024-11-18 12:00:00,15.0,fuel,web,FR,28,333,0,0
7741,2024-11-18 13:00:00,34.46,fuel,web,FR,21,312,0,0
7742,2024-11-18 14:00:00,247.84,electronics,mobile,CA,55,461,0,0
7743,2024-11-18 15:00:00,15.02,restaurant,web,CA,58,205,0,0
7744,2024-11-18 16:00:00,64.86,electronics,pos,CA,57,193,0,0
7745,2024-11-18 17:00:00,122.57,travel,pos,US,46,146,0,0
7746,2024-11-18 18:00:00,13.22,fuel,web,CA,71,499,0,0
7747,2024-11-18 19:00:00,198.8,travel,mobile,CA,51,6,0,0
7748,2024-11-18 20:00:00,89.94,ecommerce,web,CA,54,125,0,0
7749,2024-11-18 21:00:00,8.49,electronics,web,MX,48,88,0,0
7750,2024-11-18 22:00:00,48.54,restaurant,pos,IN,32,224,0,0
7751,2024-11-18 23:00:00,67.34,ecommerce,mobile,CA,62,132,0,0
7752,2024-11-19 00:00:00,34.46,restaurant,web,IN,74,303,1,0
7753,2024-11-19 01:00:00,78.92,restaurant,web,CA,38,586,1,0
7754,2024-11-19 02:00:00,12.03,ecommerce,web,US,49,256,1,0
7755,2024-11-19 03:00:00,8.82,restaurant,pos,FR,78,583,1,0
7756,2024-11-19 04:00:00,30.75,grocery,pos,US,32,185,1,0
7757,2024-11-19 05:00:00,5.0,grocery,pos,CA,46,461,1,0
7758,2024-11-19 06:00:00,49.64,ecommerce,mobile,CA,36,82,0,0
7759,2024-11-19 07:00:00,58.46,fuel,pos,GB,41,366,0,0
7760,2024-11-19 08:00:00,85.82,ecommerce,pos,US,49,451,0,0
7761,2024-11-19 09:00:00,29.31,restaurant,atm,CA,80,401,0,0
7762,2024-11-19 10:00:00,48.71,ecommerce,web,US,18,563,0,0
7763,2024-11-19 11:00:00,40.86,ecommerce,web,CA,42,360,0,0
7764,2024-11-19 12:00:00,88.18,travel,web,CA,76,352,0,0
7765,2024-11-19 13:00:00,40.25,grocery,pos,GB,23,388,0,0
7766,2024-11-19 14:00:00,24.34,electronics,pos,CA,52,212,0,0
7767,2024-11-19 15:00:00,224.1,ecommerce,mobile,CA,28,131,0,0
7768,2024-11-19 16:00:00,14.05,restaurant,web,CA,56,544,0,0
7769,2024-11-19 17:00:00,162.34,electronics,mobile,IN,66,586,0,1
7770,2024-11-19 18:00:00,35.22,grocery,atm,CA,61,559,0,0
7771,2024-11-19 19:00:00,11.6,grocery,pos,CA,56,454,0,0
7772,2024-11-19 20:00:00,104.85,grocery,mobile,CA,68,134,0,0
7773,2024-11-19 21:00:00,72.25,restaurant,pos,CA,54,140,0,0
7774,2024-11-19 22:00:00,23.91,electronics,web,CA,59,186,0,0
7775,2024-11-19 23:00:00,56.21,ecommerce,mobile,CA,23,308,0,0
7776,2024-11-20 00:00:00,39.48,grocery,pos,CA,19,141,1,0
7777,2024-11-20 01:00:00,5.0,restaurant,atm,US,29,474,1,0
7778,2024-11-20 02:00:00,5.0,grocery,web,CA,54,50,1,0
7779,2024-11-20 03:00:00,46.41,electronics,web,CA,44,547,1,0
7780,2024-11-20 04:00:00,30.14,electronics,pos,MX,42,271,1,0
7781,2024-11-20 05:00:00,23.48,ecommerce,web,CA,48,230,1,0
7782,2024-11-20 06:00:00,8.37,fuel,web,CA,85,270,0,0
7783,2024-11-20 07:00:00,53.79,ecommerce,pos,IN,43,290,0,0
7784,2024-11-20 08:00:00,26.9,ecommerce,web,US,48,331,0,0
7785,2024-11-20 09:00:00,74.4,restaurant,pos,US,52,186,0,0
7786,2024-11-20 10:00:00,115.59,electronics,atm,CA,70,182,0,0
7787,2024-11-20 11:00:00,55.8,restaurant,pos,IN,67,226,0,0
7788,2024-11-20 12:00:00,5.97,fuel,web,CA,84,93,0,0
7789,2024-11-20 13:00:00,34.12,ecommerce,mobile,CA,61,136,0,0
7790,2024-11-20 14:00:00,111.09,electronics,mobile,GB,82,251,0,0
7791,2024-11-20 15:00:00,41.04,fuel,mobile,CA,59,17,0,0
7792,2024-11-20 16:00:00,18.29,grocery,atm,US,54,252,0,0
7793,2024-11-20 17:00:00,38.26,ecommerce,pos,CA,55,250,0,0
7794,2024-11-20 18:00:00,95.96,travel,web,CA,50,1,0,0
7795,2024-11-20 19:00:00,75.17,electronics,mobile,US,31,282,0,0
7796,2024-11-20 20:00:00,421.19,ecommerce,pos,CA,42,397,0,0
7797,2024-11-20 21:00:00,36.19,restaurant,mobile,US,59,468,0,0
7798,2024-11-20 22:00:00,62.25,ecommerce,pos,CA,59,232,0,0
7799,2024-11-20 23:00:00,19.34,ecommerce,atm,CA,28,314,0,0
7800,2024-11-21 00:00:00,10.78,grocery,mobile,MX,72,47,1,0
7801,2024-11-21 01:00:00,81.12,electronics,web,CA,66,196,1,1
7802,2024-11-21 02:00:00,166.11,ecommerce,web,US,53,398,1,1
7803,2024-11-21 03:00:00,22.82,fuel,atm,CA,48,278,1,0
7804,2024-11-21 04:00:00,52.18,ecommerce,mobile,CA,55,573,1,0
7805,2024-11-21 05:00:00,50.3,electronics,mobile,CA,57,478,1,0
7806,2024-11-21 06:00:00,20.5,electronics,mobile,GB,47,545,0,0
7807,2024-11-21 07:00:00,88.99,ecommerce,pos,CA,76,289,0,0
7808,2024-11-21 08:00:00,21.71,restaurant,pos,CA,28,46,0,0
7809,2024-11-21 09:00:00,48.94,grocery,pos,IN,43,333,0,0
7810,2024-11-21 10:00:00,37.65,grocery,mobile,CA,45,568,0,0
7811,2024-11-21 11:00:00,57.32,travel,web,GB,24,103,0,0
7812,2024-11-21 12:00:00,120.38,electronics,pos,CA,24,577,0,0
7813,2024-11-21 13:00:00,18.79,ecommerce,atm,CA,78,4,0,0
7814,2024-11-21 14:00:00,33.2,fuel,pos,CA,70,369,0,0
7815,2024-11-21 15:00:00,56.76,ecommerce,mobile,CA,42,558,0,0
7816,2024-11-21 16:00:00,109.22,fuel,web,MX,36,126,0,0
7817,2024-11-21 17:00:00,62.56,travel,web,CA,45,161,0,0
7818,2024-11-21 18:00:00,8.27,restaurant,pos,CA,65,485,0,0
7819,2024-11-21 19:00:00,18.82,fuel,mobile,GB,38,208,0,0
7820,2024-11-21 20:00:00,236.15,travel,mobile,US,22,393,0,0
7821,2024-11-21 21:00:00,5.0,fuel,pos,CA,46,69,0,0
7822,2024-11-21 22:00:00,132.06,ecommerce,web,CA,58,403,0,1
7823,2024-11-21 23:00:00,49.78,ecommerce,web,CA,53,308,0,0
7824,2024-11-22 00:00:00,9.77,restaurant,web,IN,29,300,1,0
7825,2024-11-22 01:00:00,23.53,grocery,web,US,75,442,1,0
7826,2024-11-22 02:00:00,50.44,electronics,web,US,60,269,1,0
7827,2024-11-22 03:00:00,10.88,grocery,mobile,CA,66,412,1,0
7828,2024-11-22 04:00:00,17.17,electronics,mobile,CA,83,256,1,0
7829,2024-11-22 05:00:00,63.22,grocery,pos,CA,52,514,1,0
7830,2024-11-22 06:00:00,16.5,restaurant,mobile,CA,57,334,0,0
7831,2024-11-22 07:00:00,69.09,electronics,pos,CA,69,172,0,0
7832,2024-11-22 08:00:00,70.07,grocery,atm,CA,70,528,0,0
7833,2024-11-22 09:00:00,103.34,electronics,web,CA,75,189,0,0
7834,2024-11-22 10:00:00,33.54,travel,pos,CA,65,566,0,0
7835,2024-11-22 11:00:00,110.04,ecommerce,mobile,CA,21,580,0,0
7836,2024-11-22 12:00:00,228.32,ecommerce,pos,CA,41,335,0,0
7837,2024-11-22 13:00:00,154.56,electronics,mobile,GB,58,274,0,0
7838,2024-11-22 14:00:00,45.12,electronics,atm,US,48,159,0,0
7839,2024-11-22 15:00:00,15.96,ecommerce,mobile,CA,20,501,0,0
7840,2024-11-22 16:00:00,12.13,restaurant,web,GB,36,161,0,0
7841,2024-11-22 17:00:00,65.89,ecommerce,web,CA,38,367,0,0
7842,2024-11-22 18:00:00,118.25,grocery,web,CA,20,483,0,0
7843,2024-11-22 19:00:00,68.91,travel,pos,FR,69,108,0,0
7844,2024-11-22 20:00:00,18.27,grocery,atm,CA,43,103,0,0
7845,2024-11-22 21:00:00,150.6,ecommerce,pos,US,71,575,0,0
7846,2024-11-22 22:00:00,18.47,fuel,pos,CA,77,593,0,0
7847,2024-11-22 23:00:00,280.87,ecommerce,pos,CA,78,194,0,0
7848,2024-11-23 00:00:00,28.67,grocery,atm,CA,79,139,1,0
7849,2024-11-23 01:00:00,281.12,electronics,atm,CA,51,385,1,0
7850,2024-11-23 02:00:00,38.53,fuel,pos,CA,34,350,1,0
7851,2024-11-23 03:00:00,185.71,electronics,pos,CA,23,152,1,0
7852,2024-11-23 04:00:00,116.39,travel,mobile,CA,60,129,1,1
7853,2024-11-23 05:00:00,24.69,fuel,web,CA,26,345,1,0
7854,2024-11-23 06:00:00,87.56,ecommerce,atm,CA,34,165,0,0
7855,2024-11-23 07:00:00,201.57,electronics,atm,CA,34,325,0,0
7856,2024-11-23 08:00:00,52.6,grocery,mobile,CA,36,413,0,0
7857,2024-11-23 09:00:00,12.24,ecommerce,pos,CA,43,156,0,0
7858,2024-11-23 10:00:00,34.42,restaurant,mobile,MX,40,343,0,0
7859,2024-11-23 11:00:00,54.43,electronics,atm,IN,53,594,0,0
7860,2024-11-23 12:00:00,83.51,travel,web,CA,83,323,0,0
7861,2024-11-23 13:00:00,49.45,grocery,mobile,CA,61,84,0,0
7862,2024-11-23 14:00:00,151.0,grocery,web,FR,63,441,0,0
7863,2024-11-23 15:00:00,22.15,fuel,atm,US,29,266,0,0
7864,2024-11-23 16:00:00,580.2,electronics,mobile,IN,25,430,0,0
7865,2024-11-23 17:00:00,10.17,fuel,pos,MX,30,18,0,0
7866,2024-11-23 18:00:00,99.26,grocery,web,MX,75,427,0,0
7867,2024-11-23 19:00:00,48.27,grocery,pos,CA,29,410,0,0
7868,2024-11-23 20:00:00,164.68,travel,web,CA,84,2,0,0
7869,2024-11-23 21:00:00,341.26,electronics,atm,US,69,277,0,1
7870,2024-11-23 22:00:00,18.47,grocery,pos,CA,74,282,0,0
7871,2024-11-23 23:00:00,103.44,grocery,atm,GB,38,336,0,0
7872,2024-11-24 00:00:00,49.79,ecommerce,pos,IN,28,370,1,0
7873,2024-11-24 01:00:00,18.38,grocery,mobile,CA,29,419,1,0
7874,2024-11-24 02:00:00,8.27,fuel,atm,CA,76,549,1,0
7875,2024-11-24 03:00:00,136.45,grocery,mobile,FR,47,459,1,1
7876,2024-11-24 04:00:00,381.24,travel,mobile,FR,45,186,1,0
7877,2024-11-24 05:00:00,63.91,electronics,atm,GB,34,580,1,0
7878,2024-11-24 06:00:00,44.6,restaurant,mobile,US,42,287,0,0
7879,2024-11-24 07:00:00,30.59,restaurant,mobile,IN,43,519,0,0
7880,2024-11-24 08:00:00,43.71,ecommerce,pos,CA,68,291,0,0
7881,2024-11-24 09:00:00,78.06,grocery,web,CA,74,194,0,0
7882,2024-11-24 10:00:00,34.21,ecommerce,pos,CA,49,434,0,0
7883,2024-11-24 11:00:00,13.67,electronics,mobile,CA,40,437,0,0
7884,2024-11-24 12:00:00,41.39,grocery,mobile,GB,48,72,0,0
7885,2024-11-24 13:00:00,63.78,ecommerce,web,CA,29,45,0,0
7886,2024-11-24 14:00:00,35.21,ecommerce,atm,US,22,455,0,0
7887,2024-11-24 15:00:00,14.67,grocery,pos,CA,33,81,0,0
7888,2024-11-24 16:00:00,24.15,electronics,atm,MX,19,275,0,0
7889,2024-11-24 17:00:00,98.48,travel,pos,CA,20,276,0,0
7890,2024-11-24 18:00:00,12.42,fuel,pos,CA,34,264,0,0
7891,2024-11-24 19:00:00,65.03,restaurant,mobile,CA,79,276,0,0
7892,2024-11-24 20:00:00,52.14,grocery,pos,CA,30,571,0,0
7893,2024-11-24 21:00:00,21.18,grocery,mobile,CA,65,303,0,0
7894,2024-11-24 22:00:00,96.14,ecommerce,mobile,US,28,521,0,1
7895,2024-11-24 23:00:00,123.91,travel,mobile,CA,49,285,0,0
7896,2024-11-25 00:00:00,107.1,travel,pos,IN,59,283,1,0
7897,2024-11-25 01:00:00,31.18,grocery,pos,FR,56,385,1,0
7898,2024-11-25 02:00:00,134.43,restaurant,pos,CA,72,140,1,1
7899,2024-11-25 03:00:00,107.22,ecommerce,web,CA,35,573,1,0
7900,2024-11-25 04:00:00,45.91,ecommerce,pos,CA,68,560,1,0
7901,2024-11-25 05:00:00,305.14,travel,pos,CA,45,103,1,0
7902,2024-11-25 06:00:00,59.08,restaurant,mobile,CA,48,88,0,0
7903,2024-11-25 07:00:00,172.44,travel,atm,FR,39,214,0,0
7904,2024-11-25 08:00:00,20.31,restaurant,mobile,IN,85,114,0,0
7905,2024-11-25 09:00:00,22.97,grocery,pos,CA,74,44,0,0
7906,2024-11-25 10:00:00,51.87,travel,web,GB,49,485,0,0
7907,2024-11-25 11:00:00,115.61,electronics,pos,FR,68,120,0,0
7908,2024-11-25 12:00:00,15.77,fuel,web,CA,80,221,0,0
7909,2024-11-25 13:00:00,40.54,ecommerce,web,FR,37,593,0,0
7910,2024-11-25 14:00:00,47.87,restaurant,atm,IN,40,239,0,0
7911,2024-11-25 15:00:00,149.55,grocery,mobile,IN,69,23,0,0
7912,2024-11-25 16:00:00,84.11,ecommerce,pos,MX,37,146,0,0
7913,2024-11-25 17:00:00,24.83,restaurant,mobile,CA,24,128,0,0
7914,2024-11-25 18:00:00,26.84,restaurant,atm,CA,58,334,0,0
7915,2024-11-25 19:00:00,76.02,restaurant,pos,IN,31,256,0,0
7916,2024-11-25 20:00:00,38.7,restaurant,mobile,CA,57,46,0,0
7917,2024-11-25 21:00:00,39.0,grocery,pos,CA,25,175,0,0
7918,2024-11-25 22:00:00,34.64,restaurant,pos,CA,50,281,0,0
7919,2024-11-25 23:00:00,16.6,ecommerce,mobile,CA,34,327,0,0
7920,2024-11-26 00:00:00,193.97,travel,pos,CA,53,250,1,0
7921,2024-11-26 01:00:00,27.32,ecommerce,mobile,GB,33,595,1,0
7922,2024-11-26 02:00:00,140.16,electronics,pos,CA,35,295,1,0
7923,2024-11-26 03:00:00,14.09,fuel,web,CA,79,423,1,0
7924,2024-11-26 04:00:00,46.47,restaurant,web,CA,84,343,1,0
7925,2024-11-26 05:00:00,28.54,grocery,mobile,US,40,243,1,0
7926,2024-11-26 06:00:00,11.69,grocery,mobile,GB,61,17,0,0
7927,2024-11-26 07:00:00,21.02,fuel,mobile,FR,42,410,0,0
7928,2024-11-26 08:00:00,238.52,grocery,web,FR,29,516,0,0
7929,2024-11-26 09:00:00,12.71,electronics,pos,CA,24,524,0,0
7930,2024-11-26 10:00:00,69.76,ecommerce,mobile,FR,78,476,0,1
7931,2024-11-26 11:00:00,10.99,fuel,web,CA,22,137,0,0
7932,2024-11-26 12:00:00,113.11,grocery,pos,US,51,271,0,0
7933,2024-11-26 13:00:00,68.3,grocery,atm,MX,32,430,0,0
7934,2024-11-26 14:00:00,161.36,travel,pos,CA,69,439,0,0
7935,2024-11-26 15:00:00,137.14,ecommerce,pos,CA,27,368,0,0
7936,2024-11-26 16:00:00,40.82,grocery,atm,MX,57,29,0,0
7937,2024-11-26 17:00:00,60.39,ecommerce,web,CA,41,441,0,0
7938,2024-11-26 18:00:00,19.11,grocery,mobile,MX,53,339,0,0
7939,2024-11-26 19:00:00,98.64,travel,pos,CA,30,50,0,0
7940,2024-11-26 20:00:00,21.57,grocery,web,US,25,323,0,0
7941,2024-11-26 21:00:00,60.62,ecommerce,mobile,FR,30,440,0,0
7942,2024-11-26 22:00:00,17.9,electronics,pos,CA,57,562,0,0
7943,2024-11-26 23:00:00,68.96,fuel,mobile,CA,62,473,0,0
7944,2024-11-27 00:00:00,787.19,travel,pos,US,79,157,1,1
7945,2024-11-27 01:00:00,40.7,ecommerce,pos,CA,82,413,1,0
7946,2024-11-27 02:00:00,78.6,restaurant,pos,CA,69,405,1,0
7947,2024-11-27 03:00:00,53.23,ecommerce,pos,MX,18,118,1,1
7948,2024-11-27 04:00:00,34.93,ecommerce,pos,CA,65,498,1,0
7949,2024-11-27 05:00:00,19.36,restaurant,mobile,US,65,96,1,1
7950,2024-11-27 06:00:00,147.44,travel,web,CA,66,450,0,0
7951,2024-11-27 07:00:00,71.32,travel,pos,CA,62,443,0,0
7952,2024-11-27 08:00:00,47.11,restaurant,web,CA,64,577,0,0
7953,2024-11-27 09:00:00,20.53,grocery,pos,IN,57,389,0,0
7954,2024-11-27 10:00:00,37.41,electronics,web,CA,60,43,0,0
7955,2024-11-27 11:00:00,134.07,travel,mobile,CA,65,591,0,0
7956,2024-11-27 12:00:00,32.16,ecommerce,mobile,CA,20,230,0,0
7957,2024-11-27 13:00:00,44.73,ecommerce,mobile,US,52,273,0,1
7958,2024-11-27 14:00:00,31.2,grocery,pos,US,26,521,0,0
7959,2024-11-27 15:00:00,8.18,restaurant,pos,CA,81,137,0,0
7960,2024-11-27 16:00:00,121.77,grocery,mobile,CA,85,398,0,0
7961,2024-11-27 17:00:00,124.8,ecommerce,web,CA,28,462,0,0
7962,2024-11-27 18:00:00,55.74,electronics,web,US,78,318,0,0
7963,2024-11-27 19:00:00,96.6,electronics,atm,GB,50,449,0,0
7964,2024-11-27 20:00:00,58.05,grocery,pos,US,63,428,0,0
7965,2024-11-27 21:00:00,118.58,electronics,mobile,MX,62,314,0,1
7966,2024-11-27 22:00:00,148.22,fuel,web,CA,26,55,0,0
7967,2024-11-27 23:00:00,22.02,restaurant,pos,US,79,448,0,0
7968,2024-11-28 00:00:00,95.51,grocery,pos,US,61,474,1,0
7969,2024-11-28 01:00:00,9.86,grocery,web,CA,51,186,1,0
7970,2024-11-28 02:00:00,47.16,travel,pos,IN,59,491,1,1
7971,2024-11-28 03:00:00,149.19,grocery,mobile,CA,84,129,1,0
7972,2024-11-28 04:00:00,18.51,fuel,mobile,US,62,102,1,0
7973,2024-11-28 05:00:00,11.46,grocery,web,US,62,75,1,0
7974,2024-11-28 06:00:00,94.14,electronics,web,FR,77,331,0,0
7975,2024-11-28 07:00:00,85.15,restaurant,web,CA,65,174,0,0
7976,2024-11-28 08:00:00,49.43,electronics,web,FR,27,417,0,0
7977,2024-11-28 09:00:00,26.29,restaurant,mobile,CA,73,393,0,0
7978,2024-11-28 10:00:00,5.14,restaurant,pos,CA,79,256,0,0
7979,2024-11-28 11:00:00,17.9,fuel,atm,FR,67,155,0,0
7980,2024-11-28 12:00:00,147.35,ecommerce,pos,CA,28,550,0,0
7981,2024-11-28 13:00:00,13.48,restaurant,pos,US,53,530,0,0
7982,2024-11-28 14:00:00,8.69,restaurant,mobile,CA,21,208,0,0
7983,2024-11-28 15:00:00,13.58,restaurant,pos,IN,70,150,0,0
7984,2024-11-28 16:00:00,56.77,electronics,pos,GB,83,483,0,0
7985,2024-11-28 17:00:00,65.2,grocery,pos,CA,20,411,0,0
7986,2024-11-28 18:00:00,38.42,restaurant,mobile,GB,25,274,0,0
7987,2024-11-28 19:00:00,45.72,restaurant,web,CA,81,317,0,0
7988,2024-11-28 20:00:00,140.03,travel,pos,US,72,435,0,0
7989,2024-11-28 21:00:00,15.63,restaurant,web,GB,73,127,0,0
7990,2024-11-28 22:00:00,13.57,fuel,pos,MX,32,598,0,0
7991,2024-11-28 23:00:00,40.28,restaurant,atm,US,61,334,0,0
7992,2024-11-29 00:00:00,136.9,grocery,pos,GB,74,76,1,1
7993,2024-11-29 01:00:00,11.71,restaurant,web,US,22,573,1,0
7994,2024-11-29 02:00:00,13.1,grocery,web,IN,37,598,1,0
7995,2024-11-29 03:00:00,21.61,ecommerce,web,CA,38,567,1,0
7996,2024-11-29 04:00:00,69.24,grocery,atm,CA,54,419,1,0
7997,2024-11-29 05:00:00,26.28,fuel,pos,GB,35,175,1,0
7998,2024-11-29 06:00:00,99.0,ecommerce,mobile,CA,41,318,0,0
7999,2024-11-29 07:00:00,17.28,restaurant,web,CA,35,322,0,0
